{"type":"FeatureCollection","generated":"2026-09-02","sources":[{"name":"Geoportal del Ayuntamiento de Madrid","url":"https://geoportal.madrid.es/fsdescargas/IDEAM_WBGEOPORTAL/LIMITES_ADMINISTRATIVOS/Barrios/TopoJSON/Barrios.json"},{"name":"IGN-CNIG, WFS INSPIRE Unidades Administrativas","url":"https://contenido.ign.es/wfs-inspire/unidades-administrativas"}],"features":[{"type":"Feature","id":"barrio-011","properties":{"nombre":"Palacio","tipo":"barrio","contexto":"Distrito Centro · Madrid","aliases":["Madrid de los Austrias","La Latina"]},"geometry":{"type":"Polygon","coordinates":[[[-3.705928,40.420288],[-3.710889,40.423438],[-3.713049,40.422188],[-3.713389,40.421828],[-3.715509,40.420418],[-3.718059,40.420298],[-3.720189,40.420258],[-3.720699,40.419468],[-3.722049,40.418458],[-3.722379,40.417178],[-3.722849,40.415338],[-3.722949,40.413998],[-3.716929,40.413918],[-3.718329,40.411118],[-3.716759,40.408708],[-3.711669,40.406668],[-3.711049,40.408008],[-3.708229,40.411448],[-3.707539,40.412798],[-3.707479,40.413528],[-3.708259,40.413718],[-3.708039,40.414518],[-3.708439,40.415278],[-3.708819,40.415568],[-3.708689,40.415958],[-3.708759,40.416318],[-3.708639,40.416358],[-3.708729,40.417008],[-3.708589,40.417778],[-3.708789,40.417808],[-3.708199,40.418878],[-3.707919,40.419858],[-3.708119,40.420228],[-3.706338,40.420168],[-3.705928,40.420278],[-3.705928,40.420288]]]}},{"type":"Feature","id":"barrio-012","properties":{"nombre":"Embajadores","tipo":"barrio","contexto":"Distrito Centro · Madrid","aliases":["Lavapiés","El Rastro"]},"geometry":{"type":"Polygon","coordinates":[[[-3.703928,40.414308],[-3.704728,40.413948],[-3.706338,40.413968],[-3.707479,40.413528],[-3.707539,40.412798],[-3.708229,40.411448],[-3.711049,40.408008],[-3.711679,40.406668],[-3.703888,40.405208],[-3.702558,40.405088],[-3.694118,40.407268],[-3.693248,40.406978],[-3.693028,40.407558],[-3.692568,40.408008],[-3.691858,40.408438],[-3.692028,40.408698],[-3.691938,40.409088],[-3.695748,40.410668],[-3.700008,40.412828],[-3.703918,40.414298],[-3.703928,40.414308]]]}},{"type":"Feature","id":"barrio-013","properties":{"nombre":"Cortes","tipo":"barrio","contexto":"Distrito Centro · Madrid","aliases":["Barrio de las Letras","Las Letras","Huertas"]},"geometry":{"type":"Polygon","coordinates":[[[-3.693088,40.419338],[-3.696538,40.418738],[-3.699668,40.419758],[-3.699728,40.419288],[-3.699298,40.417898],[-3.699548,40.417798],[-3.700758,40.416258],[-3.703118,40.414508],[-3.703428,40.414688],[-3.703918,40.414288],[-3.700008,40.412828],[-3.695748,40.410668],[-3.691938,40.409078],[-3.692368,40.410198],[-3.693638,40.415888],[-3.693168,40.418488],[-3.692978,40.418888],[-3.693098,40.419338],[-3.693088,40.419338]]]}},{"type":"Feature","id":"barrio-014","properties":{"nombre":"Justicia","tipo":"barrio","contexto":"Distrito Centro · Madrid","aliases":["Chueca"]},"geometry":{"type":"Polygon","coordinates":[[[-3.699668,40.419758],[-3.696538,40.418738],[-3.693088,40.419338],[-3.690448,40.425268],[-3.691398,40.425478],[-3.695768,40.427638],[-3.702408,40.429048],[-3.700898,40.425368],[-3.700668,40.424178],[-3.700698,40.423048],[-3.701598,40.420008],[-3.699678,40.419758],[-3.699668,40.419758]]]}},{"type":"Feature","id":"barrio-015","properties":{"nombre":"Universidad","tipo":"barrio","contexto":"Distrito Centro · Madrid","aliases":["Malasaña","Maravillas","Conde Duque"]},"geometry":{"type":"Polygon","coordinates":[[[-3.701598,40.420008],[-3.700698,40.423048],[-3.700668,40.424178],[-3.700898,40.425368],[-3.702408,40.429058],[-3.705808,40.429598],[-3.711869,40.430198],[-3.716229,40.430658],[-3.711699,40.424288],[-3.710889,40.423418],[-3.705928,40.420288],[-3.701588,40.420018],[-3.701598,40.420008]]]}},{"type":"Feature","id":"barrio-016","properties":{"nombre":"Sol","tipo":"barrio","contexto":"Distrito Centro · Madrid","aliases":["Callao"]},"geometry":{"type":"Polygon","coordinates":[[[-3.701588,40.420018],[-3.705928,40.420288],[-3.706338,40.420168],[-3.708119,40.420228],[-3.707919,40.419858],[-3.708199,40.418878],[-3.708789,40.417808],[-3.708589,40.417778],[-3.708729,40.417008],[-3.708639,40.416358],[-3.708759,40.416318],[-3.708689,40.415958],[-3.708819,40.415568],[-3.708439,40.415278],[-3.708039,40.414518],[-3.708259,40.413718],[-3.707479,40.413518],[-3.706338,40.413968],[-3.704728,40.413948],[-3.703928,40.414308],[-3.703428,40.414688],[-3.703118,40.414508],[-3.700758,40.416258],[-3.699548,40.417798],[-3.699298,40.417898],[-3.699728,40.419288],[-3.699668,40.419758],[-3.701588,40.420018]]]}},{"type":"Feature","id":"barrio-021","properties":{"nombre":"Imperial","tipo":"barrio","contexto":"Distrito Arganzuela · Madrid"},"geometry":{"type":"Polygon","coordinates":[[[-3.714899,40.399667],[-3.711679,40.406668],[-3.716759,40.408708],[-3.718329,40.411118],[-3.716929,40.413918],[-3.722949,40.413988],[-3.722909,40.412018],[-3.722599,40.411388],[-3.721809,40.408518],[-3.722649,40.405828],[-3.722719,40.404548],[-3.722219,40.401967],[-3.721709,40.400957],[-3.721129,40.400527],[-3.719989,40.399957],[-3.719319,40.399847],[-3.716429,40.399997],[-3.714909,40.399677],[-3.714899,40.399667]]]}},{"type":"Feature","id":"barrio-022","properties":{"nombre":"Acacias","tipo":"barrio","contexto":"Distrito Arganzuela · Madrid","aliases":["Pirámides"]},"geometry":{"type":"Polygon","coordinates":[[[-3.702558,40.405088],[-3.703888,40.405208],[-3.711679,40.406668],[-3.714899,40.399667],[-3.714049,40.399347],[-3.713439,40.398957],[-3.712159,40.397877],[-3.710799,40.396997],[-3.708219,40.396097],[-3.704638,40.395227],[-3.699338,40.401027],[-3.702558,40.405068],[-3.702558,40.405088]]]}},{"type":"Feature","id":"barrio-023","properties":{"nombre":"Chopera","tipo":"barrio","contexto":"Distrito Arganzuela · Madrid"},"geometry":{"type":"Polygon","coordinates":[[[-3.695108,40.391147],[-3.694748,40.394217],[-3.699338,40.401037],[-3.704638,40.395237],[-3.703378,40.394457],[-3.702398,40.393647],[-3.698088,40.389097],[-3.695108,40.391147]]]}},{"type":"Feature","id":"barrio-024","properties":{"nombre":"Legazpi","tipo":"barrio","contexto":"Distrito Arganzuela · Madrid","aliases":["Matadero"]},"geometry":{"type":"Polygon","coordinates":[[[-3.679658,40.395147],[-3.681158,40.394567],[-3.683968,40.393027],[-3.684698,40.394147],[-3.687148,40.392767],[-3.687788,40.393867],[-3.688978,40.393347],[-3.688898,40.393187],[-3.695128,40.391147],[-3.698088,40.389097],[-3.692148,40.384117],[-3.689738,40.382337],[-3.688218,40.382977],[-3.684308,40.383787],[-3.683598,40.383997],[-3.683148,40.384277],[-3.682338,40.385117],[-3.679138,40.389987],[-3.678278,40.390907],[-3.676438,40.392327],[-3.679658,40.395137],[-3.679658,40.395147]]]}},{"type":"Feature","id":"barrio-025","properties":{"nombre":"Delicias","tipo":"barrio","contexto":"Distrito Arganzuela · Madrid"},"geometry":{"type":"Polygon","coordinates":[[[-3.685488,40.400397],[-3.699348,40.401027],[-3.694748,40.394217],[-3.695108,40.391147],[-3.688898,40.393187],[-3.688978,40.393347],[-3.687788,40.393867],[-3.687148,40.392767],[-3.684698,40.394147],[-3.683968,40.393027],[-3.681158,40.394567],[-3.679658,40.395147],[-3.685478,40.400397],[-3.685488,40.400397]]]}},{"type":"Feature","id":"barrio-026","properties":{"nombre":"Palos de la Frontera","tipo":"barrio","contexto":"Distrito Arganzuela · Madrid"},"geometry":{"type":"Polygon","coordinates":[[[-3.685488,40.400397],[-3.692958,40.407198],[-3.693008,40.407578],[-3.693248,40.406978],[-3.694118,40.407268],[-3.702548,40.405068],[-3.699338,40.401037],[-3.685488,40.400397]]]}},{"type":"Feature","id":"barrio-027","properties":{"nombre":"Atocha","tipo":"barrio","contexto":"Distrito Arganzuela · Madrid","aliases":["Méndez Álvaro"]},"geometry":{"type":"Polygon","coordinates":[[[-3.688868,40.406538],[-3.691848,40.408438],[-3.692568,40.408008],[-3.693008,40.407568],[-3.692958,40.407198],[-3.685488,40.400397],[-3.679658,40.395147],[-3.676448,40.392327],[-3.674538,40.393747],[-3.673518,40.394307],[-3.674428,40.396577],[-3.675048,40.397537],[-3.675698,40.398217],[-3.676788,40.398957],[-3.679048,40.400797],[-3.682288,40.402367],[-3.682518,40.402357],[-3.684668,40.403228],[-3.686698,40.404638],[-3.688868,40.406548],[-3.688868,40.406538]]]}},{"type":"Feature","id":"barrio-031","properties":{"nombre":"Pacífico","tipo":"barrio","contexto":"Distrito Retiro · Madrid"},"geometry":{"type":"Polygon","coordinates":[[[-3.676798,40.398957],[-3.674838,40.401307],[-3.670548,40.405998],[-3.670218,40.406668],[-3.678818,40.407498],[-3.685598,40.406398],[-3.686498,40.406428],[-3.688608,40.406988],[-3.688858,40.406538],[-3.686698,40.404638],[-3.684668,40.403228],[-3.682518,40.402357],[-3.682288,40.402367],[-3.679048,40.400797],[-3.676798,40.398957]]]}},{"type":"Feature","id":"barrio-032","properties":{"nombre":"Adelfas","tipo":"barrio","contexto":"Distrito Retiro · Madrid"},"geometry":{"type":"Polygon","coordinates":[[[-3.673518,40.394317],[-3.672038,40.395317],[-3.669247,40.398337],[-3.668277,40.399637],[-3.666787,40.402627],[-3.665217,40.406338],[-3.670218,40.406658],[-3.670548,40.405998],[-3.674838,40.401307],[-3.676798,40.398957],[-3.675698,40.398217],[-3.675048,40.397537],[-3.674428,40.396577],[-3.673518,40.394317]]]}},{"type":"Feature","id":"barrio-033","properties":{"nombre":"Estrella","tipo":"barrio","contexto":"Distrito Retiro · Madrid"},"geometry":{"type":"Polygon","coordinates":[[[-3.665207,40.406338],[-3.664087,40.408528],[-3.662927,40.410968],[-3.659447,40.416548],[-3.658977,40.417448],[-3.658697,40.418678],[-3.668997,40.421198],[-3.669367,40.416568],[-3.670228,40.406658],[-3.665207,40.406338]]]}},{"type":"Feature","id":"barrio-034","properties":{"nombre":"Ibiza","tipo":"barrio","contexto":"Distrito Retiro · Madrid"},"geometry":{"type":"Polygon","coordinates":[[[-3.669367,40.416568],[-3.668997,40.421188],[-3.679958,40.421658],[-3.677768,40.415458],[-3.671588,40.416388],[-3.671558,40.416688],[-3.669357,40.416578],[-3.669367,40.416568]]]}},{"type":"Feature","id":"barrio-035","properties":{"nombre":"Los Jerónimos","tipo":"barrio","contexto":"Distrito Retiro · Madrid","aliases":["Jerónimos"]},"geometry":{"type":"Polygon","coordinates":[[[-3.678828,40.407498],[-3.676898,40.410288],[-3.676288,40.411398],[-3.677768,40.415468],[-3.679958,40.421658],[-3.688698,40.419988],[-3.693078,40.419328],[-3.692978,40.418888],[-3.693168,40.418488],[-3.693638,40.415888],[-3.692368,40.410198],[-3.691938,40.409078],[-3.692028,40.408698],[-3.691858,40.408438],[-3.688868,40.406538],[-3.688608,40.406988],[-3.686498,40.406428],[-3.685598,40.406398],[-3.678828,40.407498]]]}},{"type":"Feature","id":"barrio-036","properties":{"nombre":"Niño Jesús","tipo":"barrio","contexto":"Distrito Retiro · Madrid"},"geometry":{"type":"Polygon","coordinates":[[[-3.670228,40.406658],[-3.669367,40.416568],[-3.671558,40.416688],[-3.671588,40.416388],[-3.677768,40.415468],[-3.676288,40.411398],[-3.676898,40.410288],[-3.678828,40.407498],[-3.670218,40.406658],[-3.670228,40.406658]]]}},{"type":"Feature","id":"barrio-041","properties":{"nombre":"Recoletos","tipo":"barrio","contexto":"Distrito Salamanca · Madrid","aliases":["Milla de Oro"]},"geometry":{"type":"Polygon","coordinates":[[[-3.693078,40.419328],[-3.688698,40.419988],[-3.679958,40.421658],[-3.680348,40.422728],[-3.679848,40.428918],[-3.689358,40.429388],[-3.690458,40.425268],[-3.693088,40.419338],[-3.693078,40.419328]]]}},{"type":"Feature","id":"barrio-042","properties":{"nombre":"Goya","tipo":"barrio","contexto":"Distrito Salamanca · Madrid"},"geometry":{"type":"Polygon","coordinates":[[[-3.668997,40.421188],[-3.668487,40.426978],[-3.668687,40.428128],[-3.669107,40.428368],[-3.679838,40.428918],[-3.680348,40.422728],[-3.679958,40.421658],[-3.668997,40.421188]]]}},{"type":"Feature","id":"barrio-043","properties":{"nombre":"Fuente del Berro","tipo":"barrio","contexto":"Distrito Salamanca · Madrid"},"geometry":{"type":"Polygon","coordinates":[[[-3.658697,40.418678],[-3.660597,40.429468],[-3.660817,40.431428],[-3.662467,40.431168],[-3.668697,40.428128],[-3.668487,40.426978],[-3.668997,40.421188],[-3.658697,40.418678]]]}},{"type":"Feature","id":"barrio-044","properties":{"nombre":"Guindalera","tipo":"barrio","contexto":"Distrito Salamanca · Madrid"},"geometry":{"type":"Polygon","coordinates":[[[-3.668697,40.428128],[-3.662467,40.431168],[-3.660807,40.431418],[-3.659697,40.436399],[-3.659297,40.438929],[-3.659227,40.440499],[-3.659357,40.442139],[-3.659757,40.443289],[-3.660607,40.444609],[-3.664287,40.443309],[-3.665257,40.442849],[-3.670468,40.439869],[-3.672328,40.439269],[-3.674888,40.438779],[-3.677398,40.437409],[-3.673388,40.433438],[-3.669117,40.428368],[-3.668687,40.428128],[-3.668697,40.428128]]]}},{"type":"Feature","id":"barrio-045","properties":{"nombre":"Lista","tipo":"barrio","contexto":"Distrito Salamanca · Madrid"},"geometry":{"type":"Polygon","coordinates":[[[-3.679128,40.437449],[-3.679838,40.428928],[-3.669107,40.428368],[-3.673388,40.433438],[-3.677428,40.437409],[-3.679128,40.437439],[-3.679128,40.437449]]]}},{"type":"Feature","id":"barrio-046","properties":{"nombre":"Castellana","tipo":"barrio","contexto":"Distrito Salamanca · Madrid"},"geometry":{"type":"Polygon","coordinates":[[[-3.679838,40.428928],[-3.679128,40.437449],[-3.690718,40.437979],[-3.688758,40.435178],[-3.688418,40.433058],[-3.689348,40.429398],[-3.679838,40.428928]]]}},{"type":"Feature","id":"barrio-051","properties":{"nombre":"El Viso","tipo":"barrio","contexto":"Distrito Chamartín · Madrid"},"geometry":{"type":"Polygon","coordinates":[[[-3.679128,40.437449],[-3.678698,40.441719],[-3.677578,40.451679],[-3.681408,40.451679],[-3.690698,40.452129],[-3.691268,40.446209],[-3.691788,40.441259],[-3.690718,40.437979],[-3.679128,40.437449]]]}},{"type":"Feature","id":"barrio-052","properties":{"nombre":"Prosperidad","tipo":"barrio","contexto":"Distrito Chamartín · Madrid"},"geometry":{"type":"Polygon","coordinates":[[[-3.677398,40.437409],[-3.674888,40.438779],[-3.672328,40.439269],[-3.670468,40.439869],[-3.665257,40.442849],[-3.664287,40.443309],[-3.660597,40.444609],[-3.661187,40.445669],[-3.662147,40.448459],[-3.663117,40.453159],[-3.665647,40.452469],[-3.665537,40.451719],[-3.664917,40.450429],[-3.666417,40.449149],[-3.668517,40.447999],[-3.670668,40.446399],[-3.673908,40.444379],[-3.675978,40.442769],[-3.678018,40.441699],[-3.678668,40.441729],[-3.679128,40.437449],[-3.677428,40.437409],[-3.677398,40.437409]]]}},{"type":"Feature","id":"barrio-053","properties":{"nombre":"Ciudad Jardín","tipo":"barrio","contexto":"Distrito Chamartín · Madrid"},"geometry":{"type":"Polygon","coordinates":[[[-3.665647,40.452479],[-3.667337,40.452289],[-3.669988,40.452459],[-3.673858,40.451629],[-3.677568,40.451679],[-3.678698,40.441709],[-3.678018,40.441699],[-3.675978,40.442769],[-3.673908,40.444379],[-3.670668,40.446399],[-3.668517,40.447999],[-3.666417,40.449149],[-3.664917,40.450429],[-3.665537,40.451719],[-3.665647,40.452479]]]}},{"type":"Feature","id":"barrio-054","properties":{"nombre":"Hispanoamérica","tipo":"barrio","contexto":"Distrito Chamartín · Madrid","aliases":["Bernabéu"]},"geometry":{"type":"Polygon","coordinates":[[[-3.663127,40.453159],[-3.663807,40.456809],[-3.664947,40.460029],[-3.669838,40.458649],[-3.671208,40.458439],[-3.677778,40.458639],[-3.682958,40.458609],[-3.690038,40.459019],[-3.690308,40.456139],[-3.690698,40.452129],[-3.681408,40.451679],[-3.677568,40.451679],[-3.673858,40.451629],[-3.669988,40.452459],[-3.667337,40.452289],[-3.665647,40.452479],[-3.663127,40.453159]]]}},{"type":"Feature","id":"barrio-055","properties":{"nombre":"Nueva España","tipo":"barrio","contexto":"Distrito Chamartín · Madrid"},"geometry":{"type":"Polygon","coordinates":[[[-3.668407,40.466699],[-3.671628,40.466189],[-3.674178,40.467149],[-3.676268,40.467699],[-3.676948,40.467769],[-3.678288,40.467519],[-3.679028,40.467489],[-3.679048,40.467639],[-3.679208,40.467639],[-3.683008,40.467339],[-3.689328,40.466049],[-3.690028,40.459049],[-3.682958,40.458609],[-3.677778,40.458639],[-3.671208,40.458439],[-3.669838,40.458649],[-3.664937,40.460029],[-3.668407,40.466699]]]}},{"type":"Feature","id":"barrio-056","properties":{"nombre":"Castilla","tipo":"barrio","contexto":"Distrito Chamartín · Madrid"},"geometry":{"type":"Polygon","coordinates":[[[-3.668407,40.466699],[-3.673248,40.47305],[-3.674228,40.47556],[-3.674428,40.47718],[-3.674368,40.47871],[-3.673688,40.48216],[-3.673478,40.48402],[-3.678698,40.48383],[-3.680488,40.48345],[-3.683938,40.48239],[-3.685218,40.48228],[-3.685098,40.48195],[-3.685138,40.48124],[-3.687128,40.47415],[-3.689338,40.466039],[-3.683008,40.467339],[-3.679208,40.467639],[-3.679048,40.467639],[-3.679028,40.467489],[-3.678288,40.467519],[-3.676948,40.467769],[-3.676268,40.467699],[-3.674178,40.467149],[-3.671628,40.466189],[-3.668407,40.466699]]]}},{"type":"Feature","id":"barrio-061","properties":{"nombre":"Bellas Vistas","tipo":"barrio","contexto":"Distrito Tetuán · Madrid","aliases":["Estrecho"]},"geometry":{"type":"Polygon","coordinates":[[[-3.703948,40.446859],[-3.702918,40.454019],[-3.704978,40.456559],[-3.708149,40.456719],[-3.709819,40.457199],[-3.710599,40.457659],[-3.711479,40.457509],[-3.712859,40.455459],[-3.713119,40.454889],[-3.712679,40.453909],[-3.713269,40.453029],[-3.711729,40.452279],[-3.708309,40.447079],[-3.703948,40.446849],[-3.703948,40.446859]]]}},{"type":"Feature","id":"barrio-062","properties":{"nombre":"Cuatro Caminos","tipo":"barrio","contexto":"Distrito Tetuán · Madrid","aliases":["AZCA"]},"geometry":{"type":"Polygon","coordinates":[[[-3.691268,40.446209],[-3.690698,40.452129],[-3.690308,40.456139],[-3.697178,40.456529],[-3.701478,40.457499],[-3.702298,40.456099],[-3.702698,40.455089],[-3.702918,40.454019],[-3.703948,40.446859],[-3.691268,40.446209]]]}},{"type":"Feature","id":"barrio-063","properties":{"nombre":"Castillejos","tipo":"barrio","contexto":"Distrito Tetuán · Madrid","aliases":["Cuzco"]},"geometry":{"type":"Polygon","coordinates":[[[-3.690028,40.459049],[-3.689348,40.466039],[-3.690728,40.465589],[-3.692698,40.465289],[-3.694448,40.464719],[-3.695918,40.464119],[-3.697638,40.462209],[-3.698398,40.460629],[-3.700698,40.458449],[-3.701478,40.457499],[-3.697178,40.456529],[-3.690308,40.456139],[-3.690028,40.459049]]]}},{"type":"Feature","id":"barrio-064","properties":{"nombre":"Almenara","tipo":"barrio","contexto":"Distrito Tetuán · Madrid"},"geometry":{"type":"Polygon","coordinates":[[[-3.687118,40.47415],[-3.688858,40.47443],[-3.689228,40.47469],[-3.690978,40.47445],[-3.692318,40.47473],[-3.694008,40.47456],[-3.695978,40.4748],[-3.697798,40.47455],[-3.699018,40.47492],[-3.699968,40.47499],[-3.700888,40.47474],[-3.702078,40.47378],[-3.702138,40.47112],[-3.699578,40.46973],[-3.698568,40.468429],[-3.697728,40.467799],[-3.695668,40.465559],[-3.694458,40.464729],[-3.692698,40.465289],[-3.690728,40.465589],[-3.689348,40.466039],[-3.687118,40.47415]]]}},{"type":"Feature","id":"barrio-065","properties":{"nombre":"Valdeacederas","tipo":"barrio","contexto":"Distrito Tetuán · Madrid","aliases":["Ventilla"]},"geometry":{"type":"Polygon","coordinates":[[[-3.698398,40.460629],[-3.697638,40.462209],[-3.695918,40.464119],[-3.694448,40.464719],[-3.695668,40.465559],[-3.697728,40.467799],[-3.698568,40.468429],[-3.699578,40.46973],[-3.702138,40.47112],[-3.702088,40.47377],[-3.703738,40.47225],[-3.704368,40.47194],[-3.710699,40.47131],[-3.711609,40.47104],[-3.712149,40.47066],[-3.712489,40.47022],[-3.712959,40.468999],[-3.713279,40.468529],[-3.711389,40.466259],[-3.710919,40.466009],[-3.709799,40.464829],[-3.708519,40.462599],[-3.708479,40.462309],[-3.708599,40.462069],[-3.708449,40.462029],[-3.707129,40.463519],[-3.706528,40.463679],[-3.705658,40.463609],[-3.705378,40.463999],[-3.704178,40.463619],[-3.698408,40.460599],[-3.698398,40.460629]]]}},{"type":"Feature","id":"barrio-066","properties":{"nombre":"Berruguete","tipo":"barrio","contexto":"Distrito Tetuán · Madrid"},"geometry":{"type":"Polygon","coordinates":[[[-3.698408,40.460599],[-3.704178,40.463619],[-3.705378,40.463999],[-3.705658,40.463609],[-3.706528,40.463679],[-3.707129,40.463519],[-3.708449,40.462029],[-3.708599,40.462059],[-3.711499,40.457499],[-3.710599,40.457659],[-3.709819,40.457199],[-3.708149,40.456719],[-3.704978,40.456559],[-3.702908,40.454019],[-3.702698,40.455089],[-3.702298,40.456099],[-3.701478,40.457499],[-3.700698,40.458449],[-3.698388,40.460629],[-3.698408,40.460599]]]}},{"type":"Feature","id":"barrio-071","properties":{"nombre":"Gaztambide","tipo":"barrio","contexto":"Distrito Chamberí · Madrid"},"geometry":{"type":"Polygon","coordinates":[[[-3.711859,40.430198],[-3.711129,40.438919],[-3.717629,40.439229],[-3.718279,40.435538],[-3.718409,40.434778],[-3.717239,40.433098],[-3.717969,40.432998],[-3.716239,40.430648],[-3.711859,40.430198]]]}},{"type":"Feature","id":"barrio-072","properties":{"nombre":"Arapiles","tipo":"barrio","contexto":"Distrito Chamberí · Madrid"},"geometry":{"type":"Polygon","coordinates":[[[-3.705808,40.429608],[-3.704378,40.433568],[-3.704238,40.438679],[-3.711129,40.438919],[-3.711859,40.430198],[-3.705808,40.429608]]]}},{"type":"Feature","id":"barrio-073","properties":{"nombre":"Trafalgar","tipo":"barrio","contexto":"Distrito Chamberí · Madrid"},"geometry":{"type":"Polygon","coordinates":[[[-3.695758,40.427638],[-3.695788,40.428098],[-3.700238,40.438489],[-3.704238,40.438679],[-3.704378,40.433568],[-3.705808,40.429608],[-3.702408,40.429058],[-3.695758,40.427638]]]}},{"type":"Feature","id":"barrio-074","properties":{"nombre":"Almagro","tipo":"barrio","contexto":"Distrito Chamberí · Madrid"},"geometry":{"type":"Polygon","coordinates":[[[-3.690458,40.425268],[-3.689348,40.429388],[-3.688418,40.433058],[-3.688758,40.435178],[-3.690718,40.437989],[-3.700258,40.438489],[-3.695788,40.428098],[-3.695758,40.427638],[-3.691398,40.425478],[-3.690458,40.425258],[-3.690458,40.425268]]]}},{"type":"Feature","id":"barrio-075","properties":{"nombre":"Ríos Rosas","tipo":"barrio","contexto":"Distrito Chamberí · Madrid"},"geometry":{"type":"Polygon","coordinates":[[[-3.690718,40.437979],[-3.691788,40.441259],[-3.691258,40.446219],[-3.703948,40.446859],[-3.704238,40.438669],[-3.700268,40.438489],[-3.690718,40.437989],[-3.690718,40.437979]]]}},{"type":"Feature","id":"barrio-076","properties":{"nombre":"Vallehermoso","tipo":"barrio","contexto":"Distrito Chamberí · Madrid"},"geometry":{"type":"Polygon","coordinates":[[[-3.703948,40.446849],[-3.708309,40.447089],[-3.709209,40.447129],[-3.714749,40.445769],[-3.717269,40.446689],[-3.718189,40.446669],[-3.719789,40.445219],[-3.719929,40.444949],[-3.719789,40.443759],[-3.719169,40.442849],[-3.717649,40.439979],[-3.717639,40.439229],[-3.711129,40.438909],[-3.704238,40.438679],[-3.703948,40.446859],[-3.703948,40.446849]]]}},{"type":"Feature","id":"barrio-081","properties":{"nombre":"El Pardo","tipo":"barrio","contexto":"Distrito Fuencarral - El Pardo · Madrid"},"geometry":{"type":"Polygon","coordinates":[[[-3.701588,40.578533],[-3.701588,40.578643],[-3.699428,40.578643],[-3.695838,40.579653],[-3.693398,40.580033],[-3.691848,40.580463],[-3.690698,40.580973],[-3.688608,40.582613],[-3.687258,40.582583],[-3.685868,40.582913],[-3.684288,40.583653],[-3.682208,40.584953],[-3.667227,40.592113],[-3.665167,40.592313],[-3.663777,40.592313],[-3.662387,40.592173],[-3.660357,40.591663],[-3.658997,40.590503],[-3.656327,40.589003],[-3.655317,40.587693],[-3.654547,40.586103],[-3.652767,40.581093],[-3.650987,40.578023],[-3.650357,40.577433],[-3.649627,40.577193],[-3.647897,40.577003],[-3.644827,40.576873],[-3.642687,40.576423],[-3.641607,40.575813],[-3.639777,40.575113],[-3.634707,40.574473],[-3.632497,40.574513],[-3.631166,40.574873],[-3.628766,40.573763],[-3.628026,40.573603],[-3.626326,40.573523],[-3.625046,40.573613],[-3.622276,40.575683],[-3.621436,40.576483],[-3.616416,40.580493],[-3.611966,40.581903],[-3.609096,40.583553],[-3.608836,40.583923],[-3.608466,40.583903],[-3.606466,40.585103],[-3.605066,40.587763],[-3.604296,40.588403],[-3.603036,40.589023],[-3.602276,40.590153],[-3.601966,40.591023],[-3.601826,40.592123],[-3.601896,40.592423],[-3.603426,40.593063],[-3.604816,40.594333],[-3.604756,40.595833],[-3.605236,40.596503],[-3.606956,40.596883],[-3.607946,40.597633],[-3.608776,40.598503],[-3.610606,40.598813],[-3.611656,40.599513],[-3.612976,40.599953],[-3.614296,40.600633],[-3.615326,40.600763],[-3.616386,40.601573],[-3.616506,40.602124],[-3.616116,40.603104],[-3.617126,40.605204],[-3.617176,40.606084],[-3.616816,40.607014],[-3.618416,40.609004],[-3.617836,40.610214],[-3.618026,40.611304],[-3.619886,40.611944],[-3.620566,40.612704],[-3.621746,40.614914],[-3.622606,40.615954],[-3.623926,40.616554],[-3.626946,40.616974],[-3.628296,40.617704],[-3.628606,40.618174],[-3.628656,40.619464],[-3.629486,40.620624],[-3.628846,40.622394],[-3.630206,40.625864],[-3.629646,40.626864],[-3.629696,40.627414],[-3.630136,40.628344],[-3.632927,40.630744],[-3.634577,40.633524],[-3.636187,40.635145],[-3.636707,40.636845],[-3.637627,40.637775],[-3.638807,40.638485],[-3.640087,40.638525],[-3.642427,40.638135],[-3.644457,40.638185],[-3.647007,40.640025],[-3.648737,40.641485],[-3.652197,40.642745],[-3.655687,40.643365],[-3.655937,40.643325],[-3.656187,40.643005],[-3.658477,40.642145],[-3.661677,40.639585],[-3.661887,40.639315],[-3.662387,40.637975],[-3.665467,40.634284],[-3.667367,40.631094],[-3.668317,40.629004],[-3.668527,40.627464],[-3.668487,40.626014],[-3.666937,40.622624],[-3.666507,40.620144],[-3.666787,40.619664],[-3.671158,40.617564],[-3.673518,40.616914],[-3.674598,40.616494],[-3.676108,40.614894],[-3.679158,40.611274],[-3.679598,40.610964],[-3.685008,40.608774],[-3.687338,40.606924],[-3.690518,40.601563],[-3.691958,40.597513],[-3.696268,40.590013],[-3.701898,40.587073],[-3.704718,40.585063],[-3.705318,40.584803],[-3.705328,40.583093],[-3.707569,40.583263],[-3.707819,40.583873],[-3.708519,40.583633],[-3.711279,40.583173],[-3.712919,40.583413],[-3.714459,40.582773],[-3.717169,40.583013],[-3.719339,40.582243],[-3.720579,40.582333],[-3.721349,40.582713],[-3.729729,40.585213],[-3.732219,40.585513],[-3.733079,40.585393],[-3.737179,40.586193],[-3.738079,40.586593],[-3.738469,40.587063],[-3.739599,40.589413],[-3.740729,40.590753],[-3.7453,40.591993],[-3.74571,40.592303],[-3.74917,40.592813],[-3.75006,40.592543],[-3.75213,40.594473],[-3.75287,40.594883],[-3.75356,40.594873],[-3.75729,40.596183],[-3.75839,40.596213],[-3.75976,40.597123],[-3.76411,40.598433],[-3.76514,40.598513],[-3.76806,40.599773],[-3.77236,40.600293],[-3.7742,40.600653],[-3.77815,40.601824],[-3.77882,40.601834],[-3.77967,40.601253],[-3.781521,40.600893],[-3.782151,40.601543],[-3.782691,40.601794],[-3.783371,40.601844],[-3.784351,40.601153],[-3.784911,40.600553],[-3.786211,40.600453],[-3.788941,40.599173],[-3.789801,40.599063],[-3.795201,40.599993],[-3.796631,40.599963],[-3.797131,40.599783],[-3.799001,40.598573],[-3.800991,40.598973],[-3.803231,40.598963],[-3.803371,40.599143],[-3.800161,40.604934],[-3.800371,40.606004],[-3.801541,40.606454],[-3.802021,40.606414],[-3.804721,40.607304],[-3.805951,40.608024],[-3.806271,40.608754],[-3.805891,40.609364],[-3.806021,40.609614],[-3.807211,40.609314],[-3.808051,40.609274],[-3.809001,40.609414],[-3.809171,40.609604],[-3.809241,40.609974],[-3.809561,40.609914],[-3.809781,40.609544],[-3.810641,40.609504],[-3.811271,40.608824],[-3.811611,40.608834],[-3.812211,40.608594],[-3.812631,40.608394],[-3.812601,40.608274],[-3.811271,40.607374],[-3.810591,40.607174],[-3.809971,40.606774],[-3.809191,40.605124],[-3.805831,40.599973],[-3.812341,40.597013],[-3.813741,40.596243],[-3.814251,40.595523],[-3.815951,40.595113],[-3.820102,40.595113],[-3.822562,40.594493],[-3.826212,40.594843],[-3.827882,40.594703],[-3.829982,40.594143],[-3.831742,40.593963],[-3.833142,40.593613],[-3.835212,40.592223],[-3.836502,40.591683],[-3.837512,40.591463],[-3.840372,40.592523],[-3.841222,40.592723],[-3.841512,40.592783],[-3.842582,40.592603],[-3.844452,40.592043],[-3.845472,40.591473],[-3.848582,40.591073],[-3.850062,40.590563],[-3.852752,40.589213],[-3.853542,40.588953],[-3.854822,40.588113],[-3.855263,40.588333],[-3.858363,40.588023],[-3.859793,40.588293],[-3.861173,40.589003],[-3.863403,40.589613],[-3.864773,40.590523],[-3.865333,40.591393],[-3.865823,40.591903],[-3.867243,40.592283],[-3.868523,40.592173],[-3.871723,40.591503],[-3.873783,40.591273],[-3.876053,40.590093],[-3.875993,40.589393],[-3.876733,40.588753],[-3.878203,40.588183],[-3.880233,40.587003],[-3.883373,40.585423],[-3.883573,40.585433],[-3.883693,40.583553],[-3.883323,40.582703],[-3.884053,40.581463],[-3.883653,40.580493],[-3.883603,40.579273],[-3.885143,40.575223],[-3.885613,40.574283],[-3.888283,40.572393],[-3.888843,40.571023],[-3.887913,40.569173],[-3.887783,40.568452],[-3.886973,40.566632],[-3.886693,40.566292],[-3.885633,40.565602],[-3.883723,40.564022],[-3.883803,40.563332],[-3.884833,40.561922],[-3.884883,40.561202],[-3.884103,40.560632],[-3.881983,40.559802],[-3.878843,40.559742],[-3.875333,40.558952],[-3.875023,40.558262],[-3.873933,40.557902],[-3.873733,40.557722],[-3.872823,40.555402],[-3.872933,40.554852],[-3.872663,40.553572],[-3.872033,40.552432],[-3.870643,40.551282],[-3.868933,40.548332],[-3.869303,40.547542],[-3.867153,40.545622],[-3.865493,40.543532],[-3.865333,40.542512],[-3.864843,40.541952],[-3.864103,40.539742],[-3.863713,40.539362],[-3.863713,40.537662],[-3.862863,40.534781],[-3.862013,40.534221],[-3.861223,40.533441],[-3.860483,40.533011],[-3.859413,40.531391],[-3.858463,40.530511],[-3.858003,40.530241],[-3.858233,40.529901],[-3.858153,40.529461],[-3.857593,40.528011],[-3.856003,40.527061],[-3.854922,40.525761],[-3.854642,40.525651],[-3.853582,40.524551],[-3.854252,40.522711],[-3.854262,40.521501],[-3.853202,40.519661],[-3.851612,40.518421],[-3.851162,40.517791],[-3.851752,40.516881],[-3.852102,40.515621],[-3.853232,40.514681],[-3.853892,40.512141],[-3.852412,40.509921],[-3.852102,40.509721],[-3.849582,40.508951],[-3.849032,40.509161],[-3.836972,40.506031],[-3.837592,40.504381],[-3.838502,40.502961],[-3.839262,40.49952],[-3.837552,40.49778],[-3.835532,40.49541],[-3.834272,40.49419],[-3.834032,40.49207],[-3.833272,40.48996],[-3.833012,40.48796],[-3.833142,40.4861],[-3.834902,40.48267],[-3.835822,40.48216],[-3.836062,40.48181],[-3.836142,40.4813],[-3.836482,40.48096],[-3.836272,40.48069],[-3.836452,40.47969],[-3.800241,40.46918],[-3.799411,40.46936],[-3.797661,40.46946],[-3.794591,40.47007],[-3.792261,40.47082],[-3.790941,40.47153],[-3.789901,40.47193],[-3.787651,40.47264],[-3.783221,40.47378],[-3.780961,40.4746],[-3.77108,40.47449],[-3.76647,40.4741],[-3.76588,40.47395],[-3.76355,40.47339],[-3.7636,40.47252],[-3.76342,40.47242],[-3.76242,40.47228],[-3.75987,40.47228],[-3.75901,40.47263],[-3.75829,40.47258],[-3.75826,40.47336],[-3.75837,40.47368],[-3.75918,40.47411],[-3.75843,40.47421],[-3.75813,40.47465],[-3.75778,40.47837],[-3.75742,40.47931],[-3.75754,40.47972],[-3.75654,40.47974],[-3.75612,40.47946],[-3.75589,40.47952],[-3.75582,40.47969],[-3.75515,40.47969],[-3.75423,40.47938],[-3.75445,40.47851],[-3.75441,40.47805],[-3.75148,40.47841],[-3.7481,40.47836],[-3.7474,40.47814],[-3.74678,40.47774],[-3.741619,40.48099],[-3.74495,40.48266],[-3.74552,40.48357],[-3.74442,40.48547],[-3.743729,40.48613],[-3.742579,40.48787],[-3.742429,40.4885],[-3.741949,40.48873],[-3.739999,40.49055],[-3.739379,40.4911],[-3.736509,40.49684],[-3.734509,40.5021],[-3.732699,40.503411],[-3.732309,40.503841],[-3.732809,40.506271],[-3.733099,40.506341],[-3.732899,40.507081],[-3.732999,40.507251],[-3.734409,40.507691],[-3.734969,40.506811],[-3.742039,40.508881],[-3.739419,40.513241],[-3.732669,40.522871],[-3.729989,40.523181],[-3.727739,40.527021],[-3.720989,40.529861],[-3.719519,40.530171],[-3.711739,40.532861],[-3.707609,40.536702],[-3.705468,40.539402],[-3.707049,40.540612],[-3.707919,40.541682],[-3.710719,40.546912],[-3.713969,40.556752],[-3.715269,40.557842],[-3.714699,40.558782],[-3.716139,40.563102],[-3.716419,40.565172],[-3.716119,40.566572],[-3.712619,40.571333],[-3.711799,40.572843],[-3.710539,40.578513],[-3.701648,40.578533],[-3.701588,40.578533]]]}},{"type":"Feature","id":"barrio-082","properties":{"nombre":"Fuentelarreina","tipo":"barrio","contexto":"Distrito Fuencarral - El Pardo · Madrid"},"geometry":{"type":"Polygon","coordinates":[[[-3.732039,40.48697],[-3.732399,40.48696],[-3.732819,40.48729],[-3.734229,40.48789],[-3.735059,40.48871],[-3.739979,40.49052],[-3.741949,40.48873],[-3.742429,40.4885],[-3.742579,40.48787],[-3.743729,40.48613],[-3.74442,40.48547],[-3.74552,40.48357],[-3.74495,40.48266],[-3.741619,40.48099],[-3.74678,40.47774],[-3.7474,40.47814],[-3.7481,40.47836],[-3.75151,40.47842],[-3.75178,40.47617],[-3.75162,40.47454],[-3.75134,40.47314],[-3.75058,40.47065],[-3.75031,40.47012],[-3.75068,40.47184],[-3.75045,40.47283],[-3.75004,40.4734],[-3.74956,40.4738],[-3.74834,40.47432],[-3.74728,40.47447],[-3.741279,40.47434],[-3.735639,40.47309],[-3.736309,40.47419],[-3.737579,40.4744],[-3.738399,40.4761],[-3.739289,40.4785],[-3.738029,40.47981],[-3.737489,40.48005],[-3.736829,40.48101],[-3.735999,40.48362],[-3.735929,40.48492],[-3.732019,40.48697],[-3.732039,40.48697]]]}},{"type":"Feature","id":"barrio-083","properties":{"nombre":"Peñagrande","tipo":"barrio","contexto":"Distrito Fuencarral - El Pardo · Madrid"},"geometry":{"type":"Polygon","coordinates":[[[-3.714229,40.48311],[-3.714409,40.48308],[-3.715989,40.48444],[-3.716409,40.48512],[-3.716579,40.48576],[-3.722689,40.48554],[-3.727559,40.48556],[-3.732019,40.48698],[-3.735929,40.48492],[-3.735999,40.48362],[-3.736829,40.48101],[-3.737489,40.48005],[-3.738029,40.47981],[-3.739289,40.4785],[-3.738399,40.4761],[-3.737579,40.4744],[-3.736309,40.47419],[-3.735669,40.47311],[-3.733949,40.47279],[-3.732229,40.47264],[-3.730389,40.47265],[-3.728529,40.47287],[-3.727999,40.47296],[-3.714539,40.46963],[-3.714429,40.46985],[-3.715009,40.47302],[-3.716309,40.47707],[-3.716479,40.47889],[-3.715229,40.47947],[-3.712639,40.48038],[-3.713349,40.48192],[-3.713729,40.48256],[-3.713909,40.48252],[-3.714229,40.48315],[-3.714229,40.48311]]]}},{"type":"Feature","id":"barrio-084","properties":{"nombre":"Pilar","tipo":"barrio","contexto":"Distrito Fuencarral - El Pardo · Madrid"},"geometry":{"type":"Polygon","coordinates":[[[-3.702088,40.47377],[-3.702308,40.47405],[-3.705518,40.4828],[-3.706228,40.48355],[-3.709309,40.4856],[-3.712419,40.48364],[-3.714259,40.48311],[-3.713909,40.48252],[-3.713729,40.48256],[-3.713349,40.48192],[-3.712639,40.48038],[-3.715229,40.47947],[-3.716479,40.47889],[-3.716309,40.47707],[-3.715009,40.47302],[-3.714429,40.46985],[-3.714539,40.46963],[-3.714209,40.46948],[-3.713279,40.468509],[-3.712959,40.468999],[-3.712489,40.47022],[-3.712149,40.47066],[-3.711609,40.47104],[-3.710699,40.47131],[-3.704368,40.47194],[-3.703738,40.47225],[-3.702088,40.47377]]]}},{"type":"Feature","id":"barrio-085","properties":{"nombre":"La Paz","tipo":"barrio","contexto":"Distrito Fuencarral - El Pardo · Madrid"},"geometry":{"type":"Polygon","coordinates":[[[-3.687128,40.47415],[-3.685138,40.48124],[-3.685098,40.48195],[-3.685228,40.48229],[-3.685798,40.48275],[-3.688388,40.48344],[-3.694848,40.48601],[-3.695798,40.4865],[-3.696628,40.48712],[-3.697358,40.48789],[-3.697868,40.48882],[-3.698248,40.49009],[-3.700938,40.4893],[-3.703588,40.48787],[-3.707719,40.48664],[-3.709319,40.48557],[-3.706228,40.48355],[-3.705518,40.4828],[-3.702308,40.47405],[-3.702088,40.47377],[-3.700888,40.47474],[-3.699968,40.47499],[-3.699018,40.47492],[-3.697798,40.47455],[-3.695978,40.4748],[-3.694008,40.47456],[-3.692318,40.47473],[-3.690978,40.47445],[-3.689228,40.47469],[-3.688858,40.47443],[-3.687118,40.47415],[-3.687128,40.47415]]]}},{"type":"Feature","id":"barrio-086","properties":{"nombre":"Valverde","tipo":"barrio","contexto":"Distrito Fuencarral - El Pardo · Madrid","aliases":["Las Tablas","Tres Olivos"]},"geometry":{"type":"Polygon","coordinates":[[[-3.657617,40.511721],[-3.657887,40.511461],[-3.658597,40.511671],[-3.659157,40.513591],[-3.661467,40.517261],[-3.662867,40.520031],[-3.666017,40.518851],[-3.669347,40.516761],[-3.674988,40.514351],[-3.683208,40.512261],[-3.683928,40.511941],[-3.685748,40.510521],[-3.686238,40.510481],[-3.687008,40.510661],[-3.688478,40.509951],[-3.689938,40.508891],[-3.696178,40.5015],[-3.697348,40.50021],[-3.699688,40.4985],[-3.700538,40.49736],[-3.700898,40.49642],[-3.700908,40.4957],[-3.700698,40.49498],[-3.699018,40.49288],[-3.698668,40.49218],[-3.698258,40.49006],[-3.697868,40.48882],[-3.697358,40.48789],[-3.696628,40.48712],[-3.695798,40.4865],[-3.694848,40.48601],[-3.688388,40.48344],[-3.685798,40.48275],[-3.685228,40.48229],[-3.683938,40.48239],[-3.680488,40.48345],[-3.678698,40.48383],[-3.673458,40.48406],[-3.673168,40.48722],[-3.672888,40.48878],[-3.672448,40.49008],[-3.671618,40.4915],[-3.670168,40.49292],[-3.662847,40.49882],[-3.661037,40.50073],[-3.658797,40.503571],[-3.658367,40.504461],[-3.658177,40.505281],[-3.658277,40.509661],[-3.658007,40.510931],[-3.657607,40.511781],[-3.657617,40.511721]]]}},{"type":"Feature","id":"barrio-087","properties":{"nombre":"Mirasierra","tipo":"barrio","contexto":"Distrito Fuencarral - El Pardo · Madrid"},"geometry":{"type":"Polygon","coordinates":[[[-3.696188,40.50151],[-3.697388,40.502361],[-3.698248,40.503671],[-3.699088,40.503411],[-3.700488,40.503251],[-3.711169,40.503771],[-3.711929,40.503651],[-3.712669,40.503301],[-3.713169,40.503221],[-3.714149,40.503391],[-3.717559,40.504551],[-3.721119,40.506181],[-3.724499,40.506761],[-3.726899,40.508281],[-3.732289,40.509401],[-3.736639,40.512271],[-3.739409,40.513261],[-3.742039,40.508881],[-3.734969,40.506811],[-3.734409,40.507691],[-3.732999,40.507251],[-3.732899,40.507081],[-3.733099,40.506341],[-3.732809,40.506271],[-3.732309,40.503841],[-3.732699,40.503411],[-3.734509,40.5021],[-3.736509,40.49684],[-3.739379,40.4911],[-3.739979,40.49055],[-3.735059,40.48871],[-3.734229,40.48789],[-3.732819,40.48729],[-3.732399,40.48696],[-3.732039,40.48697],[-3.727559,40.48556],[-3.722689,40.48554],[-3.716579,40.48576],[-3.716409,40.48512],[-3.715989,40.48444],[-3.714409,40.48308],[-3.714229,40.48311],[-3.712419,40.48364],[-3.709309,40.48558],[-3.707719,40.48664],[-3.703588,40.48787],[-3.700938,40.4893],[-3.698248,40.49009],[-3.698668,40.49218],[-3.699018,40.49288],[-3.700698,40.49498],[-3.700908,40.4957],[-3.700898,40.49642],[-3.700538,40.49736],[-3.699688,40.4985],[-3.697348,40.50021],[-3.696188,40.50151]]]}},{"type":"Feature","id":"barrio-088","properties":{"nombre":"El Goloso","tipo":"barrio","contexto":"Distrito Fuencarral - El Pardo · Madrid","aliases":["Montecarmelo"]},"geometry":{"type":"Polygon","coordinates":[[[-3.701648,40.578533],[-3.710539,40.578513],[-3.711799,40.572843],[-3.712619,40.571333],[-3.716119,40.566572],[-3.716419,40.565172],[-3.716139,40.563102],[-3.714699,40.558782],[-3.715269,40.557842],[-3.713969,40.556752],[-3.710719,40.546912],[-3.707919,40.541682],[-3.707049,40.540612],[-3.705468,40.539402],[-3.707609,40.536702],[-3.711739,40.532861],[-3.719519,40.530171],[-3.720989,40.529861],[-3.727739,40.527021],[-3.729989,40.523181],[-3.732669,40.522871],[-3.739419,40.513311],[-3.736639,40.512271],[-3.732289,40.509401],[-3.726899,40.508281],[-3.724499,40.506761],[-3.721119,40.506181],[-3.717559,40.504551],[-3.714149,40.503391],[-3.713169,40.503221],[-3.712669,40.503301],[-3.711929,40.503651],[-3.711169,40.503771],[-3.700488,40.503251],[-3.699088,40.503411],[-3.698248,40.503671],[-3.697388,40.502361],[-3.696188,40.50151],[-3.689938,40.508891],[-3.688478,40.509951],[-3.687008,40.510661],[-3.686238,40.510481],[-3.685748,40.510521],[-3.683928,40.511941],[-3.683208,40.512261],[-3.674988,40.514351],[-3.669347,40.516761],[-3.666017,40.518851],[-3.662867,40.520031],[-3.666237,40.521121],[-3.665967,40.521641],[-3.665627,40.522941],[-3.665977,40.523931],[-3.665967,40.524481],[-3.667667,40.525011],[-3.672048,40.524371],[-3.675088,40.525581],[-3.675608,40.526121],[-3.677228,40.526991],[-3.676548,40.527241],[-3.675748,40.528381],[-3.672358,40.530871],[-3.671038,40.532061],[-3.669337,40.534381],[-3.670488,40.535291],[-3.671118,40.536302],[-3.672058,40.537372],[-3.673298,40.537692],[-3.674088,40.538182],[-3.674798,40.539592],[-3.675618,40.540772],[-3.676938,40.541772],[-3.677948,40.542942],[-3.678178,40.543382],[-3.678748,40.545362],[-3.678608,40.546482],[-3.678798,40.546862],[-3.680248,40.548712],[-3.681148,40.549182],[-3.681908,40.549962],[-3.682108,40.550652],[-3.682488,40.551292],[-3.682118,40.552882],[-3.682408,40.553802],[-3.685748,40.559612],[-3.686968,40.563112],[-3.688948,40.567122],[-3.688968,40.567422],[-3.689538,40.568633],[-3.689578,40.569703],[-3.689378,40.570293],[-3.690378,40.569763],[-3.690708,40.569093],[-3.691148,40.569573],[-3.691688,40.569783],[-3.692348,40.570613],[-3.692588,40.571493],[-3.693468,40.571983],[-3.694888,40.573593],[-3.696218,40.574183],[-3.696948,40.574743],[-3.697188,40.575283],[-3.697228,40.575923],[-3.698128,40.576803],[-3.699948,40.578123],[-3.700188,40.578223],[-3.701488,40.578223],[-3.701488,40.578443],[-3.701648,40.578533]]]}},{"type":"Feature","id":"barrio-091","properties":{"nombre":"Casa de Campo","tipo":"barrio","contexto":"Distrito Moncloa - Aravaca · Madrid","aliases":["Batán"]},"geometry":{"type":"Polygon","coordinates":[[[-3.7746,40.400317],[-3.77369,40.400287],[-3.77064,40.399537],[-3.76927,40.399627],[-3.767,40.399237],[-3.76561,40.399277],[-3.76549,40.399107],[-3.76434,40.399407],[-3.76228,40.400987],[-3.76081,40.402877],[-3.75976,40.404058],[-3.75706,40.405618],[-3.7557,40.405898],[-3.75089,40.408308],[-3.74467,40.409138],[-3.74441,40.409308],[-3.743259,40.409568],[-3.741849,40.409198],[-3.737909,40.411468],[-3.726209,40.415668],[-3.722369,40.417178],[-3.722049,40.418458],[-3.720699,40.419468],[-3.720189,40.420258],[-3.718059,40.420288],[-3.718079,40.421208],[-3.719459,40.422698],[-3.718509,40.422788],[-3.717839,40.422488],[-3.717079,40.421948],[-3.716509,40.421888],[-3.715339,40.422798],[-3.714769,40.423448],[-3.716259,40.424968],[-3.718429,40.425458],[-3.725209,40.432508],[-3.719489,40.434958],[-3.719849,40.435738],[-3.723159,40.437429],[-3.726409,40.436079],[-3.733949,40.434238],[-3.737149,40.434358],[-3.738299,40.434548],[-3.738909,40.434798],[-3.739829,40.435458],[-3.741279,40.437229],[-3.742319,40.438219],[-3.74909,40.443199],[-3.76138,40.448729],[-3.76272,40.449529],[-3.76529,40.448589],[-3.76692,40.447829],[-3.77079,40.444529],[-3.77084,40.444049],[-3.77094,40.429318],[-3.77913,40.424268],[-3.78038,40.421908],[-3.781401,40.417588],[-3.78063,40.414298],[-3.77946,40.412108],[-3.77858,40.408038],[-3.7778,40.406548],[-3.77691,40.405218],[-3.77641,40.404048],[-3.77437,40.402107],[-3.7746,40.400337],[-3.7746,40.400317]]]}},{"type":"Feature","id":"barrio-092","properties":{"nombre":"Argüelles","tipo":"barrio","contexto":"Distrito Moncloa - Aravaca · Madrid"},"geometry":{"type":"Polygon","coordinates":[[[-3.718059,40.420298],[-3.715509,40.420418],[-3.713389,40.421828],[-3.713049,40.422188],[-3.710899,40.423438],[-3.711699,40.424288],[-3.716229,40.430648],[-3.717969,40.432998],[-3.717239,40.433098],[-3.718409,40.434778],[-3.718269,40.435538],[-3.719839,40.435738],[-3.719489,40.434958],[-3.725209,40.432508],[-3.718429,40.425458],[-3.716259,40.424968],[-3.714769,40.423448],[-3.715339,40.422798],[-3.716509,40.421888],[-3.717079,40.421948],[-3.717839,40.422488],[-3.718509,40.422788],[-3.719459,40.422698],[-3.718079,40.421208],[-3.718059,40.420288],[-3.718059,40.420298]]]}},{"type":"Feature","id":"barrio-093","properties":{"nombre":"Ciudad Universitaria","tipo":"barrio","contexto":"Distrito Moncloa - Aravaca · Madrid"},"geometry":{"type":"Polygon","coordinates":[[[-3.75148,40.47841],[-3.75441,40.47805],[-3.75445,40.47851],[-3.75423,40.47938],[-3.75515,40.47969],[-3.75582,40.47969],[-3.75589,40.47952],[-3.75612,40.47946],[-3.75654,40.47974],[-3.75754,40.47972],[-3.75742,40.47931],[-3.75778,40.47837],[-3.75813,40.47465],[-3.75843,40.47421],[-3.75918,40.47411],[-3.75837,40.47368],[-3.75826,40.47336],[-3.75829,40.47258],[-3.75901,40.47263],[-3.75987,40.47228],[-3.76242,40.47228],[-3.76342,40.47242],[-3.7636,40.47252],[-3.76355,40.47339],[-3.76587,40.47393],[-3.76394,40.469039],[-3.76202,40.463479],[-3.76274,40.461239],[-3.76221,40.461159],[-3.76249,40.460179],[-3.75941,40.456039],[-3.75822,40.454029],[-3.75741,40.453279],[-3.75722,40.452309],[-3.75736,40.451239],[-3.76144,40.449709],[-3.76211,40.449749],[-3.76277,40.449539],[-3.76138,40.448729],[-3.74909,40.443199],[-3.742319,40.438219],[-3.741279,40.437229],[-3.739829,40.435458],[-3.738909,40.434798],[-3.738299,40.434548],[-3.737149,40.434358],[-3.733949,40.434238],[-3.726409,40.436079],[-3.723159,40.437429],[-3.719839,40.435738],[-3.718269,40.435538],[-3.717639,40.439229],[-3.717649,40.439979],[-3.719169,40.442849],[-3.719789,40.443759],[-3.719929,40.444949],[-3.719789,40.445219],[-3.718189,40.446669],[-3.717269,40.446689],[-3.714749,40.445769],[-3.709209,40.447129],[-3.708309,40.447089],[-3.711729,40.452279],[-3.713269,40.453029],[-3.712679,40.453909],[-3.713119,40.454889],[-3.712859,40.455459],[-3.711499,40.457489],[-3.713099,40.457789],[-3.719539,40.459849],[-3.719619,40.460439],[-3.719049,40.461029],[-3.718949,40.461329],[-3.719499,40.462269],[-3.719889,40.462719],[-3.720729,40.463169],[-3.721399,40.463839],[-3.723729,40.464449],[-3.723889,40.465819],[-3.724399,40.467779],[-3.728469,40.47236],[-3.728529,40.47288],[-3.730389,40.47265],[-3.732229,40.47264],[-3.733949,40.47279],[-3.735669,40.47311],[-3.741279,40.47434],[-3.74728,40.47447],[-3.74834,40.47432],[-3.74956,40.4738],[-3.75004,40.4734],[-3.75045,40.47283],[-3.75068,40.47184],[-3.75031,40.47012],[-3.75058,40.47065],[-3.75134,40.47314],[-3.75162,40.47454],[-3.75178,40.47617],[-3.75151,40.47842],[-3.75148,40.47841]]]}},{"type":"Feature","id":"barrio-094","properties":{"nombre":"Valdezarza","tipo":"barrio","contexto":"Distrito Moncloa - Aravaca · Madrid"},"geometry":{"type":"Polygon","coordinates":[[[-3.711499,40.457499],[-3.708599,40.462059],[-3.708479,40.462309],[-3.708519,40.462599],[-3.709799,40.464829],[-3.710919,40.466009],[-3.711389,40.466259],[-3.713279,40.468509],[-3.714209,40.46948],[-3.714539,40.46963],[-3.727999,40.47296],[-3.728529,40.47288],[-3.728469,40.47236],[-3.724399,40.467779],[-3.723889,40.465819],[-3.723729,40.464449],[-3.721399,40.463839],[-3.720729,40.463169],[-3.719889,40.462719],[-3.719499,40.462269],[-3.718949,40.461329],[-3.719049,40.461029],[-3.719619,40.460439],[-3.719539,40.459849],[-3.713099,40.457789],[-3.711499,40.457489],[-3.711499,40.457499]]]}},{"type":"Feature","id":"barrio-095","properties":{"nombre":"Valdemarín","tipo":"barrio","contexto":"Distrito Moncloa - Aravaca · Madrid"},"geometry":{"type":"Polygon","coordinates":[[[-3.76274,40.461239],[-3.76202,40.463479],[-3.76394,40.469039],[-3.76587,40.47393],[-3.76647,40.4741],[-3.77108,40.47449],[-3.780961,40.4746],[-3.783221,40.47378],[-3.787651,40.47264],[-3.789901,40.47193],[-3.790941,40.47153],[-3.792261,40.47082],[-3.794591,40.47007],[-3.797661,40.46946],[-3.799411,40.46936],[-3.800181,40.4692],[-3.802081,40.468519],[-3.800031,40.466479],[-3.800211,40.465489],[-3.76275,40.461229],[-3.76274,40.461239]]]}},{"type":"Feature","id":"barrio-096","properties":{"nombre":"El Plantío","tipo":"barrio","contexto":"Distrito Moncloa - Aravaca · Madrid"},"geometry":{"type":"Polygon","coordinates":[[[-3.799001,40.459069],[-3.799031,40.460449],[-3.799501,40.461769],[-3.800461,40.463039],[-3.801471,40.463849],[-3.801101,40.465629],[-3.800241,40.465529],[-3.800031,40.466479],[-3.802081,40.468519],[-3.800181,40.4692],[-3.836652,40.47958],[-3.837412,40.47575],[-3.836742,40.47513],[-3.836132,40.4749],[-3.837402,40.47297],[-3.838152,40.47094],[-3.838272,40.467779],[-3.836932,40.466989],[-3.835652,40.465849],[-3.834372,40.464429],[-3.830802,40.465899],[-3.828942,40.466359],[-3.827142,40.466089],[-3.824872,40.464799],[-3.823682,40.464609],[-3.822252,40.464699],[-3.820962,40.464389],[-3.817471,40.464289],[-3.815231,40.463629],[-3.812891,40.463629],[-3.810151,40.464219],[-3.807411,40.463449],[-3.804231,40.462969],[-3.802571,40.462069],[-3.800611,40.460269],[-3.799021,40.459059],[-3.799001,40.459069]]]}},{"type":"Feature","id":"barrio-097","properties":{"nombre":"Aravaca","tipo":"barrio","contexto":"Distrito Moncloa - Aravaca · Madrid"},"geometry":{"type":"Polygon","coordinates":[[[-3.77084,40.444049],[-3.77079,40.444529],[-3.76692,40.447829],[-3.76529,40.448589],[-3.76275,40.449549],[-3.76211,40.449749],[-3.76144,40.449709],[-3.75736,40.451239],[-3.75722,40.452309],[-3.75741,40.453279],[-3.75822,40.454029],[-3.75941,40.456039],[-3.76249,40.460179],[-3.76221,40.461159],[-3.76275,40.461229],[-3.800211,40.465489],[-3.801101,40.465629],[-3.801471,40.463849],[-3.800461,40.463039],[-3.799501,40.461769],[-3.799031,40.460449],[-3.799001,40.459069],[-3.795751,40.457829],[-3.795271,40.456989],[-3.795481,40.456609],[-3.795331,40.456309],[-3.794391,40.455659],[-3.794061,40.454979],[-3.792921,40.453829],[-3.792921,40.453689],[-3.793091,40.453669],[-3.793381,40.453239],[-3.792431,40.451679],[-3.792091,40.450639],[-3.791391,40.449349],[-3.791001,40.447469],[-3.790401,40.447649],[-3.790181,40.445839],[-3.788861,40.445759],[-3.790101,40.442329],[-3.787251,40.443139],[-3.784581,40.444359],[-3.77947,40.444149],[-3.7786,40.443749],[-3.77754,40.443639],[-3.77086,40.444029],[-3.77084,40.444049]]]}},{"type":"Feature","id":"barrio-101","properties":{"nombre":"Los Cármenes","tipo":"barrio","contexto":"Distrito Latina · Madrid"},"geometry":{"type":"Polygon","coordinates":[[[-3.722719,40.404548],[-3.722649,40.405828],[-3.721819,40.408508],[-3.723869,40.408748],[-3.725219,40.408658],[-3.725899,40.407748],[-3.726459,40.407338],[-3.727139,40.407088],[-3.730599,40.406368],[-3.734359,40.404308],[-3.735419,40.403948],[-3.736839,40.403848],[-3.739729,40.404348],[-3.742319,40.404498],[-3.74409,40.404528],[-3.74418,40.404168],[-3.74485,40.403038],[-3.74466,40.400587],[-3.743609,40.395527],[-3.743509,40.395087],[-3.743269,40.394847],[-3.740869,40.393007],[-3.738979,40.394437],[-3.737859,40.395967],[-3.737099,40.396747],[-3.729569,40.402457],[-3.728599,40.402918],[-3.727569,40.403898],[-3.727059,40.404158],[-3.725979,40.405118],[-3.725499,40.405418],[-3.724629,40.405508],[-3.724739,40.404568],[-3.722699,40.404568],[-3.722719,40.404548]]]}},{"type":"Feature","id":"barrio-102","properties":{"nombre":"Puerta del Ángel","tipo":"barrio","contexto":"Distrito Latina · Madrid"},"geometry":{"type":"Polygon","coordinates":[[[-3.721809,40.408518],[-3.722599,40.411388],[-3.722909,40.412018],[-3.722949,40.413988],[-3.722849,40.415338],[-3.722379,40.417178],[-3.726209,40.415668],[-3.737909,40.411468],[-3.741849,40.409208],[-3.741069,40.408938],[-3.741409,40.408468],[-3.741839,40.406268],[-3.742259,40.405408],[-3.742299,40.404488],[-3.739729,40.404348],[-3.736839,40.403848],[-3.735419,40.403948],[-3.734359,40.404308],[-3.730599,40.406368],[-3.727139,40.407088],[-3.726459,40.407338],[-3.725899,40.407748],[-3.725219,40.408658],[-3.723869,40.408748],[-3.721819,40.408508],[-3.721809,40.408518]]]}},{"type":"Feature","id":"barrio-103","properties":{"nombre":"Lucero","tipo":"barrio","contexto":"Distrito Latina · Madrid"},"geometry":{"type":"Polygon","coordinates":[[[-3.742299,40.404488],[-3.742259,40.405408],[-3.741839,40.406268],[-3.741409,40.408468],[-3.741069,40.408938],[-3.741849,40.409208],[-3.743259,40.409568],[-3.74441,40.409308],[-3.74467,40.409138],[-3.75089,40.408308],[-3.7557,40.405898],[-3.75706,40.405618],[-3.75976,40.404058],[-3.76081,40.402877],[-3.75846,40.399277],[-3.75774,40.398707],[-3.75596,40.397867],[-3.7548,40.397157],[-3.75451,40.396917],[-3.75378,40.395847],[-3.75323,40.395997],[-3.75258,40.395967],[-3.74477,40.395067],[-3.743609,40.395497],[-3.74466,40.400587],[-3.74485,40.403038],[-3.74418,40.404168],[-3.74409,40.404528],[-3.742309,40.404508],[-3.742299,40.404488]]]}},{"type":"Feature","id":"barrio-104","properties":{"nombre":"Aluche","tipo":"barrio","contexto":"Distrito Latina · Madrid"},"geometry":{"type":"Polygon","coordinates":[[[-3.743609,40.395497],[-3.74477,40.395067],[-3.75258,40.395967],[-3.75323,40.395997],[-3.75378,40.395847],[-3.75451,40.396917],[-3.7548,40.397157],[-3.75596,40.397867],[-3.75774,40.398707],[-3.75846,40.399277],[-3.76081,40.402877],[-3.76228,40.400987],[-3.76436,40.399397],[-3.77156,40.393837],[-3.7675,40.390387],[-3.76728,40.390527],[-3.76177,40.385587],[-3.7593,40.383627],[-3.75865,40.384107],[-3.75563,40.383647],[-3.75304,40.383547],[-3.75159,40.384157],[-3.74536,40.387857],[-3.74475,40.388007],[-3.743589,40.390407],[-3.742859,40.391347],[-3.740889,40.392987],[-3.743269,40.394847],[-3.743509,40.395087],[-3.743599,40.395517],[-3.743609,40.395497]]]}},{"type":"Feature","id":"barrio-105","properties":{"nombre":"Campamento","tipo":"barrio","contexto":"Distrito Latina · Madrid"},"geometry":{"type":"Polygon","coordinates":[[[-3.806931,40.366456],[-3.800941,40.371487],[-3.787701,40.381667],[-3.783261,40.384877],[-3.77156,40.393847],[-3.76436,40.399397],[-3.76549,40.399107],[-3.76561,40.399277],[-3.767,40.399237],[-3.76927,40.399627],[-3.77064,40.399537],[-3.77369,40.400287],[-3.7746,40.400317],[-3.77582,40.400067],[-3.77761,40.399107],[-3.77818,40.397977],[-3.77806,40.397637],[-3.77947,40.396947],[-3.78009,40.395747],[-3.78077,40.395277],[-3.781531,40.394127],[-3.786871,40.392757],[-3.789411,40.392337],[-3.789191,40.393887],[-3.793811,40.393577],[-3.796521,40.392207],[-3.804311,40.392027],[-3.807841,40.392357],[-3.810901,40.392797],[-3.814911,40.394007],[-3.818312,40.395927],[-3.819382,40.396277],[-3.819412,40.396417],[-3.820542,40.396627],[-3.822272,40.396687],[-3.823712,40.396557],[-3.825292,40.396617],[-3.827112,40.396457],[-3.829022,40.396477],[-3.832102,40.395937],[-3.833632,40.396177],[-3.834142,40.396087],[-3.833432,40.395507],[-3.832692,40.393677],[-3.831922,40.392447],[-3.830192,40.390227],[-3.830242,40.390147],[-3.823722,40.382177],[-3.823392,40.381397],[-3.822762,40.380537],[-3.821372,40.379217],[-3.816671,40.374067],[-3.813311,40.369897],[-3.811841,40.366436],[-3.810531,40.363776],[-3.806951,40.366516],[-3.806931,40.366456]]]}},{"type":"Feature","id":"barrio-106","properties":{"nombre":"Cuatro Vientos","tipo":"barrio","contexto":"Distrito Latina · Madrid"},"geometry":{"type":"Polygon","coordinates":[[[-3.806931,40.366456],[-3.802851,40.363346],[-3.795021,40.361776],[-3.790351,40.359656],[-3.787841,40.358716],[-3.787391,40.358806],[-3.784711,40.359966],[-3.781561,40.361526],[-3.78033,40.361906],[-3.77676,40.361316],[-3.77344,40.360586],[-3.77236,40.359806],[-3.77163,40.359866],[-3.77075,40.360586],[-3.77052,40.360616],[-3.76672,40.364086],[-3.7618,40.366886],[-3.7629,40.368776],[-3.76293,40.369016],[-3.76223,40.372617],[-3.781801,40.375757],[-3.782651,40.376347],[-3.783781,40.377857],[-3.784531,40.379577],[-3.785321,40.380487],[-3.787711,40.381657],[-3.800941,40.371487],[-3.806931,40.366456]]]}},{"type":"Feature","id":"barrio-107","properties":{"nombre":"Águilas","tipo":"barrio","contexto":"Distrito Latina · Madrid"},"geometry":{"type":"Polygon","coordinates":[[[-3.7593,40.383627],[-3.76177,40.385587],[-3.76728,40.390527],[-3.7675,40.390387],[-3.77156,40.393837],[-3.783261,40.384877],[-3.787701,40.381677],[-3.785321,40.380487],[-3.784531,40.379577],[-3.783781,40.377857],[-3.782651,40.376347],[-3.781801,40.375757],[-3.76225,40.372627],[-3.76185,40.374437],[-3.75788,40.375547],[-3.75793,40.375837],[-3.75775,40.376547],[-3.75724,40.377487],[-3.75677,40.378007],[-3.75595,40.378567],[-3.75683,40.380457],[-3.75787,40.382207],[-3.75836,40.382817],[-3.7593,40.383627]]]}},{"type":"Feature","id":"barrio-111","properties":{"nombre":"Comillas","tipo":"barrio","contexto":"Distrito Carabanchel · Madrid"},"geometry":{"type":"Polygon","coordinates":[[[-3.717559,40.385277],[-3.713699,40.388917],[-3.712899,40.389537],[-3.708819,40.391237],[-3.707949,40.391717],[-3.706308,40.393267],[-3.704648,40.395237],[-3.708219,40.396097],[-3.710799,40.396997],[-3.712159,40.397877],[-3.713439,40.398957],[-3.714049,40.399347],[-3.714899,40.399667],[-3.715799,40.397717],[-3.715099,40.395997],[-3.715629,40.394337],[-3.715239,40.392957],[-3.715289,40.392017],[-3.716459,40.388327],[-3.717589,40.385277],[-3.717559,40.385277]]]}},{"type":"Feature","id":"barrio-112","properties":{"nombre":"Opañel","tipo":"barrio","contexto":"Distrito Carabanchel · Madrid"},"geometry":{"type":"Polygon","coordinates":[[[-3.717589,40.385277],[-3.716459,40.388327],[-3.715289,40.392017],[-3.715239,40.392957],[-3.715629,40.394337],[-3.715099,40.395997],[-3.715799,40.397717],[-3.726719,40.391787],[-3.731779,40.388507],[-3.732229,40.388217],[-3.727709,40.386267],[-3.726009,40.385767],[-3.722749,40.385307],[-3.717549,40.385287],[-3.717589,40.385277]]]}},{"type":"Feature","id":"barrio-113","properties":{"nombre":"San Isidro","tipo":"barrio","contexto":"Distrito Carabanchel · Madrid"},"geometry":{"type":"Polygon","coordinates":[[[-3.714909,40.399677],[-3.716429,40.399997],[-3.719319,40.399847],[-3.719989,40.399957],[-3.721129,40.400527],[-3.721709,40.400957],[-3.722219,40.401967],[-3.722719,40.404548],[-3.724739,40.404568],[-3.724629,40.405508],[-3.725499,40.405418],[-3.725979,40.405118],[-3.727059,40.404158],[-3.727569,40.403898],[-3.728599,40.402918],[-3.729569,40.402457],[-3.737099,40.396747],[-3.737859,40.395967],[-3.738979,40.394437],[-3.740879,40.392997],[-3.740239,40.392517],[-3.734969,40.389877],[-3.731779,40.388517],[-3.726719,40.391787],[-3.715799,40.397717],[-3.714899,40.399667],[-3.714909,40.399677]]]}},{"type":"Feature","id":"barrio-114","properties":{"nombre":"Vista Alegre","tipo":"barrio","contexto":"Distrito Carabanchel · Madrid"},"geometry":{"type":"Polygon","coordinates":[[[-3.75079,40.375827],[-3.74993,40.376397],[-3.74948,40.376987],[-3.74582,40.380347],[-3.74452,40.380907],[-3.742729,40.382057],[-3.741379,40.382397],[-3.741819,40.382997],[-3.739479,40.384677],[-3.736589,40.385417],[-3.732239,40.388247],[-3.731769,40.388527],[-3.734969,40.389877],[-3.740239,40.392517],[-3.740879,40.392997],[-3.742859,40.391347],[-3.743589,40.390407],[-3.74475,40.388007],[-3.74536,40.387857],[-3.75159,40.384157],[-3.75304,40.383547],[-3.75563,40.383647],[-3.75865,40.384107],[-3.75931,40.383627],[-3.75836,40.382817],[-3.75787,40.382207],[-3.75683,40.380457],[-3.75595,40.378557],[-3.75486,40.377667],[-3.7508,40.375837],[-3.75079,40.375827]]]}},{"type":"Feature","id":"barrio-115","properties":{"nombre":"Puerta Bonita","tipo":"barrio","contexto":"Distrito Carabanchel · Madrid"},"geometry":{"type":"Polygon","coordinates":[[[-3.736439,40.373857],[-3.735759,40.374757],[-3.734399,40.375887],[-3.737169,40.377817],[-3.732699,40.379247],[-3.729789,40.382837],[-3.727939,40.385627],[-3.727699,40.386267],[-3.732239,40.388217],[-3.736589,40.385417],[-3.739479,40.384677],[-3.741819,40.382997],[-3.741379,40.382397],[-3.742729,40.382057],[-3.74452,40.380907],[-3.74582,40.380347],[-3.74948,40.376987],[-3.74993,40.376397],[-3.75079,40.375827],[-3.75077,40.375497],[-3.75018,40.374707],[-3.75036,40.374117],[-3.74977,40.374137],[-3.74899,40.373587],[-3.74665,40.372867],[-3.74393,40.372837],[-3.740479,40.373617],[-3.736439,40.373847],[-3.736439,40.373857]]]}},{"type":"Feature","id":"barrio-116","properties":{"nombre":"Buenavista","tipo":"barrio","contexto":"Distrito Carabanchel · Madrid"},"geometry":{"type":"Polygon","coordinates":[[[-3.720889,40.365546],[-3.720889,40.365546],[-3.720439,40.367866],[-3.719769,40.373807],[-3.728889,40.373197],[-3.736459,40.373847],[-3.740479,40.373617],[-3.74393,40.372837],[-3.74665,40.372867],[-3.74899,40.373587],[-3.74977,40.374137],[-3.75036,40.374117],[-3.75018,40.374707],[-3.75077,40.375497],[-3.75079,40.375827],[-3.75486,40.377667],[-3.75595,40.378557],[-3.75677,40.378007],[-3.75724,40.377487],[-3.75775,40.376547],[-3.75793,40.375837],[-3.75788,40.375547],[-3.76185,40.374437],[-3.76225,40.372627],[-3.76293,40.369016],[-3.7629,40.368776],[-3.7618,40.366886],[-3.76672,40.364086],[-3.77052,40.360616],[-3.77074,40.360546],[-3.77162,40.359826],[-3.77114,40.359866],[-3.76624,40.358766],[-3.7577,40.357256],[-3.730549,40.363336],[-3.727109,40.364536],[-3.723459,40.365366],[-3.720889,40.365546]]]}},{"type":"Feature","id":"barrio-117","properties":{"nombre":"Abrantes","tipo":"barrio","contexto":"Distrito Carabanchel · Madrid"},"geometry":{"type":"Polygon","coordinates":[[[-3.717549,40.385287],[-3.722749,40.385307],[-3.726009,40.385767],[-3.727699,40.386267],[-3.727939,40.385627],[-3.729789,40.382837],[-3.732699,40.379247],[-3.737169,40.377817],[-3.734399,40.375887],[-3.735759,40.374757],[-3.736439,40.373857],[-3.728889,40.373197],[-3.719769,40.373807],[-3.719369,40.376397],[-3.718959,40.380397],[-3.718349,40.382897],[-3.717549,40.385287]]]}},{"type":"Feature","id":"barrio-121","properties":{"nombre":"Orcasitas","tipo":"barrio","contexto":"Distrito Usera · Madrid"},"geometry":{"type":"Polygon","coordinates":[[[-3.712319,40.373347],[-3.714489,40.373797],[-3.719769,40.373817],[-3.720439,40.367866],[-3.720889,40.365546],[-3.720889,40.365546],[-3.720979,40.364786],[-3.705148,40.363676],[-3.704908,40.363646],[-3.703108,40.370577],[-3.703448,40.371167],[-3.704908,40.371357],[-3.712329,40.373337],[-3.712319,40.373347]]]}},{"type":"Feature","id":"barrio-122","properties":{"nombre":"Orcasur","tipo":"barrio","contexto":"Distrito Usera · Madrid"},"geometry":{"type":"Polygon","coordinates":[[[-3.704898,40.363656],[-3.703228,40.363546],[-3.702098,40.363606],[-3.697448,40.364406],[-3.694018,40.364516],[-3.694278,40.368746],[-3.694938,40.374677],[-3.694878,40.375437],[-3.694238,40.376727],[-3.691308,40.381047],[-3.690608,40.381747],[-3.689748,40.382337],[-3.692148,40.384107],[-3.695568,40.380707],[-3.695538,40.380367],[-3.700088,40.378527],[-3.700958,40.377847],[-3.701678,40.376877],[-3.702538,40.375047],[-3.702738,40.373137],[-3.703468,40.371167],[-3.703108,40.370577],[-3.704898,40.363656]]]}},{"type":"Feature","id":"barrio-123","properties":{"nombre":"San Fermín","tipo":"barrio","contexto":"Distrito Usera · Madrid"},"geometry":{"type":"Polygon","coordinates":[[[-3.681928,40.361296],[-3.683148,40.364486],[-3.683108,40.364916],[-3.682868,40.365446],[-3.681988,40.366166],[-3.681738,40.366626],[-3.681778,40.367356],[-3.682338,40.368986],[-3.682338,40.370027],[-3.682578,40.370417],[-3.683038,40.370787],[-3.686168,40.371887],[-3.686518,40.372327],[-3.686988,40.373517],[-3.687678,40.374157],[-3.687728,40.374837],[-3.687318,40.376137],[-3.687278,40.376777],[-3.687838,40.378057],[-3.687888,40.378567],[-3.688378,40.378977],[-3.688838,40.379687],[-3.689188,40.381347],[-3.689748,40.382317],[-3.690608,40.381747],[-3.691308,40.381047],[-3.694238,40.376727],[-3.694878,40.375437],[-3.694938,40.374677],[-3.694278,40.368746],[-3.694008,40.364526],[-3.691248,40.364266],[-3.689448,40.363906],[-3.681918,40.361296],[-3.681928,40.361296]]]}},{"type":"Feature","id":"barrio-124","properties":{"nombre":"Almendrales","tipo":"barrio","contexto":"Distrito Usera · Madrid"},"geometry":{"type":"Polygon","coordinates":[[[-3.700088,40.378527],[-3.695538,40.380367],[-3.695568,40.380707],[-3.692148,40.384107],[-3.698088,40.389097],[-3.702328,40.386267],[-3.705748,40.385847],[-3.704748,40.380197],[-3.703078,40.381157],[-3.701598,40.379427],[-3.700268,40.379417],[-3.700218,40.378657],[-3.700078,40.378507],[-3.700088,40.378527]]]}},{"type":"Feature","id":"barrio-125","properties":{"nombre":"Moscardó","tipo":"barrio","contexto":"Distrito Usera · Madrid"},"geometry":{"type":"Polygon","coordinates":[[[-3.711839,40.385137],[-3.705758,40.385857],[-3.702328,40.386267],[-3.698088,40.389097],[-3.702398,40.393647],[-3.703378,40.394457],[-3.704638,40.395237],[-3.706308,40.393267],[-3.707949,40.391717],[-3.708819,40.391237],[-3.712899,40.389537],[-3.713699,40.388917],[-3.717559,40.385277],[-3.711849,40.385127],[-3.711839,40.385137]]]}},{"type":"Feature","id":"barrio-126","properties":{"nombre":"Zofío","tipo":"barrio","contexto":"Distrito Usera · Madrid"},"geometry":{"type":"Polygon","coordinates":[[[-3.712319,40.373347],[-3.712109,40.377967],[-3.711629,40.379277],[-3.711239,40.380997],[-3.711329,40.384157],[-3.711639,40.384977],[-3.711829,40.385157],[-3.717559,40.385277],[-3.718349,40.382897],[-3.718959,40.380397],[-3.719369,40.376397],[-3.719769,40.373807],[-3.714489,40.373797],[-3.712319,40.373347]]]}},{"type":"Feature","id":"barrio-127","properties":{"nombre":"Pradolongo","tipo":"barrio","contexto":"Distrito Usera · Madrid"},"geometry":{"type":"Polygon","coordinates":[[[-3.700078,40.378507],[-3.700218,40.378657],[-3.700268,40.379417],[-3.701598,40.379427],[-3.703078,40.381157],[-3.704748,40.380197],[-3.705758,40.385847],[-3.711839,40.385137],[-3.711639,40.384977],[-3.711329,40.384157],[-3.711239,40.380997],[-3.711629,40.379277],[-3.712109,40.377967],[-3.712319,40.373347],[-3.704908,40.371357],[-3.703448,40.371157],[-3.702738,40.373137],[-3.702538,40.375047],[-3.701678,40.376877],[-3.700958,40.377847],[-3.700088,40.378537],[-3.700078,40.378507]]]}},{"type":"Feature","id":"barrio-131","properties":{"nombre":"Entrevías","tipo":"barrio","contexto":"Distrito Puente de Vallecas · Madrid"},"geometry":{"type":"Polygon","coordinates":[[[-3.654387,40.376027],[-3.658157,40.376457],[-3.661257,40.377347],[-3.664317,40.378787],[-3.666977,40.380657],[-3.668897,40.382737],[-3.670078,40.384457],[-3.670788,40.385827],[-3.671658,40.388487],[-3.672508,40.391767],[-3.673528,40.394337],[-3.674538,40.393747],[-3.676448,40.392327],[-3.678278,40.390907],[-3.679138,40.389987],[-3.682338,40.385117],[-3.683148,40.384277],[-3.683598,40.383997],[-3.684308,40.383787],[-3.688218,40.382977],[-3.689748,40.382327],[-3.689188,40.381347],[-3.688838,40.379687],[-3.688378,40.378977],[-3.687888,40.378567],[-3.687838,40.378057],[-3.687278,40.376777],[-3.687318,40.376137],[-3.687728,40.374837],[-3.687678,40.374157],[-3.686988,40.373517],[-3.686518,40.372327],[-3.686168,40.371887],[-3.683038,40.370787],[-3.682578,40.370417],[-3.682338,40.370027],[-3.682338,40.368986],[-3.681778,40.367356],[-3.681738,40.366626],[-3.681988,40.366166],[-3.682868,40.365446],[-3.683108,40.364916],[-3.683148,40.364486],[-3.681928,40.361296],[-3.680328,40.360826],[-3.678748,40.360686],[-3.673698,40.361026],[-3.670118,40.361666],[-3.668237,40.362246],[-3.666677,40.362916],[-3.664427,40.364126],[-3.655587,40.369576],[-3.654697,40.370347],[-3.654387,40.370877],[-3.653567,40.373617],[-3.652747,40.375637],[-3.652347,40.376037],[-3.654377,40.376027],[-3.654387,40.376027]]]}},{"type":"Feature","id":"barrio-132","properties":{"nombre":"San Diego","tipo":"barrio","contexto":"Distrito Puente de Vallecas · Madrid"},"geometry":{"type":"Polygon","coordinates":[[[-3.666957,40.380647],[-3.664187,40.382687],[-3.663937,40.382467],[-3.663447,40.383077],[-3.664247,40.387497],[-3.665107,40.390337],[-3.664407,40.391467],[-3.663817,40.393097],[-3.662367,40.394727],[-3.669257,40.398327],[-3.672038,40.395317],[-3.673518,40.394317],[-3.672508,40.391767],[-3.671658,40.388487],[-3.670788,40.385827],[-3.670078,40.384457],[-3.668897,40.382737],[-3.666957,40.380647]]]}},{"type":"Feature","id":"barrio-133","properties":{"nombre":"Palomeras Bajas","tipo":"barrio","contexto":"Distrito Puente de Vallecas · Madrid"},"geometry":{"type":"Polygon","coordinates":[[[-3.652887,40.381427],[-3.653087,40.383617],[-3.652937,40.389357],[-3.653737,40.391547],[-3.654077,40.391577],[-3.656997,40.391887],[-3.662387,40.394727],[-3.663817,40.393097],[-3.664407,40.391467],[-3.665107,40.390337],[-3.664247,40.387497],[-3.663447,40.383077],[-3.663937,40.382467],[-3.664187,40.382687],[-3.666957,40.380647],[-3.664317,40.378787],[-3.661257,40.377347],[-3.658157,40.376457],[-3.654387,40.376027],[-3.654317,40.376447],[-3.653727,40.376617],[-3.653117,40.377127],[-3.652837,40.377867],[-3.652887,40.381417],[-3.652887,40.381427]]]}},{"type":"Feature","id":"barrio-134","properties":{"nombre":"Palomeras Sureste","tipo":"barrio","contexto":"Distrito Puente de Vallecas · Madrid"},"geometry":{"type":"Polygon","coordinates":[[[-3.652357,40.376047],[-3.648567,40.376517],[-3.641497,40.377947],[-3.624576,40.382097],[-3.625326,40.383237],[-3.624326,40.385017],[-3.621886,40.390847],[-3.629796,40.392567],[-3.639977,40.394797],[-3.640427,40.393727],[-3.641007,40.392927],[-3.648147,40.383637],[-3.649217,40.382757],[-3.650187,40.382207],[-3.651697,40.381657],[-3.652877,40.381437],[-3.652837,40.377867],[-3.653117,40.377127],[-3.653727,40.376617],[-3.654317,40.376447],[-3.654387,40.376027],[-3.652357,40.376047]]]}},{"type":"Feature","id":"barrio-135","properties":{"nombre":"Portazgo","tipo":"barrio","contexto":"Distrito Puente de Vallecas · Madrid"},"geometry":{"type":"Polygon","coordinates":[[[-3.652877,40.381437],[-3.651697,40.381657],[-3.650187,40.382207],[-3.649217,40.382757],[-3.648147,40.383637],[-3.641007,40.392927],[-3.640427,40.393727],[-3.639977,40.394797],[-3.642627,40.395447],[-3.644287,40.396207],[-3.647057,40.398537],[-3.651697,40.395477],[-3.653067,40.394297],[-3.653757,40.393377],[-3.654047,40.391587],[-3.653737,40.391547],[-3.652937,40.389357],[-3.653087,40.383617],[-3.652887,40.381427],[-3.652877,40.381437]]]}},{"type":"Feature","id":"barrio-136","properties":{"nombre":"Numancia","tipo":"barrio","contexto":"Distrito Puente de Vallecas · Madrid"},"geometry":{"type":"Polygon","coordinates":[[[-3.654047,40.391587],[-3.653757,40.393377],[-3.653067,40.394297],[-3.651697,40.395477],[-3.647057,40.398537],[-3.651327,40.402377],[-3.654017,40.404538],[-3.654857,40.405018],[-3.656717,40.405678],[-3.665217,40.406318],[-3.666787,40.402627],[-3.668277,40.399637],[-3.669257,40.398327],[-3.662387,40.394717],[-3.656997,40.391887],[-3.654067,40.391587],[-3.654047,40.391587]]]}},{"type":"Feature","id":"barrio-141","properties":{"nombre":"Pavones","tipo":"barrio","contexto":"Distrito Moratalaz · Madrid"},"geometry":{"type":"Polygon","coordinates":[[[-3.625276,40.403658],[-3.626226,40.403978],[-3.626996,40.404398],[-3.627876,40.403768],[-3.628206,40.403858],[-3.634297,40.403778],[-3.636157,40.400967],[-3.639687,40.395607],[-3.639977,40.394797],[-3.629796,40.392567],[-3.627986,40.395807],[-3.627306,40.397307],[-3.626116,40.401767],[-3.625286,40.403658],[-3.625276,40.403658]]]}},{"type":"Feature","id":"barrio-142","properties":{"nombre":"Horcajo","tipo":"barrio","contexto":"Distrito Moratalaz · Madrid"},"geometry":{"type":"Polygon","coordinates":[[[-3.620366,40.413088],[-3.622486,40.413108],[-3.624246,40.413348],[-3.627596,40.414378],[-3.631266,40.407628],[-3.633477,40.404958],[-3.634287,40.403758],[-3.628206,40.403858],[-3.627876,40.403768],[-3.626996,40.404398],[-3.626226,40.403978],[-3.625276,40.403658],[-3.623956,40.406178],[-3.620356,40.413078],[-3.620366,40.413088]]]}},{"type":"Feature","id":"barrio-143","properties":{"nombre":"Marroquina","tipo":"barrio","contexto":"Distrito Moratalaz · Madrid"},"geometry":{"type":"Polygon","coordinates":[[[-3.627586,40.414378],[-3.629926,40.414998],[-3.632476,40.415188],[-3.639077,40.414458],[-3.642877,40.414508],[-3.646467,40.415058],[-3.650127,40.416098],[-3.650397,40.415678],[-3.653947,40.412348],[-3.653177,40.412228],[-3.651687,40.412268],[-3.653087,40.408818],[-3.652527,40.407778],[-3.651037,40.405708],[-3.641237,40.409828],[-3.640247,40.408528],[-3.639537,40.407028],[-3.639397,40.405878],[-3.639027,40.405998],[-3.638197,40.404998],[-3.637637,40.404528],[-3.636647,40.403998],[-3.635827,40.403798],[-3.634287,40.403758],[-3.633477,40.404958],[-3.631266,40.407628],[-3.627586,40.414378]]]}},{"type":"Feature","id":"barrio-144","properties":{"nombre":"Media Legua","tipo":"barrio","contexto":"Distrito Moratalaz · Madrid"},"geometry":{"type":"Polygon","coordinates":[[[-3.651037,40.405708],[-3.652527,40.407778],[-3.653087,40.408818],[-3.651687,40.412268],[-3.653177,40.412228],[-3.653947,40.412348],[-3.650397,40.415678],[-3.650137,40.416088],[-3.654017,40.417448],[-3.658697,40.418668],[-3.658977,40.417448],[-3.659447,40.416548],[-3.662927,40.410968],[-3.664097,40.408528],[-3.653657,40.405798],[-3.652467,40.405618],[-3.651047,40.405728],[-3.651037,40.405708]]]}},{"type":"Feature","id":"barrio-145","properties":{"nombre":"Fontarrón","tipo":"barrio","contexto":"Distrito Moratalaz · Madrid"},"geometry":{"type":"Polygon","coordinates":[[[-3.651047,40.405728],[-3.652467,40.405618],[-3.653657,40.405798],[-3.664097,40.408528],[-3.665207,40.406338],[-3.656717,40.405678],[-3.654857,40.405018],[-3.654017,40.404538],[-3.651327,40.402377],[-3.647057,40.398537],[-3.644287,40.396207],[-3.642627,40.395447],[-3.639977,40.394797],[-3.639687,40.395607],[-3.636167,40.400957],[-3.639997,40.402477],[-3.642227,40.402657],[-3.644407,40.403568],[-3.646667,40.403658],[-3.647477,40.403858],[-3.650567,40.405218],[-3.650827,40.405358],[-3.651027,40.405718],[-3.651047,40.405728]]]}},{"type":"Feature","id":"barrio-146","properties":{"nombre":"Vinateros","tipo":"barrio","contexto":"Distrito Moratalaz · Madrid"},"geometry":{"type":"Polygon","coordinates":[[[-3.634287,40.403758],[-3.635827,40.403798],[-3.636647,40.403998],[-3.637637,40.404528],[-3.638197,40.404998],[-3.639027,40.405998],[-3.639397,40.405878],[-3.639537,40.407028],[-3.640247,40.408528],[-3.641237,40.409828],[-3.651037,40.405728],[-3.650827,40.405358],[-3.650567,40.405218],[-3.647477,40.403858],[-3.646667,40.403658],[-3.644407,40.403568],[-3.642227,40.402657],[-3.639997,40.402477],[-3.636167,40.400957],[-3.634287,40.403758]]]}},{"type":"Feature","id":"barrio-151","properties":{"nombre":"Ventas","tipo":"barrio","contexto":"Distrito Ciudad Lineal · Madrid"},"geometry":{"type":"Polygon","coordinates":[[[-3.627586,40.414378],[-3.626776,40.415858],[-3.629906,40.418018],[-3.645667,40.426568],[-3.645537,40.427408],[-3.646137,40.430408],[-3.648217,40.433118],[-3.655387,40.432108],[-3.660827,40.431428],[-3.660597,40.429468],[-3.658697,40.418678],[-3.654017,40.417448],[-3.650137,40.416088],[-3.646467,40.415058],[-3.642877,40.414508],[-3.639077,40.414458],[-3.632476,40.415188],[-3.629926,40.414998],[-3.627586,40.414378]]]}},{"type":"Feature","id":"barrio-152","properties":{"nombre":"Pueblo Nuevo","tipo":"barrio","contexto":"Distrito Ciudad Lineal · Madrid"},"geometry":{"type":"Polygon","coordinates":[[[-3.620366,40.413088],[-3.621366,40.414788],[-3.626586,40.422108],[-3.628406,40.424478],[-3.629516,40.426168],[-3.638007,40.437899],[-3.639477,40.437309],[-3.648237,40.433118],[-3.646137,40.430408],[-3.645537,40.427408],[-3.645667,40.426568],[-3.629906,40.418018],[-3.626776,40.415858],[-3.627586,40.414378],[-3.624246,40.413348],[-3.622486,40.413108],[-3.620366,40.413088]]]}},{"type":"Feature","id":"barrio-153","properties":{"nombre":"Quintana","tipo":"barrio","contexto":"Distrito Ciudad Lineal · Madrid"},"geometry":{"type":"Polygon","coordinates":[[[-3.648237,40.433118],[-3.639477,40.437309],[-3.638027,40.437889],[-3.635467,40.438579],[-3.638367,40.442589],[-3.645987,40.439369],[-3.646547,40.438019],[-3.653407,40.434688],[-3.654937,40.434488],[-3.655807,40.434558],[-3.655887,40.434238],[-3.655367,40.432118],[-3.648237,40.433118]]]}},{"type":"Feature","id":"barrio-154","properties":{"nombre":"La Concepción","tipo":"barrio","contexto":"Distrito Ciudad Lineal · Madrid"},"geometry":{"type":"Polygon","coordinates":[[[-3.655367,40.432118],[-3.655887,40.434238],[-3.655807,40.434558],[-3.654937,40.434488],[-3.653407,40.434688],[-3.646547,40.438019],[-3.645987,40.439369],[-3.638357,40.442589],[-3.639167,40.443679],[-3.640217,40.444639],[-3.644897,40.446929],[-3.649447,40.441409],[-3.649907,40.440079],[-3.654017,40.437989],[-3.654527,40.436609],[-3.654997,40.436809],[-3.656417,40.435978],[-3.659707,40.436389],[-3.660807,40.431418],[-3.655377,40.432118],[-3.655367,40.432118]]]}},{"type":"Feature","id":"barrio-155","properties":{"nombre":"San Pascual","tipo":"barrio","contexto":"Distrito Ciudad Lineal · Madrid"},"geometry":{"type":"Polygon","coordinates":[[[-3.659707,40.436389],[-3.656417,40.435978],[-3.654997,40.436809],[-3.654527,40.436609],[-3.654017,40.437989],[-3.649907,40.440079],[-3.649447,40.441409],[-3.644907,40.446909],[-3.646477,40.447689],[-3.647447,40.448569],[-3.648117,40.449449],[-3.655867,40.446239],[-3.660607,40.444599],[-3.659757,40.443289],[-3.659357,40.442139],[-3.659227,40.440499],[-3.659297,40.438929],[-3.659687,40.436389],[-3.659707,40.436389]]]}},{"type":"Feature","id":"barrio-156","properties":{"nombre":"San Juan Bautista","tipo":"barrio","contexto":"Distrito Ciudad Lineal · Madrid"},"geometry":{"type":"Polygon","coordinates":[[[-3.660607,40.444599],[-3.655867,40.446239],[-3.648117,40.449449],[-3.651317,40.453699],[-3.654217,40.456909],[-3.660697,40.453799],[-3.663127,40.453169],[-3.662147,40.448459],[-3.661187,40.445669],[-3.660597,40.444609],[-3.660607,40.444599]]]}},{"type":"Feature","id":"barrio-157","properties":{"nombre":"Colina","tipo":"barrio","contexto":"Distrito Ciudad Lineal · Madrid"},"geometry":{"type":"Polygon","coordinates":[[[-3.663127,40.453169],[-3.660697,40.453799],[-3.654207,40.456919],[-3.656287,40.459429],[-3.660337,40.462179],[-3.662037,40.463369],[-3.663717,40.461899],[-3.662867,40.461299],[-3.663797,40.460579],[-3.664927,40.460049],[-3.663807,40.456809],[-3.663127,40.453159],[-3.663127,40.453169]]]}},{"type":"Feature","id":"barrio-158","properties":{"nombre":"Atalaya","tipo":"barrio","contexto":"Distrito Ciudad Lineal · Madrid"},"geometry":{"type":"Polygon","coordinates":[[[-3.662037,40.463379],[-3.662487,40.464069],[-3.663447,40.467489],[-3.668407,40.466709],[-3.664937,40.460029],[-3.663797,40.460579],[-3.662867,40.461299],[-3.663717,40.461899],[-3.662037,40.463379]]]}},{"type":"Feature","id":"barrio-159","properties":{"nombre":"Costillares","tipo":"barrio","contexto":"Distrito Ciudad Lineal · Madrid"},"geometry":{"type":"Polygon","coordinates":[[[-3.668407,40.466709],[-3.663447,40.467479],[-3.665437,40.47481],[-3.665767,40.47679],[-3.665547,40.47748],[-3.664897,40.47837],[-3.661207,40.482],[-3.659377,40.48291],[-3.667207,40.4841],[-3.670258,40.48418],[-3.673458,40.48405],[-3.673688,40.48216],[-3.674368,40.47871],[-3.674428,40.47718],[-3.674228,40.47556],[-3.673248,40.47305],[-3.668407,40.466699],[-3.668407,40.466709]]]}},{"type":"Feature","id":"barrio-161","properties":{"nombre":"Palomas","tipo":"barrio","contexto":"Distrito Hortaleza · Madrid"},"geometry":{"type":"Polygon","coordinates":[[[-3.605416,40.452779],[-3.606626,40.453499],[-3.612336,40.455289],[-3.617386,40.458149],[-3.618806,40.456379],[-3.619756,40.455619],[-3.620456,40.455259],[-3.625526,40.453409],[-3.626206,40.452969],[-3.626576,40.452399],[-3.626646,40.451939],[-3.626296,40.449539],[-3.619936,40.449689],[-3.607766,40.449659],[-3.604486,40.451759],[-3.605406,40.452779],[-3.605416,40.452779]]]}},{"type":"Feature","id":"barrio-162","properties":{"nombre":"Piovera","tipo":"barrio","contexto":"Distrito Hortaleza · Madrid"},"geometry":{"type":"Polygon","coordinates":[[[-3.623426,40.462669],[-3.624596,40.462579],[-3.635377,40.462689],[-3.637887,40.462609],[-3.638907,40.462279],[-3.641687,40.460399],[-3.644027,40.457619],[-3.644497,40.457219],[-3.647697,40.457089],[-3.652517,40.457129],[-3.654217,40.456899],[-3.651317,40.453699],[-3.648117,40.449449],[-3.646697,40.449789],[-3.646057,40.449809],[-3.637997,40.448589],[-3.636657,40.448559],[-3.630686,40.449369],[-3.626286,40.449509],[-3.626646,40.451939],[-3.626576,40.452399],[-3.626206,40.452969],[-3.625526,40.453409],[-3.620456,40.455259],[-3.619756,40.455619],[-3.618806,40.456379],[-3.617386,40.458149],[-3.620926,40.460139],[-3.621516,40.460579],[-3.623426,40.462659],[-3.623426,40.462669]]]}},{"type":"Feature","id":"barrio-163","properties":{"nombre":"Canillas","tipo":"barrio","contexto":"Distrito Hortaleza · Madrid"},"geometry":{"type":"Polygon","coordinates":[[[-3.627966,40.468479],[-3.628636,40.468369],[-3.632927,40.468909],[-3.634107,40.468599],[-3.638197,40.468999],[-3.641847,40.469039],[-3.642507,40.46949],[-3.650577,40.467359],[-3.654807,40.466839],[-3.656547,40.466399],[-3.657797,40.465729],[-3.659527,40.464269],[-3.659217,40.463729],[-3.659157,40.463229],[-3.660327,40.462209],[-3.656287,40.459429],[-3.654207,40.456919],[-3.652517,40.457129],[-3.647697,40.457089],[-3.644497,40.457219],[-3.644027,40.457619],[-3.641687,40.460399],[-3.638907,40.462279],[-3.637887,40.462609],[-3.635377,40.462689],[-3.624596,40.462579],[-3.623426,40.462669],[-3.627976,40.468479],[-3.627966,40.468479]]]}},{"type":"Feature","id":"barrio-164","properties":{"nombre":"Pinar del Rey","tipo":"barrio","contexto":"Distrito Hortaleza · Madrid"},"geometry":{"type":"Polygon","coordinates":[[[-3.627966,40.468479],[-3.630526,40.4711],[-3.634017,40.47402],[-3.641997,40.47975],[-3.650017,40.48126],[-3.654337,40.47682],[-3.655407,40.47512],[-3.656037,40.47361],[-3.657727,40.47103],[-3.658477,40.47106],[-3.662127,40.467969],[-3.663447,40.467479],[-3.662487,40.464069],[-3.662037,40.463379],[-3.660337,40.462189],[-3.659157,40.463229],[-3.659217,40.463729],[-3.659527,40.464269],[-3.657797,40.465729],[-3.656547,40.466399],[-3.654807,40.466839],[-3.650577,40.467359],[-3.642507,40.46949],[-3.641847,40.469039],[-3.638197,40.468999],[-3.634107,40.468599],[-3.632927,40.468909],[-3.628636,40.468369],[-3.627966,40.468479]]]}},{"type":"Feature","id":"barrio-165","properties":{"nombre":"Apóstol Santiago","tipo":"barrio","contexto":"Distrito Hortaleza · Madrid","aliases":["Manoteras"]},"geometry":{"type":"Polygon","coordinates":[[[-3.663447,40.467479],[-3.662127,40.467969],[-3.658477,40.47106],[-3.657727,40.47103],[-3.656037,40.47361],[-3.655407,40.47512],[-3.654337,40.47682],[-3.650017,40.48126],[-3.659347,40.48292],[-3.661207,40.482],[-3.664897,40.47837],[-3.665547,40.47748],[-3.665767,40.47679],[-3.665437,40.47481],[-3.663447,40.467479]]]}},{"type":"Feature","id":"barrio-166","properties":{"nombre":"Valdefuentes","tipo":"barrio","contexto":"Distrito Hortaleza · Madrid","aliases":["Sanchinarro","Las Cárcavas"]},"geometry":{"type":"Polygon","coordinates":[[[-3.601906,40.50146],[-3.602116,40.50145],[-3.602226,40.50125],[-3.602836,40.50132],[-3.602806,40.50143],[-3.603356,40.50174],[-3.605426,40.503601],[-3.605946,40.504191],[-3.606256,40.505461],[-3.606806,40.505981],[-3.608816,40.506991],[-3.611206,40.508901],[-3.612406,40.509081],[-3.613446,40.509571],[-3.614166,40.510111],[-3.614246,40.510681],[-3.615106,40.510931],[-3.615946,40.510871],[-3.618226,40.510071],[-3.619616,40.510211],[-3.620986,40.510101],[-3.621596,40.509831],[-3.622296,40.509221],[-3.622956,40.508981],[-3.623546,40.508991],[-3.625056,40.509411],[-3.625836,40.509321],[-3.628266,40.508381],[-3.631596,40.508361],[-3.633277,40.507661],[-3.633647,40.507831],[-3.639557,40.507891],[-3.642107,40.508211],[-3.643377,40.507941],[-3.644357,40.508131],[-3.644857,40.507901],[-3.645867,40.508441],[-3.647957,40.510411],[-3.649047,40.510801],[-3.652457,40.511111],[-3.652387,40.511431],[-3.654537,40.512781],[-3.656177,40.513091],[-3.657617,40.511711],[-3.657617,40.511721],[-3.658007,40.510931],[-3.658277,40.509661],[-3.658177,40.505281],[-3.658367,40.504461],[-3.658797,40.503571],[-3.661037,40.50073],[-3.662847,40.49882],[-3.670168,40.49292],[-3.671618,40.4915],[-3.672448,40.49008],[-3.672888,40.48878],[-3.673168,40.48722],[-3.673458,40.48406],[-3.670258,40.48418],[-3.667207,40.4841],[-3.659347,40.48291],[-3.650017,40.48126],[-3.641997,40.47975],[-3.634017,40.47402],[-3.630526,40.4711],[-3.627966,40.468479],[-3.624416,40.468699],[-3.624676,40.47004],[-3.624346,40.47113],[-3.623826,40.47182],[-3.624096,40.47253],[-3.624276,40.4729],[-3.624516,40.47301],[-3.624736,40.47341],[-3.625106,40.47453],[-3.625796,40.47526],[-3.625896,40.4761],[-3.625676,40.47634],[-3.625876,40.47658],[-3.625746,40.47707],[-3.625656,40.48158],[-3.625836,40.48224],[-3.618206,40.48228],[-3.615546,40.48496],[-3.601716,40.48503],[-3.601856,40.48932],[-3.601756,40.49462],[-3.601886,40.50148],[-3.601906,40.50146]]]}},{"type":"Feature","id":"barrio-171","properties":{"nombre":"Villaverde Alto - Casco Histórico de Villaverde","tipo":"barrio","contexto":"Distrito Villaverde · Madrid"},"geometry":{"type":"Polygon","coordinates":[[[-3.692298,40.320495],[-3.692538,40.332725],[-3.692948,40.345836],[-3.694108,40.345636],[-3.695798,40.345766],[-3.696818,40.345986],[-3.697898,40.346456],[-3.705768,40.352526],[-3.706328,40.353106],[-3.706899,40.354216],[-3.707069,40.355526],[-3.706839,40.356886],[-3.705158,40.363686],[-3.720989,40.364786],[-3.724929,40.334985],[-3.723669,40.333555],[-3.720169,40.330805],[-3.714449,40.328055],[-3.712909,40.325625],[-3.712539,40.323495],[-3.710079,40.323405],[-3.703118,40.322125],[-3.699618,40.322355],[-3.696158,40.322225],[-3.692998,40.320055],[-3.692308,40.320495],[-3.692298,40.320495]]]}},{"type":"Feature","id":"barrio-172","properties":{"nombre":"San Cristóbal","tipo":"barrio","contexto":"Distrito Villaverde · Madrid"},"geometry":{"type":"Polygon","coordinates":[[[-3.692548,40.332735],[-3.690328,40.333155],[-3.688988,40.333615],[-3.687698,40.334255],[-3.686518,40.335065],[-3.685728,40.335785],[-3.684528,40.337406],[-3.683978,40.338756],[-3.683748,40.340276],[-3.683788,40.350216],[-3.684008,40.350236],[-3.684498,40.349266],[-3.685088,40.348626],[-3.686658,40.347616],[-3.688008,40.347076],[-3.692968,40.345856],[-3.692548,40.332735]]]}},{"type":"Feature","id":"barrio-173","properties":{"nombre":"Butarque","tipo":"barrio","contexto":"Distrito Villaverde · Madrid"},"geometry":{"type":"Polygon","coordinates":[[[-3.692298,40.320495],[-3.690998,40.321025],[-3.687818,40.321915],[-3.686928,40.321935],[-3.685048,40.322265],[-3.683338,40.323325],[-3.682418,40.323585],[-3.681798,40.323955],[-3.680938,40.324615],[-3.680488,40.325635],[-3.679908,40.326065],[-3.679188,40.326345],[-3.677968,40.326485],[-3.677108,40.326425],[-3.675888,40.326105],[-3.674258,40.326095],[-3.670428,40.325025],[-3.669628,40.325045],[-3.668827,40.325345],[-3.667277,40.326265],[-3.666627,40.327205],[-3.665307,40.328055],[-3.664927,40.328415],[-3.665027,40.328475],[-3.663817,40.329055],[-3.663157,40.328915],[-3.662267,40.328455],[-3.661477,40.327855],[-3.660837,40.327715],[-3.659867,40.327775],[-3.659887,40.327885],[-3.657487,40.328945],[-3.657767,40.330555],[-3.658307,40.331595],[-3.658647,40.333385],[-3.658857,40.333825],[-3.660537,40.335415],[-3.661317,40.336495],[-3.661437,40.337606],[-3.661697,40.338096],[-3.662967,40.339186],[-3.663097,40.340826],[-3.664347,40.343466],[-3.664587,40.343746],[-3.665247,40.344096],[-3.668527,40.344796],[-3.669367,40.345236],[-3.669437,40.345506],[-3.669117,40.346186],[-3.669017,40.347416],[-3.669407,40.348626],[-3.669718,40.349186],[-3.670138,40.349436],[-3.672498,40.350196],[-3.673098,40.350606],[-3.673598,40.351866],[-3.673838,40.353006],[-3.674138,40.353296],[-3.675918,40.353786],[-3.676158,40.353966],[-3.676648,40.354926],[-3.677188,40.356796],[-3.677398,40.357116],[-3.677768,40.357456],[-3.679328,40.358196],[-3.680928,40.359716],[-3.682818,40.357626],[-3.683578,40.356226],[-3.683848,40.354846],[-3.683648,40.354586],[-3.683588,40.353626],[-3.683568,40.351496],[-3.683788,40.350236],[-3.683748,40.340276],[-3.683978,40.338756],[-3.684528,40.337406],[-3.685728,40.335785],[-3.686518,40.335065],[-3.687698,40.334255],[-3.688988,40.333615],[-3.690328,40.333155],[-3.692548,40.332735],[-3.692298,40.320495]]]}},{"type":"Feature","id":"barrio-174","properties":{"nombre":"Los Rosales","tipo":"barrio","contexto":"Distrito Villaverde · Madrid"},"geometry":{"type":"Polygon","coordinates":[[[-3.683788,40.350236],[-3.683568,40.351496],[-3.683588,40.353626],[-3.683648,40.354586],[-3.683848,40.354846],[-3.683578,40.356226],[-3.682818,40.357626],[-3.680948,40.359746],[-3.681468,40.360086],[-3.681918,40.361296],[-3.689448,40.363906],[-3.691248,40.364266],[-3.694008,40.364526],[-3.693418,40.360036],[-3.693168,40.356556],[-3.692978,40.345836],[-3.688008,40.347076],[-3.686658,40.347616],[-3.685088,40.348626],[-3.684498,40.349266],[-3.684008,40.350236],[-3.683788,40.350216],[-3.683788,40.350236]]]}},{"type":"Feature","id":"barrio-175","properties":{"nombre":"Ángeles","tipo":"barrio","contexto":"Distrito Villaverde · Madrid"},"geometry":{"type":"Polygon","coordinates":[[[-3.694018,40.364516],[-3.697448,40.364406],[-3.702098,40.363606],[-3.703228,40.363546],[-3.704898,40.363656],[-3.705148,40.363676],[-3.706839,40.356886],[-3.707069,40.355526],[-3.706899,40.354216],[-3.706328,40.353106],[-3.705768,40.352526],[-3.697898,40.346456],[-3.696818,40.345986],[-3.695798,40.345766],[-3.694108,40.345636],[-3.692968,40.345846],[-3.693168,40.356556],[-3.693418,40.360036],[-3.694008,40.364526],[-3.694018,40.364516]]]}},{"type":"Feature","id":"barrio-181","properties":{"nombre":"Casco Histórico de Vallecas","tipo":"barrio","contexto":"Distrito Villa de Vallecas · Madrid"},"geometry":{"type":"Polygon","coordinates":[[[-3.565225,40.360076],[-3.567405,40.360596],[-3.570165,40.361666],[-3.576225,40.365716],[-3.577045,40.364896],[-3.578625,40.363726],[-3.580515,40.362986],[-3.580425,40.362636],[-3.579615,40.361966],[-3.579785,40.361256],[-3.580515,40.360306],[-3.581075,40.359176],[-3.583695,40.352006],[-3.588045,40.352626],[-3.589325,40.353326],[-3.592035,40.354076],[-3.592425,40.354406],[-3.592545,40.354776],[-3.592485,40.355086],[-3.592095,40.355606],[-3.598076,40.357156],[-3.599686,40.357806],[-3.601076,40.358616],[-3.601976,40.359346],[-3.603826,40.361316],[-3.608996,40.363856],[-3.612426,40.360316],[-3.632476,40.370227],[-3.632527,40.375357],[-3.629956,40.377087],[-3.626566,40.377317],[-3.625206,40.376117],[-3.624646,40.375887],[-3.626506,40.374257],[-3.624766,40.373027],[-3.625716,40.372237],[-3.625076,40.371637],[-3.623746,40.368946],[-3.623766,40.368696],[-3.617606,40.369716],[-3.615406,40.370647],[-3.616086,40.371597],[-3.615216,40.371987],[-3.615596,40.372797],[-3.615646,40.373747],[-3.613606,40.379217],[-3.617276,40.379497],[-3.617306,40.380157],[-3.617566,40.380867],[-3.618396,40.380797],[-3.617366,40.381427],[-3.618946,40.382727],[-3.619136,40.383307],[-3.624576,40.382077],[-3.641497,40.377947],[-3.648567,40.376517],[-3.652357,40.376047],[-3.652747,40.375637],[-3.653567,40.373617],[-3.654387,40.370877],[-3.654697,40.370347],[-3.655587,40.369576],[-3.664427,40.364126],[-3.666677,40.362916],[-3.668237,40.362246],[-3.670118,40.361666],[-3.673698,40.361026],[-3.678748,40.360686],[-3.680328,40.360826],[-3.681928,40.361296],[-3.681468,40.360086],[-3.680948,40.359746],[-3.679328,40.358196],[-3.677768,40.357456],[-3.677398,40.357116],[-3.677188,40.356796],[-3.676648,40.354926],[-3.676158,40.353966],[-3.675918,40.353786],[-3.674138,40.353296],[-3.673838,40.353006],[-3.673598,40.351866],[-3.673098,40.350606],[-3.672498,40.350196],[-3.670138,40.349436],[-3.669718,40.349186],[-3.669407,40.348626],[-3.669017,40.347416],[-3.669117,40.346186],[-3.669437,40.345506],[-3.669367,40.345236],[-3.668527,40.344796],[-3.665247,40.344096],[-3.664587,40.343746],[-3.664347,40.343466],[-3.663097,40.340826],[-3.662967,40.339186],[-3.661697,40.338096],[-3.661437,40.337606],[-3.661317,40.336495],[-3.660537,40.335415],[-3.658857,40.333825],[-3.658647,40.333385],[-3.658307,40.331595],[-3.657767,40.330555],[-3.657517,40.328925],[-3.655047,40.330025],[-3.650277,40.332415],[-3.650017,40.332275],[-3.649547,40.332615],[-3.649147,40.333405],[-3.647207,40.332205],[-3.644537,40.330855],[-3.643947,40.330375],[-3.642887,40.329165],[-3.642037,40.328775],[-3.641357,40.328275],[-3.640367,40.327905],[-3.635997,40.325075],[-3.634967,40.324175],[-3.635157,40.324035],[-3.632947,40.322355],[-3.630406,40.320805],[-3.628136,40.319925],[-3.625966,40.319305],[-3.624666,40.320505],[-3.623506,40.319925],[-3.619976,40.319195],[-3.615936,40.317835],[-3.613846,40.315665],[-3.611116,40.314385],[-3.608086,40.313735],[-3.598226,40.312145],[-3.595305,40.312425],[-3.587395,40.312855],[-3.580615,40.313855],[-3.577935,40.313955],[-3.576095,40.314945],[-3.577765,40.314705],[-3.579255,40.315925],[-3.580455,40.316025],[-3.581855,40.315935],[-3.582375,40.316195],[-3.583785,40.315865],[-3.585045,40.318405],[-3.585045,40.320465],[-3.584335,40.322615],[-3.582455,40.326315],[-3.579485,40.328005],[-3.576725,40.330305],[-3.575245,40.331915],[-3.572705,40.333715],[-3.571845,40.334665],[-3.569905,40.337686],[-3.568205,40.340956],[-3.565315,40.344426],[-3.562115,40.347146],[-3.560695,40.349226],[-3.558865,40.350316],[-3.557644,40.352716],[-3.556594,40.353146],[-3.555084,40.354106],[-3.556134,40.354536],[-3.556984,40.355136],[-3.554224,40.356706],[-3.555244,40.357386],[-3.556814,40.357976],[-3.560675,40.359076],[-3.565185,40.360116],[-3.565225,40.360076]]]}},{"type":"Feature","id":"barrio-182","properties":{"nombre":"Santa Eugenia","tipo":"barrio","contexto":"Distrito Villa de Vallecas · Madrid"},"geometry":{"type":"Polygon","coordinates":[[[-3.600706,40.376717],[-3.600166,40.377057],[-3.599686,40.377617],[-3.599026,40.378847],[-3.597826,40.379657],[-3.599516,40.382327],[-3.600566,40.382527],[-3.601056,40.382877],[-3.601136,40.383407],[-3.600836,40.383927],[-3.601076,40.384647],[-3.601386,40.385117],[-3.602356,40.386197],[-3.603046,40.386537],[-3.603496,40.386667],[-3.604156,40.386637],[-3.605276,40.385987],[-3.605786,40.386497],[-3.606506,40.386247],[-3.608616,40.387537],[-3.609876,40.388107],[-3.611456,40.388577],[-3.621886,40.390857],[-3.624326,40.385017],[-3.625326,40.383237],[-3.624586,40.382097],[-3.619136,40.383307],[-3.618946,40.382727],[-3.617366,40.381427],[-3.618396,40.380797],[-3.617566,40.380867],[-3.617306,40.380157],[-3.617276,40.379497],[-3.613666,40.379247],[-3.612146,40.379107],[-3.610646,40.378757],[-3.603466,40.375947],[-3.602566,40.376247],[-3.601536,40.376367],[-3.600686,40.376727],[-3.600706,40.376717]]]}},{"type":"Feature","id":"barrio-183","properties":{"nombre":"Ensanche de Vallecas","tipo":"barrio","contexto":"Distrito Villa de Vallecas · Madrid"},"geometry":{"type":"Polygon","coordinates":[[[-3.600686,40.376727],[-3.601536,40.376367],[-3.602566,40.376247],[-3.603466,40.375947],[-3.610646,40.378757],[-3.612146,40.379107],[-3.613666,40.379247],[-3.615646,40.373747],[-3.615596,40.372797],[-3.615216,40.371987],[-3.616086,40.371597],[-3.615406,40.370647],[-3.617606,40.369716],[-3.623766,40.368696],[-3.623746,40.368946],[-3.625076,40.371637],[-3.625716,40.372237],[-3.624766,40.373027],[-3.626506,40.374257],[-3.624646,40.375887],[-3.625206,40.376117],[-3.626566,40.377317],[-3.629956,40.377087],[-3.632527,40.375357],[-3.632476,40.370227],[-3.612426,40.360316],[-3.608996,40.363856],[-3.603826,40.361316],[-3.601976,40.359346],[-3.601076,40.358616],[-3.599686,40.357806],[-3.598076,40.357156],[-3.592095,40.355606],[-3.592485,40.355086],[-3.592545,40.354776],[-3.592425,40.354406],[-3.592035,40.354076],[-3.589325,40.353326],[-3.588045,40.352626],[-3.583695,40.352006],[-3.581075,40.359176],[-3.580515,40.360306],[-3.579785,40.361256],[-3.579615,40.361966],[-3.580425,40.362636],[-3.580515,40.362986],[-3.578625,40.363726],[-3.577045,40.364896],[-3.576225,40.365736],[-3.577675,40.366596],[-3.578915,40.367006],[-3.583805,40.367336],[-3.585595,40.367866],[-3.598406,40.374147],[-3.599776,40.375217],[-3.600696,40.376697],[-3.600686,40.376727]]]}},{"type":"Feature","id":"barrio-191","properties":{"nombre":"Casco Histórico de Vicálvaro","tipo":"barrio","contexto":"Distrito Vicálvaro · Madrid"},"geometry":{"type":"Polygon","coordinates":[[[-3.577485,40.426008],[-3.577655,40.426038],[-3.578115,40.425248],[-3.579415,40.423758],[-3.582185,40.419618],[-3.582885,40.418098],[-3.583135,40.415748],[-3.584015,40.414208],[-3.588005,40.409588],[-3.588625,40.408378],[-3.591305,40.409268],[-3.595856,40.410508],[-3.601926,40.411678],[-3.607296,40.412428],[-3.610276,40.413108],[-3.610786,40.417888],[-3.613916,40.416938],[-3.618156,40.415248],[-3.619486,40.414258],[-3.620336,40.413088],[-3.623946,40.406178],[-3.617046,40.405608],[-3.617146,40.404538],[-3.616536,40.402978],[-3.614926,40.402827],[-3.612296,40.402027],[-3.606666,40.399777],[-3.606326,40.400657],[-3.604996,40.400337],[-3.603006,40.400327],[-3.601846,40.400157],[-3.600696,40.401667],[-3.602446,40.402587],[-3.602476,40.402797],[-3.600306,40.402787],[-3.599786,40.402447],[-3.598606,40.403398],[-3.597646,40.404648],[-3.594935,40.403518],[-3.593605,40.402337],[-3.601346,40.397617],[-3.602736,40.396577],[-3.603956,40.395207],[-3.605576,40.392527],[-3.606936,40.389767],[-3.608586,40.387557],[-3.606506,40.386247],[-3.605786,40.386497],[-3.605276,40.385987],[-3.604156,40.386637],[-3.603496,40.386667],[-3.603046,40.386537],[-3.602356,40.386197],[-3.601386,40.385117],[-3.601076,40.384647],[-3.600836,40.383927],[-3.601136,40.383407],[-3.601056,40.382877],[-3.600566,40.382527],[-3.599516,40.382327],[-3.597826,40.379657],[-3.599026,40.378847],[-3.599686,40.377617],[-3.600166,40.377057],[-3.600706,40.376717],[-3.599776,40.375217],[-3.598406,40.374147],[-3.585595,40.367866],[-3.583805,40.367336],[-3.578915,40.367006],[-3.577675,40.366596],[-3.576225,40.365736],[-3.570165,40.361666],[-3.567405,40.360596],[-3.565225,40.360076],[-3.561395,40.363196],[-3.558565,40.366076],[-3.556464,40.368786],[-3.552294,40.375247],[-3.549704,40.378257],[-3.540284,40.387157],[-3.538224,40.388757],[-3.533714,40.391647],[-3.537334,40.391317],[-3.542454,40.393127],[-3.542694,40.393107],[-3.542674,40.394037],[-3.546714,40.393147],[-3.549924,40.392817],[-3.552674,40.392987],[-3.554864,40.393367],[-3.557484,40.394227],[-3.583035,40.406238],[-3.585555,40.407298],[-3.576235,40.413128],[-3.577635,40.413658],[-3.578185,40.414838],[-3.578055,40.414988],[-3.579535,40.417338],[-3.578795,40.418308],[-3.577645,40.420258],[-3.576965,40.421628],[-3.576265,40.423898],[-3.575255,40.425568],[-3.577485,40.426008]]]}},{"type":"Feature","id":"barrio-192","properties":{"nombre":"Valdebernardo","tipo":"barrio","contexto":"Distrito Vicálvaro · Madrid"},"geometry":{"type":"Polygon","coordinates":[[[-3.608586,40.387557],[-3.606936,40.389767],[-3.605556,40.392517],[-3.606316,40.392767],[-3.608736,40.394037],[-3.608376,40.394407],[-3.609656,40.395247],[-3.608786,40.396087],[-3.609876,40.396817],[-3.606666,40.399777],[-3.612296,40.402027],[-3.614926,40.402827],[-3.616536,40.402978],[-3.617146,40.404538],[-3.617046,40.405608],[-3.623946,40.406178],[-3.625276,40.403658],[-3.626116,40.401767],[-3.627306,40.397307],[-3.627986,40.395807],[-3.629796,40.392567],[-3.621886,40.390837],[-3.611456,40.388577],[-3.609876,40.388107],[-3.608586,40.387547],[-3.608586,40.387557]]]}},{"type":"Feature","id":"barrio-193","properties":{"nombre":"Valderrivas","tipo":"barrio","contexto":"Distrito Vicálvaro · Madrid"},"geometry":{"type":"Polygon","coordinates":[[[-3.605576,40.392527],[-3.603956,40.395207],[-3.602736,40.396577],[-3.601346,40.397617],[-3.593605,40.402337],[-3.594935,40.403518],[-3.597646,40.404648],[-3.598606,40.403398],[-3.599786,40.402447],[-3.600306,40.402787],[-3.602476,40.402797],[-3.602446,40.402587],[-3.600696,40.401667],[-3.601846,40.400157],[-3.603006,40.400327],[-3.604996,40.400337],[-3.606326,40.400657],[-3.606676,40.399777],[-3.609876,40.396817],[-3.608786,40.396087],[-3.609656,40.395247],[-3.608376,40.394407],[-3.608736,40.394037],[-3.606316,40.392767],[-3.605556,40.392517],[-3.605576,40.392527]]]}},{"type":"Feature","id":"barrio-194","properties":{"nombre":"El Cañaveral","tipo":"barrio","contexto":"Distrito Vicálvaro · Madrid"},"geometry":{"type":"Polygon","coordinates":[[[-3.533634,40.391627],[-3.532864,40.391687],[-3.532084,40.391417],[-3.529154,40.389377],[-3.526894,40.389787],[-3.524344,40.390837],[-3.522594,40.391857],[-3.520413,40.392097],[-3.520323,40.393777],[-3.519603,40.397857],[-3.519503,40.397847],[-3.518583,40.400107],[-3.518153,40.402047],[-3.518233,40.403148],[-3.518993,40.404568],[-3.519203,40.405398],[-3.519353,40.406768],[-3.519223,40.408898],[-3.519953,40.409938],[-3.519823,40.409988],[-3.520343,40.410698],[-3.520793,40.411788],[-3.521734,40.413118],[-3.522534,40.414048],[-3.524494,40.415298],[-3.525234,40.416348],[-3.527664,40.417658],[-3.531244,40.420088],[-3.530284,40.414718],[-3.532094,40.414218],[-3.532854,40.414128],[-3.534044,40.414188],[-3.535214,40.414418],[-3.535674,40.413158],[-3.536164,40.412918],[-3.536244,40.412528],[-3.536914,40.412608],[-3.537604,40.412478],[-3.537914,40.412248],[-3.537944,40.411758],[-3.538334,40.411438],[-3.539704,40.411608],[-3.539814,40.411408],[-3.539814,40.410518],[-3.541354,40.410748],[-3.543524,40.411328],[-3.545014,40.411428],[-3.549324,40.412328],[-3.550524,40.411938],[-3.553444,40.411688],[-3.555544,40.412018],[-3.558755,40.413078],[-3.563735,40.413518],[-3.564825,40.413528],[-3.568435,40.412948],[-3.570945,40.411958],[-3.572345,40.411908],[-3.572935,40.411758],[-3.576325,40.413108],[-3.585555,40.407298],[-3.583035,40.406238],[-3.557484,40.394227],[-3.554864,40.393367],[-3.552674,40.392987],[-3.549924,40.392817],[-3.546714,40.393147],[-3.542674,40.394037],[-3.542694,40.393107],[-3.542454,40.393127],[-3.537334,40.391317],[-3.533634,40.391627]]]}},{"type":"Feature","id":"barrio-201","properties":{"nombre":"Simancas","tipo":"barrio","contexto":"Distrito San Blas - Canillejas · Madrid","aliases":["Julián Camarillo"]},"geometry":{"type":"Polygon","coordinates":[[[-3.625726,40.426418],[-3.623116,40.428428],[-3.622576,40.429228],[-3.621636,40.433078],[-3.620376,40.433578],[-3.619566,40.433758],[-3.616096,40.433768],[-3.612176,40.434598],[-3.612476,40.435688],[-3.616906,40.443699],[-3.635477,40.438559],[-3.638027,40.437889],[-3.629516,40.426168],[-3.628406,40.424478],[-3.625726,40.426418]]]}},{"type":"Feature","id":"barrio-202","properties":{"nombre":"Hellín","tipo":"barrio","contexto":"Distrito San Blas - Canillejas · Madrid"},"geometry":{"type":"Polygon","coordinates":[[[-3.610986,40.429008],[-3.612176,40.434598],[-3.616096,40.433768],[-3.619566,40.433758],[-3.620376,40.433578],[-3.621636,40.433078],[-3.622576,40.429228],[-3.623116,40.428428],[-3.625726,40.426418],[-3.625236,40.425768],[-3.624766,40.425978],[-3.624356,40.426228],[-3.622646,40.427988],[-3.620226,40.429088],[-3.615606,40.429538],[-3.615056,40.428008],[-3.613456,40.427988],[-3.612486,40.427478],[-3.611216,40.428638],[-3.610986,40.429018],[-3.610986,40.429008]]]}},{"type":"Feature","id":"barrio-203","properties":{"nombre":"Amposta","tipo":"barrio","contexto":"Distrito San Blas - Canillejas · Madrid"},"geometry":{"type":"Polygon","coordinates":[[[-3.626596,40.422118],[-3.620366,40.424738],[-3.620806,40.425338],[-3.617986,40.426918],[-3.615066,40.428008],[-3.615606,40.429538],[-3.620226,40.429088],[-3.622646,40.427988],[-3.624356,40.426228],[-3.624766,40.425978],[-3.625236,40.425768],[-3.625726,40.426418],[-3.628406,40.424478],[-3.626596,40.422118]]]}},{"type":"Feature","id":"barrio-204","properties":{"nombre":"Arcos","tipo":"barrio","contexto":"Distrito San Blas - Canillejas · Madrid"},"geometry":{"type":"Polygon","coordinates":[[[-3.610806,40.417948],[-3.611636,40.425218],[-3.610986,40.429018],[-3.611216,40.428638],[-3.612486,40.427478],[-3.613456,40.427988],[-3.615066,40.427998],[-3.617986,40.426918],[-3.620806,40.425338],[-3.620366,40.424738],[-3.626596,40.422118],[-3.621366,40.414788],[-3.620366,40.413088],[-3.619486,40.414258],[-3.618156,40.415248],[-3.613916,40.416938],[-3.610806,40.417948]]]}},{"type":"Feature","id":"barrio-205","properties":{"nombre":"Rosas","tipo":"barrio","contexto":"Distrito San Blas - Canillejas · Madrid"},"geometry":{"type":"Polygon","coordinates":[[[-3.564125,40.438059],[-3.573965,40.438629],[-3.575395,40.438999],[-3.578385,40.440709],[-3.579455,40.441189],[-3.580455,40.441439],[-3.593535,40.442639],[-3.595395,40.442979],[-3.596826,40.443729],[-3.601896,40.447049],[-3.602786,40.448069],[-3.603116,40.448769],[-3.603376,40.449889],[-3.605846,40.449659],[-3.605126,40.447959],[-3.605856,40.447119],[-3.602506,40.441039],[-3.602406,40.440459],[-3.602516,40.439799],[-3.604676,40.437039],[-3.605386,40.436329],[-3.605826,40.436999],[-3.609396,40.435298],[-3.612186,40.434588],[-3.610986,40.429008],[-3.611636,40.425218],[-3.610806,40.417948],[-3.610276,40.413108],[-3.607296,40.412428],[-3.601926,40.411678],[-3.595856,40.410508],[-3.591305,40.409268],[-3.588625,40.408378],[-3.588005,40.409588],[-3.584015,40.414208],[-3.583135,40.415748],[-3.582885,40.418098],[-3.582185,40.419618],[-3.579415,40.423758],[-3.578115,40.425248],[-3.577655,40.426038],[-3.577485,40.426008],[-3.576535,40.428698],[-3.576335,40.429668],[-3.576985,40.429818],[-3.577275,40.430498],[-3.579145,40.433138],[-3.579135,40.433608],[-3.575125,40.434088],[-3.575275,40.435008],[-3.575965,40.436739],[-3.573825,40.437669],[-3.568575,40.436209],[-3.566355,40.437429],[-3.564145,40.438059],[-3.564125,40.438059]]]}},{"type":"Feature","id":"barrio-206","properties":{"nombre":"Rejas","tipo":"barrio","contexto":"Distrito San Blas - Canillejas · Madrid","aliases":["Plenilunio"]},"geometry":{"type":"Polygon","coordinates":[[[-3.531344,40.447079],[-3.533094,40.446639],[-3.534434,40.446559],[-3.537644,40.447279],[-3.553494,40.449089],[-3.558345,40.449469],[-3.579925,40.449919],[-3.593285,40.450039],[-3.599586,40.450169],[-3.603386,40.449889],[-3.603116,40.448769],[-3.602786,40.448069],[-3.601896,40.447049],[-3.596826,40.443729],[-3.595395,40.442979],[-3.593535,40.442639],[-3.580455,40.441439],[-3.579455,40.441189],[-3.578385,40.440709],[-3.575395,40.438999],[-3.573965,40.438629],[-3.564125,40.438059],[-3.561665,40.437939],[-3.559985,40.438169],[-3.559095,40.438439],[-3.553144,40.441249],[-3.552284,40.441529],[-3.550404,40.441969],[-3.545184,40.442599],[-3.541334,40.443609],[-3.540804,40.444619],[-3.537954,40.444299],[-3.538384,40.444999],[-3.535564,40.444699],[-3.534974,40.444949],[-3.535474,40.446469],[-3.534024,40.446239],[-3.533324,40.446319],[-3.531114,40.446879],[-3.531304,40.447089],[-3.531344,40.447079]]]}},{"type":"Feature","id":"barrio-207","properties":{"nombre":"Canillejas","tipo":"barrio","contexto":"Distrito San Blas - Canillejas · Madrid"},"geometry":{"type":"Polygon","coordinates":[[[-3.619936,40.449679],[-3.619566,40.447749],[-3.619206,40.446939],[-3.618516,40.446259],[-3.618026,40.445019],[-3.617376,40.444909],[-3.616646,40.444569],[-3.616126,40.444129],[-3.616906,40.443699],[-3.612476,40.435688],[-3.612186,40.434608],[-3.609396,40.435298],[-3.605826,40.436999],[-3.605386,40.436329],[-3.604676,40.437039],[-3.602516,40.439799],[-3.602406,40.440459],[-3.602506,40.441039],[-3.605856,40.447119],[-3.605126,40.447959],[-3.605846,40.449659],[-3.607756,40.449669],[-3.619936,40.449679]]]}},{"type":"Feature","id":"barrio-208","properties":{"nombre":"El Salvador","tipo":"barrio","contexto":"Distrito San Blas - Canillejas · Madrid"},"geometry":{"type":"Polygon","coordinates":[[[-3.626286,40.449509],[-3.630686,40.449369],[-3.636657,40.448559],[-3.637997,40.448589],[-3.646057,40.449809],[-3.646697,40.449789],[-3.648117,40.449449],[-3.647447,40.448569],[-3.646477,40.447689],[-3.644907,40.446909],[-3.640217,40.444639],[-3.639167,40.443679],[-3.638357,40.442589],[-3.635467,40.438579],[-3.616896,40.443699],[-3.616126,40.444129],[-3.616646,40.444569],[-3.617376,40.444909],[-3.618026,40.445019],[-3.618516,40.446259],[-3.619206,40.446939],[-3.619566,40.447749],[-3.619936,40.449679],[-3.626286,40.449529],[-3.626286,40.449509]]]}},{"type":"Feature","id":"barrio-211","properties":{"nombre":"Alameda de Osuna","tipo":"barrio","contexto":"Distrito Barajas · Madrid","aliases":["El Capricho"]},"geometry":{"type":"Polygon","coordinates":[[[-3.593245,40.450049],[-3.590495,40.450629],[-3.589045,40.451409],[-3.577905,40.460659],[-3.580555,40.462489],[-3.580865,40.462279],[-3.583415,40.464769],[-3.584535,40.465339],[-3.588415,40.462679],[-3.599816,40.457609],[-3.600826,40.456859],[-3.605426,40.452759],[-3.604486,40.451759],[-3.607756,40.449669],[-3.605846,40.449659],[-3.603396,40.449889],[-3.599586,40.450169],[-3.593245,40.450049]]]}},{"type":"Feature","id":"barrio-212","properties":{"nombre":"Aeropuerto","tipo":"barrio","contexto":"Distrito Barajas · Madrid"},"geometry":{"type":"Polygon","coordinates":[[[-3.531344,40.447079],[-3.532164,40.448099],[-3.533454,40.450549],[-3.534454,40.451779],[-3.534564,40.452379],[-3.533174,40.454019],[-3.532174,40.454659],[-3.531164,40.454729],[-3.529914,40.454339],[-3.528454,40.454409],[-3.527204,40.454769],[-3.526744,40.455049],[-3.526494,40.455379],[-3.526574,40.455979],[-3.527024,40.456689],[-3.529014,40.458379],[-3.529494,40.460059],[-3.529544,40.460749],[-3.528674,40.463599],[-3.527774,40.464839],[-3.526304,40.466149],[-3.525154,40.467479],[-3.524924,40.468199],[-3.524914,40.469119],[-3.525524,40.46971],[-3.526764,40.47039],[-3.530774,40.47129],[-3.532804,40.47143],[-3.533374,40.47162],[-3.533884,40.472],[-3.534284,40.47296],[-3.534514,40.47694],[-3.534724,40.47812],[-3.534674,40.47874],[-3.534864,40.4793],[-3.534814,40.47994],[-3.535744,40.48225],[-3.536754,40.48356],[-3.537214,40.48441],[-3.536874,40.48645],[-3.537474,40.48693],[-3.539934,40.48818],[-3.540744,40.48843],[-3.540904,40.4886],[-3.541134,40.49016],[-3.541164,40.49152],[-3.541724,40.49278],[-3.541634,40.49381],[-3.541714,40.4941],[-3.543984,40.49563],[-3.545474,40.49612],[-3.546784,40.49673],[-3.550164,40.49778],[-3.552344,40.49901],[-3.552774,40.49935],[-3.553244,40.5],[-3.553554,40.50196],[-3.553354,40.502471],[-3.555164,40.503161],[-3.554894,40.505461],[-3.555074,40.508571],[-3.554204,40.511341],[-3.558324,40.511261],[-3.561605,40.510691],[-3.561695,40.511161],[-3.564935,40.512061],[-3.571985,40.512411],[-3.575815,40.510421],[-3.577885,40.510381],[-3.582835,40.508471],[-3.584645,40.506731],[-3.586755,40.505391],[-3.589045,40.504531],[-3.593155,40.50155],[-3.593195,40.50142],[-3.593765,40.50148],[-3.594165,40.50127],[-3.594685,40.50122],[-3.595405,40.50135],[-3.596126,40.50123],[-3.597826,40.50127],[-3.598796,40.50146],[-3.599326,40.50174],[-3.599646,40.50166],[-3.599996,40.50181],[-3.600626,40.50166],[-3.601226,40.50173],[-3.601596,40.50145],[-3.601826,40.50145],[-3.601756,40.49462],[-3.601856,40.48932],[-3.601716,40.48502],[-3.601766,40.47983],[-3.584065,40.47987],[-3.581895,40.4798],[-3.580545,40.47959],[-3.579465,40.47924],[-3.578315,40.47858],[-3.575035,40.47564],[-3.574295,40.47448],[-3.574255,40.47337],[-3.574625,40.47166],[-3.576015,40.47134],[-3.576835,40.47162],[-3.578045,40.47063],[-3.579275,40.46989],[-3.580455,40.467929],[-3.581555,40.467459],[-3.582255,40.467699],[-3.582505,40.467059],[-3.583155,40.466269],[-3.584555,40.465329],[-3.583415,40.464769],[-3.580865,40.462279],[-3.580555,40.462489],[-3.577905,40.460659],[-3.589045,40.451409],[-3.590495,40.450629],[-3.593245,40.450049],[-3.579925,40.449919],[-3.558345,40.449469],[-3.553494,40.449089],[-3.537644,40.447279],[-3.534434,40.446559],[-3.533094,40.446639],[-3.531344,40.447079]]]}},{"type":"Feature","id":"barrio-213","properties":{"nombre":"Casco Histórico de Barajas","tipo":"barrio","contexto":"Distrito Barajas · Madrid"},"geometry":{"type":"Polygon","coordinates":[[[-3.582255,40.467699],[-3.581555,40.467459],[-3.580455,40.467929],[-3.579275,40.46989],[-3.578045,40.47063],[-3.576835,40.47162],[-3.576015,40.47134],[-3.574625,40.47166],[-3.574255,40.47337],[-3.574295,40.47448],[-3.575035,40.47564],[-3.578315,40.47858],[-3.579465,40.47924],[-3.580545,40.47959],[-3.580555,40.47919],[-3.580865,40.47883],[-3.581385,40.47853],[-3.582355,40.47551],[-3.582295,40.47437],[-3.581495,40.47065],[-3.581395,40.46926],[-3.582245,40.467689],[-3.582255,40.467699]]]}},{"type":"Feature","id":"barrio-214","properties":{"nombre":"Timón","tipo":"barrio","contexto":"Distrito Barajas · Madrid","aliases":["Valdebebas"]},"geometry":{"type":"Polygon","coordinates":[[[-3.582245,40.467689],[-3.581395,40.46926],[-3.581495,40.47065],[-3.582295,40.47437],[-3.582355,40.47551],[-3.581385,40.47853],[-3.580865,40.47883],[-3.580555,40.47919],[-3.580545,40.47959],[-3.581895,40.4798],[-3.584065,40.47987],[-3.601766,40.47983],[-3.601716,40.48502],[-3.615546,40.48496],[-3.618206,40.48228],[-3.625836,40.48224],[-3.625656,40.48158],[-3.625746,40.47707],[-3.625876,40.47658],[-3.625676,40.47634],[-3.625896,40.4761],[-3.625796,40.47526],[-3.625106,40.47453],[-3.624736,40.47341],[-3.624516,40.47301],[-3.624276,40.4729],[-3.624126,40.47253],[-3.622926,40.47234],[-3.619746,40.47219],[-3.608516,40.47184],[-3.607356,40.4717],[-3.606006,40.47135],[-3.601436,40.46987],[-3.598096,40.4692],[-3.594465,40.468849],[-3.584755,40.468519],[-3.584175,40.468429],[-3.582265,40.467679],[-3.582245,40.467689]]]}},{"type":"Feature","id":"barrio-215","properties":{"nombre":"Corralejos","tipo":"barrio","contexto":"Distrito Barajas · Madrid"},"geometry":{"type":"Polygon","coordinates":[[[-3.605426,40.452759],[-3.600826,40.456859],[-3.599816,40.457609],[-3.588415,40.462679],[-3.584545,40.465329],[-3.583155,40.466269],[-3.582505,40.467059],[-3.582255,40.467689],[-3.584175,40.468429],[-3.584755,40.468519],[-3.594465,40.468849],[-3.598096,40.4692],[-3.601436,40.46987],[-3.606006,40.47135],[-3.607356,40.4717],[-3.608516,40.47184],[-3.619746,40.47219],[-3.622926,40.47234],[-3.624126,40.47253],[-3.623826,40.47182],[-3.624346,40.47113],[-3.624676,40.47004],[-3.624416,40.468699],[-3.627966,40.468479],[-3.623426,40.462669],[-3.621516,40.460579],[-3.620926,40.460139],[-3.617386,40.458149],[-3.612336,40.455289],[-3.606626,40.453499],[-3.605416,40.452779],[-3.605426,40.452759]]]}},{"type":"Feature","id":"distrito-01","properties":{"nombre":"Centro","tipo":"distrito","contexto":"Madrid"},"geometry":{"type":"Polygon","coordinates":[[[-3.691858,40.408438],[-3.692838,40.407778],[-3.693158,40.407348],[-3.693228,40.406988],[-3.694098,40.407278],[-3.702528,40.405078],[-3.703858,40.405198],[-3.712019,40.406738],[-3.716739,40.408698],[-3.718309,40.411108],[-3.716909,40.413908],[-3.722929,40.413978],[-3.722849,40.415328],[-3.722379,40.417168],[-3.722049,40.418458],[-3.720699,40.419468],[-3.720189,40.420258],[-3.715509,40.420408],[-3.713389,40.421818],[-3.713049,40.422178],[-3.710899,40.423428],[-3.711709,40.424298],[-3.716239,40.430658],[-3.705798,40.429598],[-3.701938,40.428978],[-3.695748,40.427648],[-3.691378,40.425488],[-3.690438,40.425268],[-3.693098,40.419328],[-3.692968,40.418888],[-3.693158,40.418488],[-3.693628,40.415888],[-3.692358,40.410198],[-3.691928,40.409078],[-3.692018,40.408688],[-3.691848,40.408428],[-3.691858,40.408438]]]}},{"type":"Feature","id":"distrito-02","properties":{"nombre":"Arganzuela","tipo":"distrito","contexto":"Madrid"},"geometry":{"type":"Polygon","coordinates":[[[-3.722929,40.413978],[-3.716909,40.413908],[-3.718309,40.411108],[-3.716739,40.408698],[-3.712019,40.406738],[-3.703858,40.405198],[-3.702528,40.405078],[-3.694098,40.407278],[-3.693228,40.406988],[-3.693158,40.407348],[-3.692838,40.407778],[-3.691858,40.408438],[-3.688628,40.406378],[-3.686708,40.404628],[-3.684678,40.403218],[-3.682528,40.402347],[-3.682298,40.402357],[-3.679058,40.400787],[-3.676808,40.398947],[-3.675718,40.398207],[-3.675068,40.397527],[-3.674448,40.396567],[-3.673538,40.394307],[-3.675258,40.393267],[-3.678718,40.390507],[-3.682348,40.385127],[-3.683158,40.384287],[-3.683608,40.384007],[-3.684318,40.383797],[-3.688228,40.382987],[-3.689758,40.382337],[-3.692158,40.384097],[-3.698098,40.389077],[-3.702408,40.393627],[-3.703388,40.394437],[-3.704648,40.395217],[-3.708219,40.396107],[-3.710799,40.397007],[-3.712159,40.397887],[-3.713439,40.398967],[-3.714049,40.399357],[-3.714899,40.399677],[-3.716419,40.399997],[-3.718999,40.399837],[-3.720339,40.400097],[-3.721699,40.400957],[-3.721939,40.401337],[-3.722389,40.402567],[-3.722709,40.404548],[-3.722649,40.405828],[-3.721819,40.408508],[-3.722609,40.411378],[-3.722919,40.412008],[-3.722959,40.413978],[-3.722929,40.413978]]]}},{"type":"Feature","id":"distrito-03","properties":{"nombre":"Retiro","tipo":"distrito","contexto":"Madrid"},"geometry":{"type":"Polygon","coordinates":[[[-3.658697,40.418678],[-3.658977,40.417448],[-3.659447,40.416548],[-3.662927,40.410968],[-3.665217,40.406338],[-3.666777,40.402627],[-3.668267,40.399637],[-3.669618,40.397837],[-3.670958,40.396577],[-3.672038,40.395307],[-3.673518,40.394307],[-3.674448,40.396567],[-3.675068,40.397527],[-3.675718,40.398207],[-3.676808,40.398947],[-3.679058,40.400787],[-3.682298,40.402357],[-3.682528,40.402347],[-3.684678,40.403218],[-3.686708,40.404628],[-3.688628,40.406378],[-3.691858,40.408438],[-3.692018,40.408688],[-3.691928,40.409078],[-3.692358,40.410198],[-3.693628,40.415888],[-3.693158,40.418488],[-3.692968,40.418888],[-3.693088,40.419338],[-3.688708,40.419998],[-3.679438,40.421688],[-3.669007,40.421198],[-3.658707,40.418678],[-3.658697,40.418678]]]}},{"type":"Feature","id":"distrito-04","properties":{"nombre":"Salamanca","tipo":"distrito","contexto":"Madrid"},"geometry":{"type":"Polygon","coordinates":[[[-3.660597,40.444609],[-3.660117,40.443949],[-3.659477,40.442629],[-3.659217,40.440499],[-3.659287,40.438929],[-3.659887,40.435108],[-3.660787,40.431408],[-3.660567,40.429448],[-3.658667,40.418658],[-3.669007,40.421198],[-3.679438,40.421688],[-3.688708,40.419998],[-3.693088,40.419338],[-3.690458,40.425258],[-3.688418,40.433038],[-3.688758,40.435158],[-3.690718,40.437969],[-3.677428,40.437429],[-3.674918,40.438799],[-3.672358,40.439289],[-3.670498,40.439889],[-3.665287,40.442869],[-3.664317,40.443329],[-3.660627,40.444629],[-3.660597,40.444609]]]}},{"type":"Feature","id":"distrito-05","properties":{"nombre":"Chamartín","tipo":"distrito","contexto":"Madrid"},"geometry":{"type":"Polygon","coordinates":[[[-3.673458,40.48406],[-3.673668,40.4822],[-3.674348,40.47875],[-3.674408,40.47722],[-3.674168,40.47547],[-3.673228,40.47309],[-3.668387,40.466739],[-3.664917,40.460069],[-3.663777,40.456849],[-3.662267,40.448979],[-3.661447,40.446419],[-3.660577,40.444649],[-3.664317,40.443329],[-3.665287,40.442869],[-3.670498,40.439889],[-3.672358,40.439289],[-3.674918,40.438799],[-3.677428,40.437429],[-3.690718,40.437989],[-3.691788,40.441269],[-3.691258,40.446229],[-3.689338,40.466049],[-3.687118,40.47416],[-3.685128,40.48124],[-3.685088,40.48195],[-3.685218,40.48229],[-3.683938,40.4824],[-3.680488,40.48346],[-3.678698,40.48384],[-3.673458,40.48407],[-3.673458,40.48406]]]}},{"type":"Feature","id":"distrito-06","properties":{"nombre":"Tetuán","tipo":"distrito","contexto":"Madrid"},"geometry":{"type":"Polygon","coordinates":[[[-3.713279,40.468509],[-3.712959,40.468979],[-3.712489,40.4702],[-3.712149,40.47064],[-3.711609,40.47102],[-3.710699,40.47129],[-3.704368,40.47192],[-3.703458,40.47246],[-3.701338,40.47442],[-3.700268,40.47493],[-3.699028,40.47489],[-3.697808,40.47452],[-3.695988,40.47477],[-3.694018,40.47453],[-3.692328,40.4747],[-3.690988,40.47442],[-3.689238,40.47466],[-3.688868,40.4744],[-3.687128,40.47412],[-3.689338,40.466049],[-3.691258,40.446219],[-3.708299,40.447109],[-3.711729,40.452289],[-3.713269,40.453039],[-3.712679,40.453919],[-3.713119,40.454899],[-3.712859,40.455469],[-3.709029,40.461289],[-3.708469,40.462409],[-3.709099,40.463479],[-3.709259,40.464029],[-3.709799,40.464819],[-3.710919,40.465999],[-3.711389,40.466249],[-3.713279,40.468499],[-3.713279,40.468509]]]}},{"type":"Feature","id":"distrito-07","properties":{"nombre":"Chamberí","tipo":"distrito","contexto":"Madrid"},"geometry":{"type":"Polygon","coordinates":[[[-3.691258,40.446229],[-3.691788,40.441269],[-3.690718,40.437989],[-3.688758,40.435158],[-3.688418,40.433038],[-3.690458,40.425258],[-3.691378,40.425488],[-3.695748,40.427648],[-3.701938,40.428978],[-3.705798,40.429598],[-3.716229,40.430648],[-3.717959,40.432998],[-3.717229,40.433098],[-3.718399,40.434778],[-3.717599,40.439859],[-3.719149,40.442849],[-3.719769,40.443759],[-3.719899,40.445039],[-3.718169,40.446669],[-3.717249,40.446689],[-3.714729,40.445769],[-3.709189,40.447129],[-3.708289,40.447089],[-3.691258,40.446219],[-3.691258,40.446229]]]}},{"type":"Feature","id":"distrito-08","properties":{"nombre":"Fuencarral - El Pardo","tipo":"distrito","contexto":"Madrid"},"geometry":{"type":"Polygon","coordinates":[[[-3.836652,40.47958],[-3.836472,40.48058],[-3.836682,40.48085],[-3.836342,40.48119],[-3.836262,40.4817],[-3.836022,40.48205],[-3.835102,40.48256],[-3.833342,40.48599],[-3.833212,40.48785],[-3.833472,40.48985],[-3.834232,40.49196],[-3.834472,40.49408],[-3.835732,40.4953],[-3.837752,40.49767],[-3.839462,40.49941],[-3.838702,40.502851],[-3.837792,40.504271],[-3.837172,40.505921],[-3.849232,40.509051],[-3.849782,40.508841],[-3.852302,40.509611],[-3.852612,40.509811],[-3.854092,40.512031],[-3.853432,40.514571],[-3.852302,40.515511],[-3.851952,40.516771],[-3.851362,40.517681],[-3.851812,40.518311],[-3.853402,40.519551],[-3.854462,40.521391],[-3.854452,40.522601],[-3.853782,40.524441],[-3.854842,40.525541],[-3.855123,40.525651],[-3.856203,40.526951],[-3.857793,40.527901],[-3.858353,40.529351],[-3.858433,40.529791],[-3.858203,40.530131],[-3.858663,40.530401],[-3.859613,40.531281],[-3.860683,40.532901],[-3.861423,40.533331],[-3.862213,40.534111],[-3.863063,40.534671],[-3.863913,40.537552],[-3.863913,40.539252],[-3.864303,40.539632],[-3.865043,40.541842],[-3.865533,40.542402],[-3.865693,40.543422],[-3.867353,40.545512],[-3.869503,40.547432],[-3.869133,40.548222],[-3.870843,40.551172],[-3.872233,40.552322],[-3.872863,40.553462],[-3.873133,40.554742],[-3.873023,40.555292],[-3.873933,40.557612],[-3.874133,40.557792],[-3.875223,40.558152],[-3.875533,40.558842],[-3.879043,40.559632],[-3.882183,40.559692],[-3.884303,40.560522],[-3.885083,40.561092],[-3.885033,40.561812],[-3.884003,40.563222],[-3.883923,40.563912],[-3.885833,40.565492],[-3.886893,40.566182],[-3.887173,40.566522],[-3.887983,40.568342],[-3.888113,40.569063],[-3.889043,40.570913],[-3.888483,40.572283],[-3.885813,40.574173],[-3.885343,40.575113],[-3.883803,40.579163],[-3.883853,40.580383],[-3.884253,40.581353],[-3.883523,40.582593],[-3.883893,40.583443],[-3.883773,40.585323],[-3.883573,40.585313],[-3.880433,40.586893],[-3.878403,40.588073],[-3.876933,40.588643],[-3.876193,40.589283],[-3.876253,40.589983],[-3.873983,40.591163],[-3.871923,40.591393],[-3.868723,40.592063],[-3.867443,40.592173],[-3.866023,40.591793],[-3.865533,40.591283],[-3.864973,40.590413],[-3.863603,40.589503],[-3.861373,40.588893],[-3.859993,40.588183],[-3.858563,40.587913],[-3.855463,40.588223],[-3.855023,40.588003],[-3.853742,40.588843],[-3.852952,40.589103],[-3.850262,40.590453],[-3.848782,40.590963],[-3.845672,40.591363],[-3.844652,40.591933],[-3.842782,40.592493],[-3.841712,40.592673],[-3.841422,40.592613],[-3.840572,40.592413],[-3.837712,40.591353],[-3.836702,40.591573],[-3.835412,40.592113],[-3.833342,40.593503],[-3.831942,40.593853],[-3.830182,40.594033],[-3.828082,40.594593],[-3.826412,40.594733],[-3.822762,40.594383],[-3.820302,40.595003],[-3.816151,40.595003],[-3.814451,40.595413],[-3.813941,40.596133],[-3.812541,40.596903],[-3.806031,40.599863],[-3.809391,40.605014],[-3.810171,40.606664],[-3.810791,40.607064],[-3.811471,40.607264],[-3.812801,40.608164],[-3.812831,40.608284],[-3.812411,40.608484],[-3.811811,40.608724],[-3.811471,40.608714],[-3.810841,40.609394],[-3.809981,40.609434],[-3.809761,40.609804],[-3.809441,40.609864],[-3.809371,40.609494],[-3.809201,40.609304],[-3.808251,40.609164],[-3.807411,40.609204],[-3.806221,40.609504],[-3.806091,40.609254],[-3.806471,40.608644],[-3.806151,40.607914],[-3.804921,40.607194],[-3.802221,40.606304],[-3.801741,40.606344],[-3.800571,40.605894],[-3.800361,40.604824],[-3.803571,40.599033],[-3.803431,40.598853],[-3.801191,40.598863],[-3.799201,40.598463],[-3.797331,40.599673],[-3.796831,40.599853],[-3.795401,40.599883],[-3.790001,40.598953],[-3.789141,40.599063],[-3.786411,40.600343],[-3.785111,40.600443],[-3.784551,40.601043],[-3.783571,40.601734],[-3.782891,40.601684],[-3.782351,40.601433],[-3.781721,40.600783],[-3.77987,40.601143],[-3.77902,40.601724],[-3.77835,40.601714],[-3.7744,40.600543],[-3.77256,40.600183],[-3.76826,40.599663],[-3.76534,40.598403],[-3.76431,40.598323],[-3.75996,40.597013],[-3.75859,40.596103],[-3.75749,40.596073],[-3.75376,40.594763],[-3.75307,40.594773],[-3.75233,40.594363],[-3.75026,40.592433],[-3.74937,40.592703],[-3.74591,40.592193],[-3.7455,40.591883],[-3.740929,40.590643],[-3.739799,40.589303],[-3.738669,40.586953],[-3.738279,40.586483],[-3.737379,40.586083],[-3.733279,40.585283],[-3.732419,40.585403],[-3.729929,40.585103],[-3.721549,40.582603],[-3.720779,40.582223],[-3.719539,40.582133],[-3.717369,40.582903],[-3.714659,40.582663],[-3.713119,40.583303],[-3.711479,40.583063],[-3.708719,40.583523],[-3.708019,40.583763],[-3.707769,40.583153],[-3.705528,40.582983],[-3.705518,40.584693],[-3.704918,40.584953],[-3.702098,40.586963],[-3.696468,40.589903],[-3.692158,40.597403],[-3.690718,40.601453],[-3.687538,40.606814],[-3.685208,40.608664],[-3.679798,40.610854],[-3.679358,40.611164],[-3.676308,40.614784],[-3.674798,40.616384],[-3.673718,40.616804],[-3.671358,40.617454],[-3.666987,40.619554],[-3.666707,40.620034],[-3.667137,40.622514],[-3.668687,40.625904],[-3.668727,40.627354],[-3.668517,40.628894],[-3.667567,40.630984],[-3.665667,40.634174],[-3.662587,40.637865],[-3.662087,40.639205],[-3.661877,40.639475],[-3.658677,40.642035],[-3.656387,40.642895],[-3.656137,40.643215],[-3.655887,40.643255],[-3.652397,40.642635],[-3.648937,40.641375],[-3.647207,40.639915],[-3.644657,40.638075],[-3.642627,40.638025],[-3.640287,40.638415],[-3.639007,40.638375],[-3.637827,40.637665],[-3.636907,40.636735],[-3.636387,40.635035],[-3.634777,40.633414],[-3.633127,40.630634],[-3.630336,40.628234],[-3.629896,40.627304],[-3.629846,40.626754],[-3.630406,40.625754],[-3.629046,40.622284],[-3.629686,40.620514],[-3.628856,40.619354],[-3.628806,40.618064],[-3.628496,40.617594],[-3.627146,40.616864],[-3.624126,40.616444],[-3.622806,40.615844],[-3.621946,40.614804],[-3.620766,40.612594],[-3.620086,40.611834],[-3.618226,40.611194],[-3.618036,40.610104],[-3.618616,40.608894],[-3.617016,40.606904],[-3.617376,40.605974],[-3.617326,40.605094],[-3.616316,40.602994],[-3.616706,40.602014],[-3.616586,40.601463],[-3.615526,40.600653],[-3.614496,40.600523],[-3.613176,40.599843],[-3.611856,40.599403],[-3.610806,40.598703],[-3.608976,40.598393],[-3.608146,40.597523],[-3.607156,40.596773],[-3.605436,40.596393],[-3.604956,40.595723],[-3.605016,40.594223],[-3.603626,40.592953],[-3.602096,40.592313],[-3.602026,40.592013],[-3.602166,40.590913],[-3.602476,40.590043],[-3.603236,40.588913],[-3.604496,40.588293],[-3.605266,40.587653],[-3.606666,40.584993],[-3.608666,40.583793],[-3.609036,40.583813],[-3.609296,40.583443],[-3.612166,40.581793],[-3.616616,40.580383],[-3.621636,40.576373],[-3.622476,40.575573],[-3.625246,40.573503],[-3.626526,40.573413],[-3.628226,40.573493],[-3.628966,40.573653],[-3.631366,40.574763],[-3.632697,40.574403],[-3.634907,40.574363],[-3.639977,40.575003],[-3.641807,40.575703],[-3.642887,40.576313],[-3.645027,40.576763],[-3.648097,40.576893],[-3.649827,40.577083],[-3.650557,40.577323],[-3.651187,40.577913],[-3.652967,40.580983],[-3.654747,40.585993],[-3.655517,40.587583],[-3.656527,40.588893],[-3.659197,40.590393],[-3.660557,40.591553],[-3.662587,40.592063],[-3.663977,40.592203],[-3.665367,40.592203],[-3.667427,40.592003],[-3.682408,40.584843],[-3.684488,40.583543],[-3.686068,40.582803],[-3.687458,40.582473],[-3.688808,40.582503],[-3.690898,40.580863],[-3.692048,40.580353],[-3.693598,40.579923],[-3.696038,40.579543],[-3.699628,40.578533],[-3.701788,40.578533],[-3.701788,40.578203],[-3.700488,40.578203],[-3.700248,40.578103],[-3.698428,40.576783],[-3.697528,40.575903],[-3.697488,40.575263],[-3.697248,40.574723],[-3.696518,40.574163],[-3.695188,40.573573],[-3.693768,40.571963],[-3.692888,40.571473],[-3.692648,40.570593],[-3.691988,40.569763],[-3.691448,40.569553],[-3.691008,40.569073],[-3.690678,40.569743],[-3.689678,40.570273],[-3.689878,40.569683],[-3.689838,40.568613],[-3.689268,40.567402],[-3.689248,40.567102],[-3.687268,40.563092],[-3.686048,40.559592],[-3.682708,40.553782],[-3.682418,40.552862],[-3.682788,40.551272],[-3.682408,40.550632],[-3.682208,40.549942],[-3.681448,40.549162],[-3.680548,40.548692],[-3.679098,40.546842],[-3.678908,40.546462],[-3.679048,40.545342],[-3.678478,40.543362],[-3.678248,40.542922],[-3.677238,40.541752],[-3.675918,40.540752],[-3.675098,40.539572],[-3.674388,40.538162],[-3.673598,40.537672],[-3.672358,40.537352],[-3.671418,40.536282],[-3.670788,40.535271],[-3.669638,40.534361],[-3.671338,40.532041],[-3.672658,40.530851],[-3.676048,40.528361],[-3.676848,40.527221],[-3.677528,40.526971],[-3.675908,40.526101],[-3.675388,40.525561],[-3.672348,40.524351],[-3.667967,40.524991],[-3.666267,40.524461],[-3.666277,40.523911],[-3.665927,40.522921],[-3.666267,40.521621],[-3.666537,40.521101],[-3.663167,40.520011],[-3.661767,40.517241],[-3.659457,40.513571],[-3.658897,40.511651],[-3.658187,40.511441],[-3.657917,40.511701],[-3.657617,40.511721],[-3.658017,40.510871],[-3.658287,40.509601],[-3.658187,40.505221],[-3.658377,40.504401],[-3.658807,40.503511],[-3.661047,40.50067],[-3.662857,40.49876],[-3.670178,40.49286],[-3.671628,40.49144],[-3.672458,40.49002],[-3.672898,40.48872],[-3.673178,40.48716],[-3.673468,40.484],[-3.678698,40.48384],[-3.680488,40.48346],[-3.683938,40.4824],[-3.685218,40.48229],[-3.685088,40.48195],[-3.685128,40.48124],[-3.687118,40.47415],[-3.688868,40.4744],[-3.689238,40.47466],[-3.690988,40.47442],[-3.692328,40.4747],[-3.694018,40.47453],[-3.695988,40.47477],[-3.697808,40.47452],[-3.699028,40.47489],[-3.700268,40.47493],[-3.701338,40.47442],[-3.703458,40.47246],[-3.704368,40.47192],[-3.710699,40.47129],[-3.711609,40.47102],[-3.712149,40.47064],[-3.712489,40.4702],[-3.712959,40.468979],[-3.713279,40.468509],[-3.714209,40.46948],[-3.714539,40.46963],[-3.727999,40.47296],[-3.730389,40.47266],[-3.733419,40.47273],[-3.735669,40.47312],[-3.740839,40.47431],[-3.742259,40.47442],[-3.74731,40.4745],[-3.74837,40.47435],[-3.74921,40.47405],[-3.7502,40.47328],[-3.75068,40.47234],[-3.75068,40.47158],[-3.75034,40.47015],[-3.75061,40.47068],[-3.75137,40.47317],[-3.75165,40.47457],[-3.75181,40.4762],[-3.75154,40.47849],[-3.75447,40.47809],[-3.75451,40.47855],[-3.75428,40.47941],[-3.75552,40.47976],[-3.75588,40.47973],[-3.75609,40.4795],[-3.7566,40.47978],[-3.7576,40.47976],[-3.75748,40.47935],[-3.75784,40.47841],[-3.75819,40.47469],[-3.75849,40.47425],[-3.75924,40.47415],[-3.75843,40.47372],[-3.75832,40.4734],[-3.75835,40.47262],[-3.75907,40.47267],[-3.75993,40.47232],[-3.76248,40.47232],[-3.76348,40.47246],[-3.76366,40.47256],[-3.76361,40.47343],[-3.76652,40.47412],[-3.77113,40.47451],[-3.781011,40.47462],[-3.783271,40.4738],[-3.787701,40.47266],[-3.789951,40.47195],[-3.790991,40.47155],[-3.792311,40.47084],[-3.794641,40.47009],[-3.797711,40.46948],[-3.799461,40.46938],[-3.800231,40.46922],[-3.836642,40.47962],[-3.836652,40.47958]]]}},{"type":"Feature","id":"distrito-09","properties":{"nombre":"Moncloa - Aravaca","tipo":"distrito","contexto":"Madrid"},"geometry":{"type":"Polygon","coordinates":[[[-3.7746,40.400317],[-3.77437,40.402087],[-3.77641,40.404028],[-3.77691,40.405198],[-3.7778,40.406528],[-3.77858,40.408018],[-3.77946,40.412088],[-3.78063,40.414278],[-3.781401,40.417568],[-3.78038,40.421888],[-3.77913,40.424248],[-3.77094,40.429298],[-3.77085,40.444029],[-3.77753,40.443639],[-3.77859,40.443749],[-3.77946,40.444149],[-3.784571,40.444359],[-3.787241,40.443139],[-3.790091,40.442329],[-3.788851,40.445759],[-3.790171,40.445839],[-3.790391,40.447649],[-3.790991,40.447469],[-3.791381,40.449349],[-3.792081,40.450639],[-3.792421,40.451679],[-3.793371,40.453239],[-3.793081,40.453669],[-3.792911,40.453689],[-3.792911,40.453829],[-3.794051,40.454979],[-3.794381,40.455659],[-3.795321,40.456309],[-3.795471,40.456609],[-3.795261,40.456989],[-3.795741,40.457829],[-3.798841,40.458959],[-3.800581,40.460279],[-3.802541,40.462079],[-3.804201,40.462979],[-3.807381,40.463459],[-3.810121,40.464229],[-3.812861,40.463639],[-3.815201,40.463639],[-3.817441,40.464299],[-3.820932,40.464399],[-3.822222,40.464709],[-3.823652,40.464619],[-3.824842,40.464809],[-3.827112,40.466099],[-3.828912,40.466369],[-3.830772,40.465909],[-3.834342,40.464439],[-3.835622,40.465859],[-3.836902,40.466999],[-3.838242,40.467789],[-3.838122,40.47095],[-3.837372,40.47298],[-3.836102,40.47491],[-3.836712,40.47514],[-3.837382,40.47576],[-3.836622,40.47959],[-3.800231,40.46922],[-3.799461,40.46938],[-3.797711,40.46948],[-3.794641,40.47009],[-3.792311,40.47084],[-3.790991,40.47155],[-3.789951,40.47195],[-3.787701,40.47266],[-3.783271,40.4738],[-3.781011,40.47462],[-3.77113,40.47451],[-3.76652,40.47412],[-3.76361,40.47343],[-3.76366,40.47256],[-3.76348,40.47246],[-3.76248,40.47232],[-3.75993,40.47232],[-3.75907,40.47267],[-3.75835,40.47262],[-3.75832,40.4734],[-3.75843,40.47372],[-3.75924,40.47415],[-3.75849,40.47425],[-3.75819,40.47469],[-3.75784,40.47841],[-3.75748,40.47935],[-3.7576,40.47976],[-3.7566,40.47978],[-3.75609,40.4795],[-3.75588,40.47973],[-3.75552,40.47976],[-3.75428,40.47941],[-3.75451,40.47855],[-3.75447,40.47809],[-3.75154,40.47849],[-3.75181,40.4762],[-3.75165,40.47457],[-3.75137,40.47317],[-3.75061,40.47068],[-3.75034,40.47015],[-3.75068,40.47158],[-3.75068,40.47234],[-3.7502,40.47328],[-3.74921,40.47405],[-3.74837,40.47435],[-3.74731,40.4745],[-3.742259,40.47442],[-3.740839,40.47431],[-3.735669,40.47312],[-3.733419,40.47273],[-3.730389,40.47266],[-3.727999,40.47296],[-3.714539,40.46963],[-3.714209,40.46948],[-3.713279,40.468509],[-3.711389,40.466249],[-3.710919,40.465999],[-3.709799,40.464819],[-3.709259,40.464029],[-3.709099,40.463479],[-3.708469,40.462409],[-3.709029,40.461289],[-3.712859,40.455469],[-3.713119,40.454899],[-3.712679,40.453919],[-3.713269,40.453039],[-3.711729,40.452289],[-3.708309,40.447089],[-3.709189,40.447129],[-3.714729,40.445769],[-3.717249,40.446689],[-3.718169,40.446669],[-3.719899,40.445039],[-3.719769,40.443759],[-3.719149,40.442849],[-3.717599,40.439859],[-3.718399,40.434778],[-3.717229,40.433098],[-3.717959,40.432998],[-3.716229,40.430648],[-3.711709,40.424298],[-3.710899,40.423428],[-3.713049,40.422178],[-3.713389,40.421818],[-3.715509,40.420408],[-3.720189,40.420258],[-3.720699,40.419468],[-3.722049,40.418458],[-3.722379,40.417178],[-3.726219,40.415668],[-3.737919,40.411468],[-3.741859,40.409208],[-3.743269,40.409578],[-3.74442,40.409318],[-3.74468,40.409148],[-3.7509,40.408318],[-3.75571,40.405908],[-3.75707,40.405628],[-3.75977,40.404068],[-3.76024,40.403648],[-3.76229,40.400997],[-3.76437,40.399407],[-3.76552,40.399107],[-3.76564,40.399277],[-3.76703,40.399237],[-3.7693,40.399627],[-3.77067,40.399537],[-3.77372,40.400287],[-3.77463,40.400317],[-3.7746,40.400317]]]}},{"type":"Feature","id":"distrito-10","properties":{"nombre":"Latina","tipo":"distrito","contexto":"Madrid"},"geometry":{"type":"Polygon","coordinates":[[[-3.77074,40.360546],[-3.77162,40.359826],[-3.77235,40.359766],[-3.77343,40.360546],[-3.77675,40.361276],[-3.78032,40.361866],[-3.781551,40.361486],[-3.784701,40.359926],[-3.787751,40.358666],[-3.789961,40.359456],[-3.795141,40.361776],[-3.802841,40.363306],[-3.806921,40.366416],[-3.810501,40.363676],[-3.811811,40.366336],[-3.813281,40.369797],[-3.816641,40.373967],[-3.821342,40.379117],[-3.822732,40.380437],[-3.823362,40.381297],[-3.823692,40.382077],[-3.830212,40.390047],[-3.830162,40.390127],[-3.831892,40.392347],[-3.832662,40.393577],[-3.833402,40.395407],[-3.834112,40.395987],[-3.833602,40.396077],[-3.832072,40.395837],[-3.828992,40.396377],[-3.827082,40.396357],[-3.825262,40.396517],[-3.823682,40.396457],[-3.822242,40.396587],[-3.820512,40.396527],[-3.819382,40.396317],[-3.819352,40.396177],[-3.818282,40.395827],[-3.814881,40.393907],[-3.810871,40.392697],[-3.807811,40.392257],[-3.804281,40.391927],[-3.796491,40.392107],[-3.793781,40.393477],[-3.789161,40.393787],[-3.789381,40.392237],[-3.786841,40.392657],[-3.781501,40.394027],[-3.78074,40.395177],[-3.78006,40.395647],[-3.77944,40.396847],[-3.77803,40.397537],[-3.77815,40.397877],[-3.77758,40.399007],[-3.77579,40.399967],[-3.77457,40.400217],[-3.77372,40.400287],[-3.77067,40.399537],[-3.7693,40.399627],[-3.76703,40.399237],[-3.76564,40.399277],[-3.76552,40.399107],[-3.76437,40.399407],[-3.76229,40.400997],[-3.76024,40.403648],[-3.75977,40.404068],[-3.75707,40.405628],[-3.75571,40.405908],[-3.7509,40.408318],[-3.74468,40.409148],[-3.74442,40.409318],[-3.743269,40.409578],[-3.741859,40.409208],[-3.737919,40.411468],[-3.726219,40.415668],[-3.722379,40.417178],[-3.722849,40.415328],[-3.722949,40.413988],[-3.722919,40.412008],[-3.722609,40.411378],[-3.721819,40.408508],[-3.722649,40.405828],[-3.722719,40.404548],[-3.724759,40.404548],[-3.724649,40.405488],[-3.725519,40.405398],[-3.727079,40.404138],[-3.727589,40.403878],[-3.728619,40.402897],[-3.729589,40.402437],[-3.730319,40.401897],[-3.737119,40.396727],[-3.737879,40.395947],[-3.738999,40.394417],[-3.742869,40.391337],[-3.743599,40.390397],[-3.74476,40.387997],[-3.74537,40.387847],[-3.7516,40.384147],[-3.75305,40.383537],[-3.75564,40.383637],[-3.75866,40.384097],[-3.75932,40.383617],[-3.75838,40.382807],[-3.75789,40.382197],[-3.75685,40.380447],[-3.75597,40.378547],[-3.75679,40.377987],[-3.75726,40.377467],[-3.75777,40.376527],[-3.75795,40.375817],[-3.7579,40.375527],[-3.76187,40.374417],[-3.76297,40.369006],[-3.76294,40.368766],[-3.76184,40.366876],[-3.76676,40.364076],[-3.77056,40.360606],[-3.77078,40.360536],[-3.77074,40.360546]]]}},{"type":"Feature","id":"distrito-11","properties":{"nombre":"Carabanchel","tipo":"distrito","contexto":"Madrid"},"geometry":{"type":"Polygon","coordinates":[[[-3.720889,40.365546],[-3.723459,40.365366],[-3.727109,40.364536],[-3.730549,40.363336],[-3.7577,40.357256],[-3.76624,40.358766],[-3.77114,40.359866],[-3.77162,40.359826],[-3.77074,40.360546],[-3.77056,40.360606],[-3.76676,40.364076],[-3.76184,40.366876],[-3.76294,40.368766],[-3.76297,40.369006],[-3.76187,40.374417],[-3.7579,40.375527],[-3.75795,40.375817],[-3.75777,40.376527],[-3.75726,40.377467],[-3.75679,40.377987],[-3.75597,40.378547],[-3.75685,40.380447],[-3.75789,40.382197],[-3.75838,40.382807],[-3.75932,40.383617],[-3.75866,40.384097],[-3.75564,40.383637],[-3.75305,40.383537],[-3.7516,40.384147],[-3.74537,40.387847],[-3.74476,40.387997],[-3.743599,40.390397],[-3.742869,40.391337],[-3.738999,40.394417],[-3.737879,40.395947],[-3.737119,40.396727],[-3.730319,40.401897],[-3.729589,40.402437],[-3.728619,40.402897],[-3.727589,40.403878],[-3.727079,40.404138],[-3.725519,40.405398],[-3.724649,40.405488],[-3.724759,40.404548],[-3.722719,40.404548],[-3.722389,40.402567],[-3.721939,40.401337],[-3.721699,40.400957],[-3.720339,40.400097],[-3.718999,40.399837],[-3.716419,40.399997],[-3.714899,40.399677],[-3.714049,40.399357],[-3.713439,40.398967],[-3.712159,40.397887],[-3.710799,40.397007],[-3.708219,40.396107],[-3.704638,40.395237],[-3.706298,40.393267],[-3.707939,40.391717],[-3.708809,40.391237],[-3.712889,40.389537],[-3.713689,40.388917],[-3.717549,40.385277],[-3.718349,40.382887],[-3.718959,40.380387],[-3.719369,40.376387],[-3.720199,40.370677],[-3.720439,40.367856],[-3.720889,40.365536],[-3.720889,40.365546]]]}},{"type":"Feature","id":"distrito-12","properties":{"nombre":"Usera","tipo":"distrito","contexto":"Madrid"},"geometry":{"type":"Polygon","coordinates":[[[-3.720989,40.364786],[-3.720899,40.365546],[-3.720439,40.367856],[-3.720199,40.370677],[-3.719369,40.376387],[-3.718959,40.380387],[-3.718349,40.382887],[-3.717549,40.385277],[-3.713689,40.388917],[-3.712889,40.389537],[-3.708809,40.391237],[-3.707939,40.391717],[-3.706298,40.393267],[-3.704638,40.395237],[-3.703388,40.394437],[-3.702408,40.393627],[-3.698098,40.389077],[-3.692158,40.384097],[-3.689748,40.382327],[-3.689188,40.381357],[-3.688838,40.379697],[-3.688378,40.378987],[-3.687888,40.378577],[-3.687838,40.378067],[-3.687278,40.376787],[-3.687318,40.376147],[-3.687728,40.374847],[-3.687678,40.374167],[-3.686988,40.373527],[-3.686518,40.372337],[-3.686168,40.371897],[-3.683038,40.370797],[-3.682578,40.370427],[-3.682338,40.370037],[-3.682338,40.368996],[-3.681778,40.367366],[-3.681738,40.366636],[-3.681988,40.366176],[-3.682868,40.365456],[-3.683108,40.364926],[-3.683148,40.364496],[-3.681928,40.361306],[-3.689038,40.363786],[-3.690628,40.364166],[-3.692238,40.364386],[-3.694018,40.364526],[-3.697448,40.364416],[-3.701648,40.363666],[-3.703228,40.363556],[-3.720979,40.364806],[-3.720989,40.364786]]]}},{"type":"Feature","id":"distrito-13","properties":{"nombre":"Puente de Vallecas","tipo":"distrito","contexto":"Madrid"},"geometry":{"type":"Polygon","coordinates":[[[-3.621886,40.390837],[-3.624326,40.385007],[-3.625326,40.383227],[-3.624586,40.382087],[-3.641507,40.377937],[-3.648577,40.376507],[-3.652367,40.376037],[-3.652767,40.375637],[-3.653587,40.373617],[-3.654407,40.370877],[-3.654717,40.370347],[-3.655607,40.369576],[-3.664447,40.364126],[-3.666697,40.362916],[-3.668257,40.362246],[-3.670138,40.361666],[-3.673718,40.361026],[-3.678768,40.360686],[-3.680348,40.360826],[-3.681948,40.361296],[-3.683148,40.364496],[-3.683108,40.364926],[-3.682868,40.365456],[-3.681988,40.366176],[-3.681738,40.366636],[-3.681778,40.367366],[-3.682338,40.368996],[-3.682338,40.370037],[-3.682578,40.370427],[-3.683038,40.370797],[-3.686168,40.371897],[-3.686518,40.372337],[-3.686988,40.373527],[-3.687678,40.374167],[-3.687728,40.374847],[-3.687318,40.376147],[-3.687278,40.376787],[-3.687838,40.378067],[-3.687888,40.378577],[-3.688378,40.378987],[-3.688838,40.379697],[-3.689188,40.381357],[-3.689748,40.382327],[-3.688228,40.382987],[-3.684318,40.383797],[-3.683608,40.384007],[-3.683158,40.384287],[-3.682348,40.385127],[-3.678718,40.390507],[-3.675258,40.393267],[-3.673518,40.394317],[-3.672038,40.395307],[-3.670958,40.396577],[-3.669618,40.397837],[-3.668267,40.399637],[-3.666777,40.402627],[-3.665207,40.406338],[-3.657367,40.405778],[-3.656107,40.405548],[-3.654007,40.404558],[-3.648907,40.400317],[-3.644897,40.396647],[-3.643747,40.395957],[-3.642267,40.395367],[-3.629786,40.392587],[-3.621886,40.390837]]]}},{"type":"Feature","id":"distrito-14","properties":{"nombre":"Moratalaz","tipo":"distrito","contexto":"Madrid"},"geometry":{"type":"Polygon","coordinates":[[[-3.658697,40.418678],[-3.654017,40.417458],[-3.647727,40.415368],[-3.644107,40.414648],[-3.640947,40.414418],[-3.639087,40.414458],[-3.633807,40.415118],[-3.631446,40.415168],[-3.629036,40.414808],[-3.624246,40.413348],[-3.622486,40.413108],[-3.620366,40.413088],[-3.625666,40.402877],[-3.626246,40.401327],[-3.627296,40.397317],[-3.627976,40.395817],[-3.629786,40.392577],[-3.642267,40.395367],[-3.643747,40.395957],[-3.644897,40.396647],[-3.648907,40.400317],[-3.654007,40.404558],[-3.656107,40.405548],[-3.657367,40.405778],[-3.665207,40.406338],[-3.662927,40.410968],[-3.659447,40.416548],[-3.658977,40.417448],[-3.658697,40.418678]]]}},{"type":"Feature","id":"distrito-15","properties":{"nombre":"Ciudad Lineal","tipo":"distrito","contexto":"Madrid"},"geometry":{"type":"Polygon","coordinates":[[[-3.648117,40.449449],[-3.647447,40.448569],[-3.646477,40.447689],[-3.640477,40.444779],[-3.639177,40.443659],[-3.635467,40.438559],[-3.638027,40.437869],[-3.629536,40.426138],[-3.628426,40.424448],[-3.624326,40.418928],[-3.621396,40.414768],[-3.620396,40.413068],[-3.622486,40.413108],[-3.624246,40.413348],[-3.629036,40.414808],[-3.631446,40.415168],[-3.633807,40.415118],[-3.639087,40.414458],[-3.640947,40.414418],[-3.644107,40.414648],[-3.647727,40.415368],[-3.654017,40.417458],[-3.658697,40.418678],[-3.660567,40.429448],[-3.660787,40.431408],[-3.659887,40.435108],[-3.659287,40.438929],[-3.659217,40.440499],[-3.659477,40.442629],[-3.660117,40.443949],[-3.660597,40.444609],[-3.661447,40.446419],[-3.662267,40.448979],[-3.663777,40.456849],[-3.664917,40.460069],[-3.668387,40.466739],[-3.673228,40.47309],[-3.674168,40.47547],[-3.674408,40.47722],[-3.674348,40.47875],[-3.673668,40.4822],[-3.673458,40.48406],[-3.670258,40.48419],[-3.667207,40.48411],[-3.659347,40.48292],[-3.661177,40.48201],[-3.664867,40.47838],[-3.665517,40.47749],[-3.665737,40.4768],[-3.665407,40.47482],[-3.662457,40.464069],[-3.662007,40.463379],[-3.656257,40.459449],[-3.651277,40.453729],[-3.648077,40.449479],[-3.648117,40.449449]]]}},{"type":"Feature","id":"distrito-16","properties":{"nombre":"Hortaleza","tipo":"distrito","contexto":"Madrid"},"geometry":{"type":"Polygon","coordinates":[[[-3.601906,40.50146],[-3.601776,40.4946],[-3.601876,40.4893],[-3.601736,40.485],[-3.615566,40.48493],[-3.618226,40.48225],[-3.625856,40.48221],[-3.625676,40.48155],[-3.625766,40.47704],[-3.625896,40.47655],[-3.625696,40.47631],[-3.625916,40.47607],[-3.625816,40.47523],[-3.625126,40.4745],[-3.624756,40.47338],[-3.624536,40.47298],[-3.624296,40.47287],[-3.623876,40.47179],[-3.624396,40.4711],[-3.624686,40.47031],[-3.624696,40.46951],[-3.624466,40.468669],[-3.628016,40.468449],[-3.622796,40.461819],[-3.620966,40.460119],[-3.612376,40.455269],[-3.606666,40.453479],[-3.605456,40.452759],[-3.604816,40.452149],[-3.604536,40.451739],[-3.607806,40.449649],[-3.622296,40.449679],[-3.630676,40.449389],[-3.636647,40.448579],[-3.637987,40.448609],[-3.646047,40.449829],[-3.646687,40.449809],[-3.648107,40.449469],[-3.651277,40.453729],[-3.656257,40.459449],[-3.662007,40.463379],[-3.662457,40.464069],[-3.665407,40.47482],[-3.665737,40.4768],[-3.665517,40.47749],[-3.664867,40.47838],[-3.661177,40.48201],[-3.659347,40.48292],[-3.667207,40.48411],[-3.670258,40.48419],[-3.673458,40.48406],[-3.673178,40.48716],[-3.672898,40.48872],[-3.672458,40.49002],[-3.671628,40.49144],[-3.670178,40.49286],[-3.662857,40.49876],[-3.661047,40.50067],[-3.658807,40.503511],[-3.658377,40.504401],[-3.658187,40.505221],[-3.658287,40.509601],[-3.658017,40.510871],[-3.657617,40.511721],[-3.657617,40.511721],[-3.656177,40.513101],[-3.654537,40.512791],[-3.652387,40.511441],[-3.652457,40.511121],[-3.649047,40.510811],[-3.647957,40.510421],[-3.645867,40.508451],[-3.644857,40.507911],[-3.644357,40.508141],[-3.643377,40.507951],[-3.642107,40.508221],[-3.639557,40.507901],[-3.633647,40.507841],[-3.633277,40.507671],[-3.631596,40.508371],[-3.628266,40.508391],[-3.625836,40.509331],[-3.625056,40.509421],[-3.623546,40.509001],[-3.622956,40.508991],[-3.622296,40.509231],[-3.621596,40.509841],[-3.620986,40.510111],[-3.619616,40.510221],[-3.618226,40.510081],[-3.615946,40.510881],[-3.615106,40.510941],[-3.614246,40.510691],[-3.614166,40.510121],[-3.613446,40.509581],[-3.612406,40.509091],[-3.611206,40.508911],[-3.608816,40.507001],[-3.606806,40.505991],[-3.606256,40.505471],[-3.605946,40.504201],[-3.605426,40.503611],[-3.603356,40.50175],[-3.602806,40.50144],[-3.602836,40.50133],[-3.602226,40.50126],[-3.602116,40.50146],[-3.601906,40.50147],[-3.601906,40.50146]]]}},{"type":"Feature","id":"distrito-17","properties":{"nombre":"Villaverde","tipo":"distrito","contexto":"Madrid"},"geometry":{"type":"Polygon","coordinates":[[[-3.657517,40.328925],[-3.659917,40.327865],[-3.659897,40.327755],[-3.660867,40.327695],[-3.661507,40.327835],[-3.662297,40.328435],[-3.663187,40.328895],[-3.663847,40.329035],[-3.665057,40.328455],[-3.664957,40.328395],[-3.665337,40.328035],[-3.666657,40.327185],[-3.667307,40.326245],[-3.668857,40.325325],[-3.669658,40.325025],[-3.670458,40.325005],[-3.674288,40.326075],[-3.675918,40.326085],[-3.677138,40.326405],[-3.677998,40.326465],[-3.679218,40.326325],[-3.679938,40.326045],[-3.680518,40.325615],[-3.680968,40.324595],[-3.681828,40.323935],[-3.682448,40.323565],[-3.683368,40.323305],[-3.685078,40.322245],[-3.686958,40.321915],[-3.687848,40.321895],[-3.689888,40.321345],[-3.692358,40.320475],[-3.693018,40.320035],[-3.696178,40.322205],[-3.699638,40.322335],[-3.703138,40.322105],[-3.710099,40.323385],[-3.712559,40.323475],[-3.712929,40.325605],[-3.714469,40.328035],[-3.720189,40.330785],[-3.723689,40.333535],[-3.724949,40.334965],[-3.721009,40.364766],[-3.703228,40.363556],[-3.701648,40.363666],[-3.697448,40.364416],[-3.694018,40.364526],[-3.692238,40.364386],[-3.690628,40.364166],[-3.689038,40.363786],[-3.681928,40.361296],[-3.681328,40.359916],[-3.680688,40.359536],[-3.679358,40.358226],[-3.677798,40.357486],[-3.677428,40.357146],[-3.677218,40.356826],[-3.676678,40.354956],[-3.676188,40.353996],[-3.675948,40.353816],[-3.674168,40.353326],[-3.673868,40.353036],[-3.673628,40.351896],[-3.673128,40.350636],[-3.672528,40.350226],[-3.670168,40.349466],[-3.669748,40.349216],[-3.669437,40.348656],[-3.669047,40.347446],[-3.669147,40.346216],[-3.669467,40.345536],[-3.669397,40.345266],[-3.668557,40.344826],[-3.665277,40.344126],[-3.664617,40.343776],[-3.664377,40.343496],[-3.663127,40.340856],[-3.662997,40.339216],[-3.661727,40.338126],[-3.661467,40.337636],[-3.661347,40.336525],[-3.660567,40.335445],[-3.658887,40.333855],[-3.658677,40.333415],[-3.658337,40.331625],[-3.657797,40.330585],[-3.657547,40.328955],[-3.657517,40.328925]]]}},{"type":"Feature","id":"distrito-18","properties":{"nombre":"Villa de Vallecas","tipo":"distrito","contexto":"Madrid"},"geometry":{"type":"Polygon","coordinates":[[[-3.565225,40.360076],[-3.560715,40.359036],[-3.556854,40.357936],[-3.555284,40.357346],[-3.554264,40.356666],[-3.557024,40.355096],[-3.556174,40.354496],[-3.555124,40.354066],[-3.556634,40.353106],[-3.557684,40.352676],[-3.558905,40.350276],[-3.560735,40.349186],[-3.562155,40.347106],[-3.565355,40.344386],[-3.568245,40.340916],[-3.569945,40.337646],[-3.571885,40.334625],[-3.572745,40.333675],[-3.575285,40.331875],[-3.576765,40.330265],[-3.579525,40.327965],[-3.582495,40.326275],[-3.584375,40.322575],[-3.585085,40.320425],[-3.585085,40.318365],[-3.583825,40.315825],[-3.582415,40.316155],[-3.581895,40.315895],[-3.580495,40.315985],[-3.579295,40.315885],[-3.577805,40.314665],[-3.576135,40.314905],[-3.577975,40.313915],[-3.580655,40.313815],[-3.587435,40.312815],[-3.595345,40.312385],[-3.598266,40.312105],[-3.608126,40.313695],[-3.611156,40.314345],[-3.613886,40.315625],[-3.615976,40.317795],[-3.620016,40.319155],[-3.623546,40.319885],[-3.624706,40.320465],[-3.626006,40.319265],[-3.628176,40.319885],[-3.630446,40.320765],[-3.632987,40.322315],[-3.635197,40.323995],[-3.635007,40.324135],[-3.636037,40.325035],[-3.640407,40.327865],[-3.641397,40.328235],[-3.642077,40.328735],[-3.642927,40.329125],[-3.643987,40.330335],[-3.644577,40.330815],[-3.647247,40.332165],[-3.649187,40.333365],[-3.649587,40.332575],[-3.650057,40.332235],[-3.650317,40.332375],[-3.655087,40.329985],[-3.657557,40.328885],[-3.657797,40.330585],[-3.658337,40.331625],[-3.658677,40.333415],[-3.658887,40.333855],[-3.660567,40.335445],[-3.661347,40.336525],[-3.661467,40.337636],[-3.661727,40.338126],[-3.662997,40.339216],[-3.663127,40.340856],[-3.664377,40.343496],[-3.664617,40.343776],[-3.665277,40.344126],[-3.668557,40.344826],[-3.669397,40.345266],[-3.669467,40.345536],[-3.669147,40.346216],[-3.669047,40.347446],[-3.669437,40.348656],[-3.669748,40.349216],[-3.670168,40.349466],[-3.672528,40.350226],[-3.673128,40.350636],[-3.673628,40.351896],[-3.673868,40.353036],[-3.674168,40.353326],[-3.675948,40.353816],[-3.676188,40.353996],[-3.676678,40.354956],[-3.677218,40.356826],[-3.677428,40.357146],[-3.677798,40.357486],[-3.679358,40.358226],[-3.680688,40.359536],[-3.681328,40.359916],[-3.681928,40.361296],[-3.680348,40.360826],[-3.678768,40.360686],[-3.673718,40.361026],[-3.670138,40.361666],[-3.668257,40.362246],[-3.666697,40.362916],[-3.664447,40.364126],[-3.655607,40.369576],[-3.654717,40.370347],[-3.654407,40.370877],[-3.653587,40.373617],[-3.652767,40.375637],[-3.652367,40.376037],[-3.648577,40.376507],[-3.641507,40.377937],[-3.624586,40.382087],[-3.625326,40.383227],[-3.624326,40.385007],[-3.621886,40.390837],[-3.610896,40.388407],[-3.608656,40.387567],[-3.606476,40.386237],[-3.605756,40.386487],[-3.605246,40.385977],[-3.604126,40.386627],[-3.603726,40.386667],[-3.603016,40.386527],[-3.602326,40.386187],[-3.601356,40.385107],[-3.600846,40.384147],[-3.600806,40.383917],[-3.601106,40.383397],[-3.601026,40.382867],[-3.600536,40.382517],[-3.599486,40.382317],[-3.597796,40.379647],[-3.598996,40.378837],[-3.599656,40.377607],[-3.600136,40.377047],[-3.600676,40.376707],[-3.599986,40.375517],[-3.598996,40.374547],[-3.597406,40.373667],[-3.584875,40.367596],[-3.583305,40.367296],[-3.579625,40.367136],[-3.578525,40.366926],[-3.577655,40.366606],[-3.576725,40.366096],[-3.570145,40.361696],[-3.567385,40.360626],[-3.565205,40.360106],[-3.565225,40.360076]]]}},{"type":"Feature","id":"distrito-19","properties":{"nombre":"Vicálvaro","tipo":"distrito","contexto":"Madrid"},"geometry":{"type":"Polygon","coordinates":[[[-3.577485,40.426008],[-3.575255,40.425568],[-3.576265,40.423898],[-3.576965,40.421628],[-3.577645,40.420258],[-3.578795,40.418308],[-3.579535,40.417338],[-3.578055,40.414988],[-3.578185,40.414838],[-3.577635,40.413658],[-3.572895,40.411768],[-3.572305,40.411918],[-3.570905,40.411968],[-3.568395,40.412958],[-3.564785,40.413538],[-3.564125,40.413548],[-3.558715,40.413088],[-3.555504,40.412028],[-3.553404,40.411698],[-3.550484,40.411948],[-3.549284,40.412338],[-3.544974,40.411438],[-3.543484,40.411338],[-3.541314,40.410758],[-3.539774,40.410528],[-3.539774,40.411418],[-3.539664,40.411618],[-3.538294,40.411448],[-3.537904,40.411768],[-3.537874,40.412258],[-3.537564,40.412488],[-3.536874,40.412618],[-3.536204,40.412538],[-3.536124,40.412928],[-3.535634,40.413168],[-3.535174,40.414428],[-3.534004,40.414198],[-3.532814,40.414138],[-3.532054,40.414228],[-3.530244,40.414728],[-3.531204,40.420098],[-3.527624,40.417668],[-3.525194,40.416358],[-3.524454,40.415308],[-3.522244,40.413838],[-3.520783,40.411848],[-3.520303,40.410708],[-3.519783,40.409998],[-3.519913,40.409948],[-3.519173,40.408858],[-3.519313,40.406778],[-3.519163,40.405408],[-3.518953,40.404578],[-3.518193,40.403158],[-3.518113,40.402057],[-3.518543,40.400117],[-3.519463,40.397857],[-3.519563,40.397867],[-3.520283,40.393787],[-3.520373,40.392107],[-3.522554,40.391867],[-3.524304,40.390847],[-3.526854,40.389797],[-3.529114,40.389387],[-3.532044,40.391427],[-3.532824,40.391697],[-3.533594,40.391637],[-3.538104,40.388747],[-3.540554,40.386807],[-3.549934,40.377887],[-3.552174,40.375237],[-3.556344,40.368776],[-3.558445,40.366066],[-3.561275,40.363186],[-3.565105,40.360066],[-3.567385,40.360626],[-3.570145,40.361696],[-3.576725,40.366096],[-3.577655,40.366606],[-3.578525,40.366926],[-3.579625,40.367136],[-3.583305,40.367296],[-3.584875,40.367596],[-3.597406,40.373667],[-3.598996,40.374547],[-3.599986,40.375517],[-3.600676,40.376707],[-3.600136,40.377047],[-3.599656,40.377607],[-3.598996,40.378837],[-3.597796,40.379647],[-3.599486,40.382317],[-3.600536,40.382517],[-3.601026,40.382867],[-3.601106,40.383397],[-3.600806,40.383917],[-3.600846,40.384147],[-3.601356,40.385107],[-3.602326,40.386187],[-3.603016,40.386527],[-3.603726,40.386667],[-3.604126,40.386627],[-3.605246,40.385977],[-3.605756,40.386487],[-3.606476,40.386237],[-3.608656,40.387567],[-3.610896,40.388407],[-3.621886,40.390837],[-3.629796,40.392567],[-3.627976,40.395817],[-3.627296,40.397317],[-3.626246,40.401327],[-3.625666,40.402877],[-3.620366,40.413088],[-3.619516,40.414258],[-3.618186,40.415248],[-3.613946,40.416938],[-3.610836,40.417948],[-3.610326,40.413168],[-3.607346,40.412488],[-3.601976,40.411738],[-3.595906,40.410568],[-3.591355,40.409328],[-3.588675,40.408438],[-3.588055,40.409648],[-3.584065,40.414268],[-3.583185,40.415808],[-3.582935,40.418158],[-3.582235,40.419678],[-3.579465,40.423818],[-3.578165,40.425308],[-3.577705,40.426098],[-3.577535,40.426068],[-3.577485,40.426008]]]}},{"type":"Feature","id":"distrito-20","properties":{"nombre":"San Blas - Canillejas","tipo":"distrito","contexto":"Madrid"},"geometry":{"type":"Polygon","coordinates":[[[-3.531684,40.446999],[-3.531344,40.447089],[-3.531154,40.446879],[-3.533844,40.446249],[-3.535514,40.446469],[-3.535014,40.444949],[-3.535604,40.444699],[-3.538424,40.444999],[-3.537994,40.444299],[-3.540844,40.444619],[-3.541374,40.443609],[-3.545224,40.442599],[-3.550444,40.441969],[-3.552324,40.441529],[-3.553184,40.441249],[-3.559135,40.438439],[-3.560315,40.438089],[-3.561705,40.437939],[-3.564165,40.438059],[-3.566375,40.437429],[-3.568595,40.436209],[-3.573845,40.437669],[-3.575985,40.436739],[-3.575295,40.435008],[-3.575145,40.434088],[-3.579155,40.433608],[-3.579165,40.433138],[-3.577295,40.430498],[-3.577005,40.429818],[-3.576355,40.429668],[-3.576555,40.428698],[-3.577505,40.426008],[-3.577705,40.426098],[-3.578165,40.425308],[-3.579465,40.423818],[-3.582235,40.419678],[-3.582935,40.418158],[-3.583185,40.415808],[-3.584065,40.414268],[-3.588055,40.409648],[-3.588675,40.408438],[-3.591355,40.409328],[-3.595906,40.410568],[-3.601976,40.411738],[-3.607346,40.412488],[-3.610326,40.413168],[-3.610836,40.417948],[-3.613946,40.416938],[-3.618186,40.415248],[-3.619516,40.414258],[-3.620366,40.413088],[-3.621396,40.414768],[-3.624326,40.418928],[-3.628426,40.424448],[-3.629536,40.426138],[-3.638027,40.437869],[-3.635467,40.438559],[-3.639177,40.443659],[-3.640477,40.444779],[-3.646477,40.447689],[-3.647447,40.448569],[-3.648117,40.449449],[-3.646687,40.449809],[-3.646047,40.449829],[-3.637987,40.448609],[-3.636647,40.448579],[-3.630676,40.449389],[-3.622296,40.449679],[-3.607756,40.449669],[-3.605456,40.449679],[-3.599596,40.450169],[-3.579895,40.449929],[-3.558314,40.449479],[-3.553464,40.449099],[-3.537614,40.447289],[-3.534404,40.446569],[-3.533064,40.446649],[-3.531654,40.446999],[-3.531684,40.446999]]]}},{"type":"Feature","id":"distrito-21","properties":{"nombre":"Barajas","tipo":"distrito","contexto":"Madrid"},"geometry":{"type":"Polygon","coordinates":[[[-3.601906,40.50146],[-3.601676,40.50146],[-3.601306,40.50174],[-3.600706,40.50167],[-3.600076,40.50182],[-3.599726,40.50167],[-3.599406,40.50175],[-3.598876,40.50147],[-3.597906,40.50128],[-3.596206,40.50124],[-3.595486,40.50136],[-3.594765,40.50123],[-3.594245,40.50128],[-3.593845,40.50149],[-3.593275,40.50143],[-3.593235,40.50156],[-3.589125,40.504541],[-3.586835,40.505401],[-3.584725,40.506741],[-3.582915,40.508481],[-3.577965,40.510391],[-3.575895,40.510431],[-3.572065,40.512421],[-3.565015,40.512071],[-3.561775,40.511171],[-3.561685,40.510701],[-3.558405,40.511271],[-3.554284,40.511351],[-3.555154,40.508581],[-3.554974,40.505471],[-3.555244,40.503171],[-3.553434,40.502481],[-3.553634,40.50197],[-3.553324,40.50001],[-3.552854,40.49936],[-3.552424,40.49902],[-3.550244,40.49779],[-3.546864,40.49674],[-3.545554,40.49613],[-3.544064,40.49564],[-3.541794,40.49411],[-3.541714,40.49382],[-3.541804,40.49279],[-3.541244,40.49153],[-3.541214,40.49017],[-3.540984,40.48861],[-3.540824,40.48844],[-3.540014,40.48819],[-3.537554,40.48694],[-3.536954,40.48646],[-3.537294,40.48442],[-3.536834,40.48357],[-3.535824,40.48226],[-3.534894,40.47995],[-3.534944,40.47931],[-3.534754,40.47875],[-3.534804,40.47813],[-3.534594,40.47695],[-3.534364,40.47297],[-3.533964,40.47201],[-3.533454,40.47163],[-3.532884,40.47144],[-3.530854,40.4713],[-3.526844,40.4704],[-3.525604,40.46972],[-3.524994,40.469129],[-3.525004,40.468209],[-3.525234,40.467489],[-3.526384,40.466159],[-3.527854,40.464849],[-3.528754,40.463609],[-3.529624,40.460759],[-3.529574,40.460069],[-3.529094,40.458389],[-3.527104,40.456699],[-3.526654,40.455989],[-3.526574,40.455389],[-3.526824,40.455059],[-3.527284,40.454779],[-3.528534,40.454419],[-3.529994,40.454349],[-3.531244,40.454739],[-3.532254,40.454669],[-3.533254,40.454029],[-3.534644,40.452389],[-3.534534,40.451789],[-3.533534,40.450559],[-3.532244,40.448109],[-3.531424,40.447089],[-3.531764,40.446999],[-3.533064,40.446649],[-3.534404,40.446569],[-3.537614,40.447289],[-3.553464,40.449099],[-3.558314,40.449479],[-3.579895,40.449929],[-3.599596,40.450169],[-3.605456,40.449679],[-3.607756,40.449669],[-3.604536,40.451739],[-3.604816,40.452149],[-3.605456,40.452759],[-3.606666,40.453479],[-3.612376,40.455269],[-3.620966,40.460119],[-3.622796,40.461819],[-3.628016,40.468449],[-3.624466,40.468669],[-3.624696,40.46951],[-3.624686,40.47031],[-3.624396,40.4711],[-3.623876,40.47179],[-3.624296,40.47287],[-3.624536,40.47298],[-3.624756,40.47338],[-3.625126,40.4745],[-3.625816,40.47523],[-3.625916,40.47607],[-3.625696,40.47631],[-3.625896,40.47655],[-3.625766,40.47704],[-3.625676,40.48155],[-3.625856,40.48221],[-3.618226,40.48225],[-3.615566,40.48493],[-3.601736,40.485],[-3.601876,40.4893],[-3.601776,40.4946],[-3.601906,40.50146]]]}},{"type":"Feature","id":"municipio-002","properties":{"nombre":"Ajalvir","tipo":"municipio","contexto":"Comunidad de Madrid"},"geometry":{"type":"Polygon","coordinates":[[[-3.512216,40.538637],[-3.51113,40.539314],[-3.510712,40.538859],[-3.509977,40.538851],[-3.508017,40.539623],[-3.505898,40.541168],[-3.504428,40.542683],[-3.502424,40.543352],[-3.502739,40.54585],[-3.502246,40.546822],[-3.502895,40.5469],[-3.50209,40.549703],[-3.502069,40.5511],[-3.501755,40.551597],[-3.501925,40.552242],[-3.502419,40.552493],[-3.498125,40.554551],[-3.495743,40.554992],[-3.492948,40.554453],[-3.488761,40.555492],[-3.488421,40.557926],[-3.4877,40.559809],[-3.485724,40.560234],[-3.484303,40.561942],[-3.480977,40.56217],[-3.481005,40.561065],[-3.48211,40.559996],[-3.482893,40.557568],[-3.483188,40.555488],[-3.481327,40.555882],[-3.48143,40.554551],[-3.482047,40.553551],[-3.481937,40.551394],[-3.481074,40.550601],[-3.480813,40.54997],[-3.481169,40.548482],[-3.478842,40.545141],[-3.475528,40.544998],[-3.47577,40.542291],[-3.474996,40.54139],[-3.47193,40.540541],[-3.472443,40.538756],[-3.469824,40.539628],[-3.46863,40.539395],[-3.469496,40.537512],[-3.470853,40.53314],[-3.468557,40.532776],[-3.46866,40.531249],[-3.466965,40.531021],[-3.465185,40.529068],[-3.462809,40.528465],[-3.462431,40.526841],[-3.461169,40.526691],[-3.462077,40.523809],[-3.463121,40.523328],[-3.462926,40.522597],[-3.46161,40.521659],[-3.463145,40.520333],[-3.462078,40.519621],[-3.462091,40.518435],[-3.461331,40.517742],[-3.461379,40.515593],[-3.463945,40.515008],[-3.463216,40.513812],[-3.462322,40.513219],[-3.461657,40.51315],[-3.461579,40.512297],[-3.461984,40.510996],[-3.458308,40.510538],[-3.456197,40.509864],[-3.456118,40.510649],[-3.453149,40.512298],[-3.449333,40.511365],[-3.438834,40.5135],[-3.436469,40.509242],[-3.435093,40.508906],[-3.436663,40.507998],[-3.441927,40.506295],[-3.444579,40.506019],[-3.452815,40.502643],[-3.457098,40.499288],[-3.464639,40.495361],[-3.467669,40.493182],[-3.469943,40.493468],[-3.47435,40.494728],[-3.479609,40.494623],[-3.481029,40.496856],[-3.482573,40.497604],[-3.48518,40.500354],[-3.485922,40.50239],[-3.486724,40.503315],[-3.48809,40.506532],[-3.489755,40.509319],[-3.490564,40.510548],[-3.492625,40.511627],[-3.494489,40.515448],[-3.496213,40.517617],[-3.497365,40.518202],[-3.498289,40.519222],[-3.500236,40.52043],[-3.50038,40.520864],[-3.50154,40.521838],[-3.50125,40.522843],[-3.502349,40.52387],[-3.503093,40.526119],[-3.50809,40.529836],[-3.508189,40.530892],[-3.509621,40.532584],[-3.510094,40.535745],[-3.512216,40.538637]]]}},{"type":"Feature","id":"municipio-003","properties":{"nombre":"Alameda del Valle","tipo":"municipio","contexto":"Comunidad de Madrid"},"geometry":{"type":"Polygon","coordinates":[[[-3.898642,40.958833],[-3.895176,40.965525],[-3.890455,40.969029],[-3.886948,40.971155],[-3.883535,40.971236],[-3.880787,40.972817],[-3.861619,40.954585],[-3.859912,40.952495],[-3.858511,40.949844],[-3.85704,40.949727],[-3.855308,40.948646],[-3.850361,40.941594],[-3.849731,40.940078],[-3.848724,40.938625],[-3.843826,40.934702],[-3.842229,40.932986],[-3.84138,40.931254],[-3.841051,40.92831],[-3.840444,40.925899],[-3.838699,40.924567],[-3.837203,40.923923],[-3.837327,40.923644],[-3.835744,40.922534],[-3.833246,40.921866],[-3.832343,40.920845],[-3.831461,40.920621],[-3.831223,40.920082],[-3.829514,40.918804],[-3.828402,40.917091],[-3.83001,40.916908],[-3.828827,40.912526],[-3.827931,40.911449],[-3.82675,40.910828],[-3.822789,40.905848],[-3.816119,40.899036],[-3.808635,40.89208],[-3.80873,40.88821],[-3.809897,40.886263],[-3.809472,40.884423],[-3.810162,40.880161],[-3.810596,40.879745],[-3.810406,40.879238],[-3.811291,40.876566],[-3.81594,40.868496],[-3.815601,40.867291],[-3.816161,40.865609],[-3.815824,40.864044],[-3.817914,40.861512],[-3.820126,40.859773],[-3.824209,40.85839],[-3.828496,40.864634],[-3.82847,40.865672],[-3.82929,40.867736],[-3.831373,40.871412],[-3.832233,40.87221],[-3.833987,40.874855],[-3.834287,40.875078],[-3.836007,40.875021],[-3.837446,40.876181],[-3.837502,40.876847],[-3.836927,40.877401],[-3.838657,40.878109],[-3.838024,40.879645],[-3.836845,40.880284],[-3.837152,40.881093],[-3.837053,40.881724],[-3.835744,40.882454],[-3.835939,40.883804],[-3.835471,40.884303],[-3.835479,40.884979],[-3.834602,40.886021],[-3.835503,40.886825],[-3.835363,40.887952],[-3.835751,40.888661],[-3.836026,40.890713],[-3.835859,40.891552],[-3.838023,40.893743],[-3.837974,40.894509],[-3.837157,40.895641],[-3.837162,40.896046],[-3.838094,40.896526],[-3.838581,40.897486],[-3.840623,40.897463],[-3.841458,40.898718],[-3.841253,40.89944],[-3.841716,40.900355],[-3.841028,40.901333],[-3.841171,40.902287],[-3.840415,40.903563],[-3.841711,40.904634],[-3.841675,40.905562],[-3.842677,40.906843],[-3.842982,40.909372],[-3.844973,40.911344],[-3.846124,40.912962],[-3.849868,40.916199],[-3.851538,40.918054],[-3.852784,40.918663],[-3.853669,40.919818],[-3.858249,40.923467],[-3.860184,40.924374],[-3.862991,40.926411],[-3.864978,40.927308],[-3.868832,40.931524],[-3.871058,40.933216],[-3.873404,40.93414],[-3.879957,40.934649],[-3.882278,40.936194],[-3.88401,40.939183],[-3.886045,40.941258],[-3.886076,40.943932],[-3.88741,40.945751],[-3.890907,40.947654],[-3.894246,40.950449],[-3.895388,40.951844],[-3.897423,40.956811],[-3.898642,40.958833]]]}},{"type":"Feature","id":"municipio-005","properties":{"nombre":"Alcalá de Henares","tipo":"municipio","contexto":"Comunidad de Madrid"},"geometry":{"type":"Polygon","coordinates":[[[-3.447196,40.446312],[-3.444264,40.449913],[-3.439944,40.453452],[-3.436521,40.457243],[-3.433466,40.459991],[-3.431128,40.461501],[-3.432679,40.463188],[-3.434042,40.466576],[-3.431511,40.467388],[-3.432096,40.468105],[-3.429314,40.468788],[-3.429239,40.471489],[-3.426019,40.47228],[-3.426699,40.473872],[-3.42671,40.474841],[-3.427903,40.476813],[-3.427962,40.478404],[-3.429186,40.480416],[-3.428874,40.483045],[-3.430136,40.486729],[-3.430847,40.486704],[-3.431252,40.48983],[-3.430579,40.491587],[-3.428802,40.491718],[-3.429404,40.497666],[-3.429279,40.504635],[-3.429549,40.506471],[-3.428924,40.510915],[-3.428742,40.517717],[-3.430646,40.518081],[-3.430292,40.524037],[-3.428673,40.530245],[-3.436821,40.530152],[-3.438775,40.536759],[-3.438704,40.538046],[-3.436078,40.537673],[-3.436203,40.538733],[-3.43487,40.539614],[-3.435331,40.541363],[-3.43324,40.543529],[-3.425015,40.543178],[-3.424683,40.545462],[-3.419355,40.544274],[-3.418018,40.545006],[-3.415815,40.545404],[-3.415073,40.543162],[-3.416997,40.54268],[-3.415598,40.541326],[-3.416856,40.540109],[-3.418546,40.537425],[-3.418322,40.536703],[-3.413683,40.535864],[-3.411996,40.535984],[-3.412055,40.533304],[-3.411583,40.529955],[-3.407283,40.530402],[-3.405372,40.529497],[-3.406326,40.527941],[-3.405751,40.525562],[-3.405002,40.526065],[-3.398696,40.526704],[-3.393089,40.523947],[-3.389326,40.525155],[-3.38605,40.526872],[-3.382167,40.528037],[-3.377515,40.528888],[-3.377159,40.527383],[-3.374611,40.528274],[-3.370166,40.527725],[-3.366689,40.528653],[-3.364798,40.527266],[-3.363063,40.523204],[-3.359953,40.523646],[-3.35458,40.526191],[-3.352281,40.526574],[-3.350998,40.530803],[-3.350034,40.531632],[-3.348885,40.531498],[-3.347238,40.531748],[-3.339907,40.530684],[-3.339528,40.530135],[-3.33015,40.525989],[-3.323142,40.52128],[-3.320215,40.523074],[-3.316681,40.523972],[-3.316255,40.524405],[-3.315748,40.524357],[-3.314252,40.525741],[-3.31185,40.527281],[-3.309271,40.528847],[-3.308057,40.529036],[-3.30692,40.529859],[-3.30631,40.531723],[-3.305926,40.531836],[-3.304855,40.533103],[-3.302593,40.531465],[-3.300956,40.532759],[-3.300473,40.532564],[-3.299847,40.530851],[-3.296898,40.52832],[-3.29413,40.529173],[-3.293656,40.528774],[-3.28985,40.53175],[-3.284688,40.528437],[-3.284797,40.5281],[-3.287495,40.526606],[-3.288035,40.525358],[-3.287696,40.524984],[-3.286073,40.524935],[-3.284177,40.525259],[-3.284772,40.52417],[-3.283847,40.521014],[-3.284516,40.518122],[-3.285451,40.516701],[-3.288423,40.516555],[-3.291506,40.517108],[-3.293895,40.516707],[-3.298957,40.513924],[-3.299914,40.512908],[-3.30061,40.511559],[-3.301315,40.511024],[-3.302279,40.511094],[-3.303647,40.511705],[-3.305378,40.513527],[-3.306468,40.513305],[-3.307552,40.512353],[-3.308146,40.511385],[-3.308135,40.509764],[-3.307744,40.508513],[-3.307856,40.507914],[-3.308759,40.506821],[-3.308675,40.506533],[-3.306163,40.505897],[-3.306977,40.504093],[-3.308817,40.502285],[-3.307514,40.500256],[-3.307042,40.498915],[-3.305905,40.49793],[-3.305206,40.497915],[-3.304264,40.497411],[-3.303696,40.497526],[-3.303099,40.496935],[-3.302327,40.497069],[-3.300581,40.496348],[-3.299758,40.49507],[-3.298768,40.494413],[-3.296492,40.491115],[-3.294536,40.489749],[-3.292867,40.490556],[-3.290058,40.49087],[-3.286893,40.489864],[-3.286567,40.48864],[-3.288066,40.486799],[-3.297073,40.483687],[-3.299773,40.48029],[-3.301095,40.479628],[-3.303945,40.481354],[-3.309288,40.4824],[-3.309438,40.482703],[-3.311469,40.481401],[-3.312401,40.48015],[-3.3153,40.478829],[-3.315731,40.478111],[-3.320756,40.474072],[-3.321346,40.472909],[-3.321413,40.472039],[-3.322399,40.470434],[-3.32301,40.470066],[-3.32412,40.468668],[-3.324959,40.468462],[-3.323598,40.467587],[-3.326494,40.46739],[-3.32701,40.466447],[-3.328701,40.466175],[-3.329156,40.465018],[-3.328841,40.464081],[-3.328234,40.463438],[-3.329777,40.462383],[-3.330451,40.462226],[-3.333808,40.459186],[-3.333686,40.458759],[-3.334352,40.45764],[-3.333296,40.456991],[-3.333393,40.456812],[-3.334315,40.456631],[-3.337591,40.457517],[-3.338046,40.457437],[-3.337574,40.456494],[-3.339169,40.456868],[-3.339736,40.456602],[-3.340489,40.456798],[-3.341223,40.456365],[-3.341535,40.45676],[-3.341909,40.456072],[-3.342654,40.456099],[-3.342473,40.455404],[-3.342891,40.454228],[-3.343351,40.454281],[-3.344236,40.453807],[-3.344226,40.453183],[-3.345047,40.452914],[-3.345302,40.452312],[-3.346383,40.453492],[-3.347061,40.453623],[-3.348382,40.453104],[-3.34989,40.454265],[-3.350143,40.454038],[-3.349271,40.452938],[-3.350417,40.452473],[-3.35061,40.451986],[-3.351174,40.452264],[-3.351454,40.451652],[-3.351041,40.450632],[-3.351549,40.450788],[-3.352124,40.45046],[-3.352923,40.451504],[-3.353392,40.451294],[-3.353504,40.450751],[-3.354249,40.451325],[-3.354601,40.450661],[-3.355717,40.450719],[-3.35558,40.449755],[-3.356483,40.450014],[-3.357565,40.449386],[-3.358046,40.44868],[-3.358862,40.449017],[-3.358808,40.449782],[-3.359885,40.449961],[-3.3602,40.450857],[-3.360645,40.4506],[-3.361213,40.450714],[-3.363296,40.451897],[-3.363978,40.451701],[-3.365375,40.452368],[-3.365272,40.453059],[-3.365637,40.453227],[-3.366123,40.452933],[-3.366304,40.453502],[-3.367038,40.453388],[-3.367123,40.454943],[-3.367795,40.455611],[-3.368426,40.454923],[-3.369215,40.45573],[-3.370893,40.455006],[-3.372002,40.455253],[-3.372053,40.454447],[-3.373747,40.453666],[-3.374644,40.454168],[-3.375253,40.453776],[-3.375997,40.453762],[-3.376659,40.454666],[-3.377884,40.45456],[-3.378581,40.45509],[-3.378977,40.45385],[-3.379508,40.453696],[-3.380078,40.452765],[-3.380746,40.452939],[-3.381544,40.452743],[-3.382289,40.453419],[-3.383046,40.453341],[-3.384846,40.451387],[-3.385162,40.451707],[-3.385101,40.452203],[-3.385793,40.452226],[-3.387096,40.453213],[-3.386764,40.453439],[-3.385615,40.452767],[-3.385395,40.452931],[-3.38614,40.453818],[-3.387238,40.454458],[-3.386616,40.455822],[-3.388378,40.456397],[-3.389246,40.457243],[-3.388107,40.459215],[-3.389221,40.459658],[-3.390945,40.45974],[-3.394719,40.457713],[-3.398388,40.457232],[-3.401093,40.456135],[-3.401972,40.456939],[-3.402416,40.457002],[-3.40312,40.455689],[-3.402883,40.455354],[-3.403097,40.454592],[-3.403756,40.454784],[-3.408441,40.454007],[-3.408734,40.453458],[-3.414012,40.456294],[-3.419751,40.45461],[-3.420209,40.455114],[-3.423851,40.456188],[-3.425391,40.454071],[-3.426856,40.45318],[-3.430993,40.454185],[-3.434243,40.454274],[-3.435616,40.452184],[-3.441716,40.448638],[-3.445055,40.447311],[-3.446692,40.445892],[-3.447196,40.446312]]]}},{"type":"Feature","id":"municipio-006","properties":{"nombre":"Alcobendas","tipo":"municipio","contexto":"Comunidad de Madrid"},"geometry":{"type":"Polygon","coordinates":[[[-3.550248,40.522675],[-3.550472,40.521587],[-3.551345,40.520085],[-3.554946,40.517798],[-3.555819,40.516613],[-3.555429,40.515625],[-3.553213,40.513397],[-3.55237,40.511192],[-3.558383,40.511256],[-3.561668,40.510687],[-3.561755,40.511157],[-3.564996,40.512056],[-3.572048,40.512405],[-3.57588,40.510414],[-3.577951,40.510371],[-3.582904,40.508457],[-3.584716,40.50672],[-3.58683,40.505379],[-3.58912,40.504515],[-3.593268,40.501407],[-3.59479,40.501175],[-3.5981,40.501264],[-3.60019,40.501794],[-3.602837,40.501334],[-3.605857,40.504105],[-3.606229,40.505491],[-3.606625,40.505887],[-3.609374,40.507392],[-3.611077,40.508855],[-3.613432,40.509596],[-3.614179,40.510183],[-3.614265,40.510728],[-3.615074,40.510959],[-3.618221,40.510108],[-3.620976,40.510152],[-3.622944,40.509048],[-3.625071,40.509476],[-3.625848,40.509382],[-3.628284,40.50842],[-3.631125,40.508435],[-3.633276,40.507651],[-3.642105,40.508212],[-3.644841,40.507882],[-3.645848,40.508421],[-3.648015,40.510426],[-3.649034,40.510794],[-3.652448,40.511122],[-3.652381,40.511438],[-3.654533,40.512788],[-3.65617,40.513097],[-3.657885,40.511461],[-3.658599,40.511669],[-3.659158,40.513593],[-3.66287,40.520033],[-3.666239,40.521125],[-3.66562,40.522958],[-3.665944,40.524476],[-3.667651,40.525008],[-3.672029,40.524366],[-3.675067,40.525575],[-3.677207,40.526992],[-3.676528,40.527245],[-3.675724,40.528381],[-3.671015,40.532063],[-3.669324,40.53438],[-3.670223,40.535024],[-3.672057,40.537372],[-3.674084,40.538188],[-3.675624,40.540782],[-3.677449,40.542336],[-3.678169,40.543396],[-3.67874,40.545382],[-3.678796,40.546887],[-3.680238,40.548734],[-3.6819,40.54999],[-3.682477,40.551325],[-3.682121,40.552906],[-3.682408,40.553831],[-3.685751,40.559647],[-3.686969,40.563149],[-3.688955,40.567165],[-3.689561,40.568691],[-3.689397,40.570358],[-3.690407,40.569835],[-3.690725,40.569173],[-3.692392,40.570706],[-3.69263,40.571582],[-3.693515,40.572072],[-3.694952,40.57369],[-3.697012,40.574816],[-3.6973,40.57601],[-3.698195,40.576894],[-3.700027,40.578205],[-3.701591,40.578315],[-3.701589,40.57864],[-3.699428,40.578637],[-3.691843,40.580469],[-3.690694,40.580976],[-3.688603,40.582613],[-3.687249,40.582581],[-3.685859,40.582916],[-3.674143,40.588862],[-3.663852,40.569739],[-3.654168,40.55514],[-3.648155,40.554784],[-3.645693,40.555256],[-3.645013,40.554928],[-3.644373,40.555132],[-3.642737,40.554521],[-3.641942,40.554659],[-3.640845,40.554158],[-3.639983,40.55298],[-3.639643,40.551686],[-3.637526,40.549545],[-3.636749,40.547945],[-3.635551,40.547434],[-3.633275,40.545346],[-3.628459,40.543708],[-3.627827,40.542742],[-3.628055,40.541288],[-3.625838,40.54017],[-3.622855,40.540285],[-3.615185,40.539809],[-3.613867,40.538739],[-3.612158,40.538289],[-3.608872,40.538046],[-3.605947,40.538331],[-3.605051,40.538119],[-3.603277,40.536997],[-3.600324,40.538073],[-3.598818,40.537999],[-3.59671,40.537133],[-3.592794,40.53766],[-3.5918,40.537557],[-3.585446,40.535291],[-3.580276,40.534466],[-3.579565,40.534074],[-3.579132,40.5342],[-3.578598,40.533684],[-3.576395,40.534244],[-3.56882,40.534065],[-3.562687,40.53441],[-3.553245,40.532491],[-3.553089,40.53225],[-3.556167,40.531387],[-3.556335,40.530323],[-3.557133,40.528888],[-3.557148,40.528157],[-3.556235,40.527214],[-3.55288,40.52592],[-3.551594,40.525124],[-3.550509,40.523867],[-3.550248,40.522675]]]}},{"type":"Feature","id":"municipio-007","properties":{"nombre":"Alcorcón","tipo":"municipio","contexto":"Comunidad de Madrid"},"geometry":{"type":"Polygon","coordinates":[[[-3.879135,40.369934],[-3.877996,40.371442],[-3.877882,40.373245],[-3.871716,40.372906],[-3.869457,40.373255],[-3.868545,40.372984],[-3.868571,40.374314],[-3.866385,40.374182],[-3.867598,40.377684],[-3.860576,40.382197],[-3.854875,40.385166],[-3.851689,40.387475],[-3.845328,40.391197],[-3.842233,40.395705],[-3.841152,40.398339],[-3.837814,40.402973],[-3.830826,40.401106],[-3.832247,40.399907],[-3.835281,40.396549],[-3.835232,40.396272],[-3.834162,40.396058],[-3.833456,40.395473],[-3.831927,40.392409],[-3.823729,40.382137],[-3.822767,40.380489],[-3.816648,40.37401],[-3.813289,40.369833],[-3.810515,40.363717],[-3.80693,40.366453],[-3.802858,40.363332],[-3.79503,40.361778],[-3.787765,40.358696],[-3.795297,40.357115],[-3.797088,40.35648],[-3.800557,40.356733],[-3.801853,40.355556],[-3.79841,40.35367],[-3.805121,40.347214],[-3.802101,40.341739],[-3.800893,40.341361],[-3.802493,40.339866],[-3.80677,40.338128],[-3.817203,40.330831],[-3.81844,40.329542],[-3.81816,40.327793],[-3.820385,40.327194],[-3.828282,40.326216],[-3.8314,40.32528],[-3.835746,40.325227],[-3.837955,40.324552],[-3.847485,40.323979],[-3.847915,40.324055],[-3.848547,40.325692],[-3.847861,40.326131],[-3.853467,40.332631],[-3.854248,40.332004],[-3.8554,40.334743],[-3.858161,40.333401],[-3.861147,40.335944],[-3.860289,40.336262],[-3.859623,40.336042],[-3.858882,40.338897],[-3.858587,40.340348],[-3.859259,40.343596],[-3.863722,40.34506],[-3.867046,40.347132],[-3.866541,40.35141],[-3.867618,40.353645],[-3.870924,40.353118],[-3.870415,40.356705],[-3.870586,40.358473],[-3.87187,40.360304],[-3.873816,40.362211],[-3.873741,40.363089],[-3.876052,40.364239],[-3.879135,40.369934]]]}},{"type":"Feature","id":"municipio-008","properties":{"nombre":"Aldea del Fresno","tipo":"municipio","contexto":"Comunidad de Madrid"},"geometry":{"type":"Polygon","coordinates":[[[-4.295026,40.322625],[-4.292541,40.32498],[-4.286033,40.329357],[-4.284221,40.328718],[-4.279227,40.328805],[-4.277131,40.328085],[-4.276515,40.329296],[-4.273647,40.331101],[-4.270551,40.332014],[-4.267598,40.332447],[-4.265528,40.331928],[-4.263663,40.331832],[-4.260014,40.329507],[-4.257488,40.329343],[-4.2555,40.327521],[-4.250787,40.324833],[-4.24525,40.326854],[-4.23641,40.326489],[-4.233103,40.328636],[-4.232641,40.331143],[-4.231845,40.332573],[-4.232232,40.332779],[-4.231579,40.334085],[-4.228851,40.334793],[-4.227543,40.334536],[-4.22038,40.336399],[-4.218928,40.336164],[-4.218078,40.336599],[-4.217356,40.337463],[-4.213205,40.339322],[-4.215129,40.343239],[-4.21404,40.345642],[-4.211611,40.346964],[-4.212201,40.347495],[-4.213033,40.34984],[-4.21077,40.349955],[-4.209718,40.349352],[-4.208284,40.349357],[-4.19912,40.343829],[-4.193068,40.339592],[-4.187959,40.337852],[-4.184318,40.331299],[-4.182099,40.32896],[-4.176928,40.326832],[-4.176067,40.325279],[-4.171806,40.320612],[-4.171403,40.319625],[-4.170559,40.319346],[-4.169679,40.318396],[-4.170129,40.317651],[-4.168942,40.316039],[-4.168662,40.313773],[-4.166389,40.308785],[-4.16678,40.304696],[-4.167726,40.301871],[-4.168125,40.299237],[-4.167335,40.29614],[-4.167479,40.294904],[-4.167213,40.293539],[-4.1677,40.292378],[-4.167146,40.290604],[-4.16757,40.28796],[-4.169005,40.28863],[-4.172485,40.2881],[-4.175202,40.288996],[-4.177113,40.290466],[-4.177896,40.292444],[-4.179206,40.293239],[-4.18363,40.294019],[-4.18724,40.296296],[-4.190871,40.297355],[-4.194469,40.295283],[-4.197105,40.294128],[-4.197877,40.292964],[-4.198184,40.291453],[-4.19897,40.290231],[-4.202001,40.289289],[-4.203809,40.287301],[-4.204737,40.283317],[-4.204549,40.280681],[-4.203294,40.276094],[-4.203282,40.274153],[-4.204584,40.271813],[-4.204824,40.270651],[-4.20323,40.268818],[-4.206169,40.268937],[-4.208839,40.268224],[-4.210607,40.269126],[-4.213745,40.269446],[-4.215329,40.270378],[-4.216836,40.272535],[-4.217565,40.272855],[-4.219729,40.272022],[-4.220988,40.272627],[-4.221526,40.270945],[-4.223828,40.27012],[-4.224339,40.270436],[-4.226318,40.269878],[-4.227465,40.271338],[-4.227459,40.272121],[-4.22845,40.2725],[-4.228582,40.273425],[-4.22831,40.27489],[-4.229294,40.276071],[-4.241051,40.280097],[-4.243212,40.281078],[-4.246749,40.283323],[-4.255096,40.2871],[-4.259756,40.29116],[-4.265132,40.294826],[-4.266414,40.296058],[-4.271578,40.298737],[-4.27634,40.302638],[-4.278521,40.30663],[-4.280179,40.30774],[-4.281083,40.312326],[-4.282092,40.313208],[-4.294043,40.319985],[-4.295026,40.322625]]]}},{"type":"Feature","id":"municipio-009","properties":{"nombre":"Algete","tipo":"municipio","contexto":"Comunidad de Madrid"},"geometry":{"type":"Polygon","coordinates":[[[-3.593683,40.654803],[-3.588847,40.656008],[-3.586296,40.654584],[-3.584756,40.65335],[-3.585202,40.652836],[-3.584634,40.648922],[-3.584947,40.64845],[-3.584839,40.645266],[-3.580734,40.644881],[-3.578723,40.645143],[-3.577835,40.64571],[-3.577037,40.64568],[-3.570685,40.643789],[-3.567722,40.643663],[-3.567959,40.644824],[-3.567335,40.648894],[-3.566602,40.650185],[-3.559189,40.650541],[-3.560443,40.644662],[-3.559746,40.643314],[-3.558591,40.642299],[-3.557579,40.641896],[-3.55633,40.640077],[-3.555827,40.639024],[-3.555818,40.637086],[-3.556233,40.636302],[-3.556886,40.63582],[-3.557985,40.635553],[-3.558996,40.635658],[-3.560034,40.636424],[-3.560195,40.638533],[-3.561018,40.638903],[-3.561962,40.638837],[-3.563623,40.635713],[-3.564227,40.633019],[-3.563834,40.631765],[-3.560715,40.627211],[-3.560516,40.626115],[-3.560928,40.623697],[-3.560078,40.623844],[-3.558407,40.624835],[-3.558317,40.624639],[-3.559271,40.623847],[-3.559858,40.622873],[-3.558996,40.617624],[-3.559063,40.615584],[-3.560298,40.614542],[-3.560197,40.61405],[-3.559288,40.613838],[-3.559638,40.612268],[-3.55749,40.611962],[-3.557524,40.611663],[-3.555393,40.61114],[-3.555227,40.611581],[-3.553823,40.611253],[-3.551782,40.611491],[-3.551082,40.612668],[-3.549883,40.612644],[-3.549715,40.613422],[-3.545319,40.613583],[-3.543169,40.613231],[-3.543195,40.612452],[-3.537672,40.616155],[-3.536469,40.616052],[-3.536375,40.616367],[-3.535082,40.616261],[-3.535351,40.615595],[-3.534153,40.615463],[-3.533496,40.615734],[-3.532232,40.614291],[-3.532168,40.614478],[-3.529419,40.61353],[-3.528983,40.61431],[-3.527532,40.613737],[-3.527357,40.614051],[-3.524433,40.613986],[-3.523789,40.615693],[-3.520308,40.616053],[-3.516397,40.617485],[-3.515638,40.617235],[-3.515341,40.617703],[-3.513961,40.618081],[-3.509703,40.618545],[-3.507079,40.619703],[-3.503701,40.620357],[-3.503451,40.619607],[-3.502422,40.61992],[-3.502706,40.621498],[-3.502278,40.621628],[-3.502465,40.622537],[-3.503043,40.624573],[-3.50388,40.625576],[-3.497559,40.625362],[-3.494548,40.624872],[-3.488584,40.625189],[-3.485842,40.625951],[-3.486041,40.624585],[-3.485292,40.623219],[-3.485765,40.622569],[-3.486872,40.622092],[-3.486389,40.621497],[-3.487906,40.620367],[-3.485547,40.616592],[-3.482743,40.616418],[-3.482962,40.615531],[-3.482166,40.615452],[-3.481784,40.61388],[-3.48134,40.614344],[-3.479532,40.614032],[-3.4793,40.612963],[-3.478553,40.612405],[-3.476175,40.609071],[-3.475905,40.607841],[-3.476217,40.605797],[-3.475831,40.604737],[-3.474608,40.605484],[-3.472874,40.605973],[-3.471906,40.60496],[-3.471352,40.604811],[-3.470617,40.605983],[-3.469647,40.606052],[-3.468568,40.606738],[-3.467704,40.606741],[-3.467532,40.606511],[-3.463367,40.607668],[-3.46199,40.606666],[-3.459047,40.606341],[-3.455832,40.606237],[-3.453856,40.607166],[-3.458268,40.603151],[-3.459819,40.602757],[-3.463034,40.599998],[-3.466294,40.596803],[-3.466084,40.595465],[-3.467463,40.595761],[-3.468611,40.595542],[-3.469407,40.595182],[-3.469339,40.594577],[-3.470761,40.594333],[-3.474765,40.59268],[-3.477425,40.590642],[-3.478868,40.590294],[-3.481123,40.588413],[-3.482875,40.587624],[-3.482454,40.586401],[-3.484163,40.585977],[-3.489611,40.58496],[-3.493977,40.585537],[-3.494489,40.585291],[-3.495557,40.585887],[-3.496935,40.585417],[-3.499654,40.585055],[-3.508056,40.582265],[-3.512488,40.582077],[-3.514552,40.581326],[-3.521099,40.580849],[-3.521438,40.581401],[-3.523037,40.58093],[-3.524647,40.580946],[-3.526641,40.58233],[-3.527495,40.581934],[-3.527617,40.582316],[-3.528895,40.581797],[-3.529349,40.582375],[-3.528717,40.582845],[-3.529246,40.582916],[-3.529266,40.583851],[-3.53274,40.584137],[-3.532661,40.584507],[-3.5336,40.584715],[-3.535066,40.5845],[-3.535154,40.584181],[-3.53791,40.583903],[-3.538081,40.583675],[-3.53979,40.583712],[-3.539988,40.582409],[-3.539625,40.5823],[-3.54193,40.582682],[-3.545384,40.584062],[-3.548879,40.587061],[-3.551754,40.586333],[-3.558615,40.585746],[-3.558281,40.586654],[-3.56059,40.587169],[-3.560166,40.589378],[-3.560993,40.591722],[-3.564333,40.591865],[-3.565196,40.595345],[-3.5652,40.596245],[-3.564413,40.596683],[-3.564068,40.59729],[-3.564718,40.598416],[-3.565155,40.598765],[-3.56711,40.599045],[-3.567597,40.598507],[-3.569802,40.59789],[-3.572109,40.598292],[-3.573412,40.599049],[-3.576114,40.602958],[-3.576706,40.605759],[-3.577411,40.607496],[-3.576142,40.608834],[-3.57414,40.609814],[-3.573377,40.610702],[-3.573318,40.61139],[-3.57401,40.613952],[-3.573322,40.617137],[-3.573505,40.618999],[-3.574096,40.619353],[-3.578378,40.619011],[-3.580308,40.619557],[-3.581101,40.620998],[-3.580734,40.622061],[-3.579873,40.62297],[-3.580053,40.623845],[-3.582646,40.625302],[-3.583413,40.626516],[-3.587213,40.629935],[-3.589094,40.633521],[-3.58902,40.635183],[-3.590709,40.63852],[-3.590646,40.639925],[-3.591121,40.641071],[-3.590168,40.642563],[-3.589675,40.645952],[-3.590668,40.647897],[-3.591791,40.649165],[-3.592195,40.650187],[-3.592479,40.652458],[-3.593683,40.654803]]]}},{"type":"Feature","id":"municipio-010","properties":{"nombre":"Alpedrete","tipo":"municipio","contexto":"Comunidad de Madrid"},"geometry":{"type":"Polygon","coordinates":[[[-3.995264,40.681103],[-3.997423,40.673896],[-3.996394,40.669429],[-3.996064,40.66649],[-3.997244,40.665334],[-3.99828,40.663326],[-4.003253,40.663264],[-4.006615,40.662358],[-4.008852,40.655514],[-4.010939,40.651923],[-4.01703,40.647993],[-4.019654,40.645707],[-4.021589,40.64517],[-4.017556,40.638756],[-4.019081,40.63724],[-4.02522,40.632399],[-4.026349,40.632883],[-4.030503,40.639114],[-4.030176,40.641346],[-4.03579,40.645547],[-4.03696,40.647471],[-4.039229,40.649149],[-4.042724,40.652563],[-4.044768,40.653994],[-4.046916,40.656104],[-4.047663,40.659675],[-4.043301,40.664147],[-4.042831,40.665468],[-4.042018,40.666359],[-4.041743,40.665627],[-4.038037,40.667805],[-4.036633,40.669189],[-4.033595,40.671343],[-4.031569,40.67168],[-4.03056,40.672767],[-4.024567,40.675816],[-4.019164,40.679531],[-4.015572,40.680977],[-4.013097,40.682379],[-4.010489,40.682963],[-4.003834,40.683574],[-4.001212,40.684189],[-3.995264,40.681103]]]}},{"type":"Feature","id":"municipio-011","properties":{"nombre":"Ambite","tipo":"municipio","contexto":"Comunidad de Madrid"},"geometry":{"type":"Polygon","coordinates":[[[-3.216266,40.312882],[-3.213696,40.313144],[-3.212253,40.314018],[-3.210485,40.314081],[-3.208825,40.316852],[-3.207443,40.317259],[-3.206595,40.317854],[-3.204364,40.320803],[-3.203311,40.325222],[-3.201851,40.327558],[-3.201756,40.328995],[-3.199871,40.331132],[-3.200311,40.331729],[-3.199855,40.332321],[-3.19991,40.333139],[-3.199389,40.333737],[-3.200051,40.335041],[-3.199619,40.335793],[-3.199821,40.336435],[-3.1992,40.33745],[-3.200624,40.339325],[-3.20066,40.340023],[-3.202256,40.340789],[-3.20454,40.344023],[-3.198714,40.350608],[-3.196595,40.352446],[-3.192013,40.354006],[-3.189953,40.355012],[-3.187876,40.356526],[-3.184119,40.358232],[-3.178073,40.359392],[-3.177158,40.360095],[-3.176701,40.361488],[-3.176863,40.362349],[-3.17651,40.363875],[-3.176119,40.364343],[-3.175552,40.367206],[-3.177431,40.373517],[-3.173803,40.376135],[-3.166704,40.378144],[-3.160545,40.378659],[-3.154981,40.377664],[-3.150782,40.376269],[-3.150054,40.373109],[-3.149384,40.371639],[-3.150446,40.371168],[-3.151947,40.368458],[-3.15343,40.367703],[-3.150575,40.364863],[-3.149792,40.361446],[-3.149009,40.360111],[-3.1434,40.358134],[-3.143807,40.356577],[-3.142907,40.355968],[-3.143783,40.355835],[-3.143422,40.355233],[-3.144087,40.354439],[-3.143868,40.352986],[-3.143114,40.352337],[-3.142059,40.352383],[-3.140946,40.351263],[-3.141522,40.350396],[-3.142278,40.350425],[-3.144095,40.349837],[-3.144968,40.349797],[-3.145575,40.350118],[-3.146612,40.349825],[-3.146877,40.349131],[-3.146403,40.348276],[-3.147195,40.347196],[-3.149329,40.346704],[-3.14924,40.346233],[-3.14856,40.346267],[-3.14859,40.346012],[-3.149624,40.345753],[-3.149904,40.346203],[-3.150385,40.346185],[-3.150766,40.345497],[-3.151615,40.345155],[-3.15282,40.343299],[-3.153756,40.343517],[-3.155607,40.342463],[-3.154784,40.340989],[-3.152062,40.339756],[-3.151327,40.33817],[-3.151398,40.335247],[-3.15187,40.3346],[-3.152905,40.331584],[-3.154468,40.331506],[-3.15897,40.329429],[-3.162317,40.327394],[-3.162111,40.326134],[-3.16442,40.325337],[-3.167579,40.323456],[-3.176015,40.316085],[-3.178306,40.315385],[-3.17967,40.314237],[-3.179793,40.313813],[-3.180553,40.313454],[-3.180682,40.312231],[-3.181506,40.310087],[-3.182895,40.308082],[-3.182414,40.305149],[-3.181689,40.304277],[-3.184813,40.304717],[-3.192937,40.304751],[-3.20221,40.306325],[-3.205749,40.30618],[-3.206749,40.306447],[-3.207655,40.306246],[-3.211086,40.309167],[-3.212017,40.310333],[-3.216266,40.312882]]]}},{"type":"Feature","id":"municipio-012","properties":{"nombre":"Anchuelo","tipo":"municipio","contexto":"Comunidad de Madrid"},"geometry":{"type":"Polygon","coordinates":[[[-3.321443,40.47198],[-3.321346,40.472909],[-3.320756,40.474072],[-3.319204,40.475482],[-3.315731,40.478111],[-3.3153,40.478829],[-3.312401,40.48015],[-3.311469,40.481401],[-3.309438,40.482703],[-3.309288,40.4824],[-3.303945,40.481354],[-3.301095,40.479628],[-3.299773,40.48029],[-3.297073,40.483687],[-3.288066,40.486799],[-3.286567,40.48864],[-3.286893,40.489864],[-3.290058,40.49087],[-3.292867,40.490556],[-3.294536,40.489749],[-3.296492,40.491115],[-3.298768,40.494413],[-3.295554,40.494597],[-3.2922,40.494088],[-3.289165,40.494421],[-3.288996,40.494891],[-3.288137,40.495089],[-3.284086,40.494101],[-3.282958,40.493725],[-3.281329,40.492427],[-3.280752,40.490663],[-3.279232,40.490231],[-3.275786,40.488415],[-3.273316,40.486189],[-3.267743,40.485473],[-3.264813,40.485609],[-3.263892,40.484788],[-3.259765,40.484654],[-3.258325,40.483957],[-3.258498,40.482788],[-3.258751,40.482368],[-3.259338,40.482173],[-3.258733,40.481391],[-3.258108,40.481742],[-3.257655,40.480905],[-3.256385,40.47708],[-3.253881,40.471889],[-3.253616,40.468889],[-3.252571,40.468092],[-3.250626,40.464006],[-3.249473,40.460338],[-3.249978,40.458772],[-3.248806,40.456621],[-3.245989,40.454024],[-3.244622,40.451865],[-3.240111,40.451285],[-3.234948,40.449092],[-3.234323,40.445516],[-3.235204,40.444358],[-3.237851,40.443944],[-3.241997,40.443976],[-3.245036,40.443518],[-3.248941,40.441965],[-3.252621,40.441421],[-3.253259,40.441645],[-3.257098,40.440945],[-3.260416,40.43825],[-3.262545,40.438118],[-3.267418,40.43929],[-3.267214,40.440688],[-3.268186,40.441479],[-3.268399,40.442618],[-3.267908,40.443979],[-3.268888,40.444074],[-3.270182,40.445613],[-3.271044,40.446973],[-3.270946,40.447296],[-3.273253,40.449001],[-3.276682,40.450482],[-3.278213,40.450431],[-3.280358,40.451289],[-3.283072,40.451926],[-3.287611,40.451513],[-3.289815,40.453245],[-3.292177,40.455936],[-3.293732,40.457002],[-3.298566,40.459396],[-3.308386,40.465311],[-3.312552,40.467501],[-3.316374,40.468992],[-3.317456,40.468923],[-3.318126,40.469243],[-3.319591,40.471398],[-3.321443,40.47198]]]}},{"type":"Feature","id":"municipio-013","properties":{"nombre":"Aranjuez","tipo":"municipio","contexto":"Comunidad de Madrid"},"geometry":{"type":"Polygon","coordinates":[[[-3.87569,39.927732],[-3.874389,39.929565],[-3.873239,39.930037],[-3.871271,39.930271],[-3.869157,39.931485],[-3.866379,39.931398],[-3.864257,39.932237],[-3.859323,39.932858],[-3.858665,39.933366],[-3.857267,39.936331],[-3.856471,39.937246],[-3.854598,39.937881],[-3.854118,39.938671],[-3.852824,39.939434],[-3.847792,39.939793],[-3.840044,39.941956],[-3.839303,39.941891],[-3.838269,39.94074],[-3.837994,39.93538],[-3.837114,39.932995],[-3.835322,39.931382],[-3.834528,39.931186],[-3.832042,39.93156],[-3.830859,39.932348],[-3.830127,39.933443],[-3.829533,39.936051],[-3.829323,39.940536],[-3.824384,39.947291],[-3.823191,39.947302],[-3.822001,39.946638],[-3.818862,39.946512],[-3.817666,39.946739],[-3.816329,39.947933],[-3.813343,39.951999],[-3.811047,39.953448],[-3.809548,39.953965],[-3.807691,39.954137],[-3.804643,39.953912],[-3.802416,39.953014],[-3.801696,39.952049],[-3.801624,39.949452],[-3.801225,39.947307],[-3.800469,39.946256],[-3.799391,39.945714],[-3.797957,39.94589],[-3.793736,39.947501],[-3.791525,39.946974],[-3.785967,39.944549],[-3.782936,39.944939],[-3.782488,39.945446],[-3.782246,39.948784],[-3.782987,39.949824],[-3.785718,39.951741],[-3.786696,39.953501],[-3.786708,39.954298],[-3.78442,39.955978],[-3.781906,39.957086],[-3.778456,39.956969],[-3.775827,39.957887],[-3.774272,39.958746],[-3.771531,39.961452],[-3.766578,39.961863],[-3.765149,39.963303],[-3.764255,39.966413],[-3.763602,39.967518],[-3.757973,39.958336],[-3.760995,39.956752],[-3.767802,39.955449],[-3.769142,39.954929],[-3.770229,39.954044],[-3.770807,39.952965],[-3.770682,39.950608],[-3.769169,39.948584],[-3.767345,39.947556],[-3.765833,39.947196],[-3.762874,39.947753],[-3.760425,39.949215],[-3.754494,39.9504],[-3.752135,39.951978],[-3.75145,39.953035],[-3.751125,39.954515],[-3.751137,39.956591],[-3.751474,39.957909],[-3.752705,39.959113],[-3.75714,39.965711],[-3.758876,39.968868],[-3.754018,39.967819],[-3.75226,39.966819],[-3.747495,39.962796],[-3.745939,39.962188],[-3.742301,39.961505],[-3.739263,39.961342],[-3.735966,39.961701],[-3.729967,39.96416],[-3.728695,39.96405],[-3.727936,39.964545],[-3.724593,39.967936],[-3.723434,39.969659],[-3.723709,39.970617],[-3.725498,39.971695],[-3.728906,39.972266],[-3.731286,39.969358],[-3.737162,39.968412],[-3.738041,39.968713],[-3.741281,39.970827],[-3.743398,39.97391],[-3.744142,39.976148],[-3.744805,39.977223],[-3.74675,39.979465],[-3.746615,39.980748],[-3.745247,39.98182],[-3.743888,39.982391],[-3.74148,39.982424],[-3.739348,39.981737],[-3.73876,39.981298],[-3.737338,39.979102],[-3.736496,39.976831],[-3.735831,39.976058],[-3.73408,39.975502],[-3.731558,39.976383],[-3.733497,39.979298],[-3.734663,39.979982],[-3.735194,39.980629],[-3.735882,39.982481],[-3.73572,39.984302],[-3.733669,39.985788],[-3.729891,39.986208],[-3.7287,39.988418],[-3.727278,39.989187],[-3.726582,39.989128],[-3.725341,39.988408],[-3.720455,39.984167],[-3.719553,39.984912],[-3.71852,39.986278],[-3.718522,39.987005],[-3.71902,39.987791],[-3.722119,39.990705],[-3.723697,39.992913],[-3.724221,39.995581],[-3.723955,39.997599],[-3.722394,40.000417],[-3.721745,40.001106],[-3.717088,40.002641],[-3.714827,40.004211],[-3.71298,40.008748],[-3.711715,40.010503],[-3.707986,40.013918],[-3.704962,40.016136],[-3.69928,40.019858],[-3.694107,40.02117],[-3.689855,40.021788],[-3.686834,40.021708],[-3.686485,40.019528],[-3.687141,40.018533],[-3.68655,40.017722],[-3.683437,40.01561],[-3.681775,40.015595],[-3.679487,40.016119],[-3.6768,40.020914],[-3.675621,40.022136],[-3.670475,40.025086],[-3.667738,40.027824],[-3.668174,40.032693],[-3.667599,40.03395],[-3.666455,40.035036],[-3.662738,40.036878],[-3.658628,40.037029],[-3.657383,40.036585],[-3.656475,40.035554],[-3.655551,40.032875],[-3.654762,40.03231],[-3.652322,40.031677],[-3.650013,40.031963],[-3.649222,40.032627],[-3.648878,40.034025],[-3.649306,40.03722],[-3.649226,40.0388],[-3.648413,40.040533],[-3.647259,40.041628],[-3.645841,40.04202],[-3.644758,40.041893],[-3.642088,40.040718],[-3.639133,40.040214],[-3.636823,40.040997],[-3.635587,40.042364],[-3.635272,40.043121],[-3.635411,40.043475],[-3.638766,40.045505],[-3.639793,40.046869],[-3.640022,40.0491],[-3.639221,40.050451],[-3.638442,40.050827],[-3.63542,40.05136],[-3.630743,40.053814],[-3.625513,40.053358],[-3.623603,40.053883],[-3.621906,40.054871],[-3.621222,40.056264],[-3.620703,40.056363],[-3.619528,40.057692],[-3.624235,40.060596],[-3.623549,40.061314],[-3.622413,40.06394],[-3.619811,40.065356],[-3.618169,40.066611],[-3.616566,40.068807],[-3.617841,40.069881],[-3.622408,40.072436],[-3.625436,40.073445],[-3.627521,40.07484],[-3.628218,40.075449],[-3.628672,40.076376],[-3.628954,40.078266],[-3.625008,40.080652],[-3.623344,40.081191],[-3.619229,40.079846],[-3.611534,40.082197],[-3.610364,40.08187],[-3.608111,40.086185],[-3.607385,40.08832],[-3.604132,40.092001],[-3.603739,40.092786],[-3.603732,40.093667],[-3.604463,40.09453],[-3.605559,40.095013],[-3.607963,40.095298],[-3.609719,40.094347],[-3.611082,40.092738],[-3.612921,40.092252],[-3.614704,40.092935],[-3.615567,40.093726],[-3.616325,40.094864],[-3.616223,40.096289],[-3.614085,40.099489],[-3.613031,40.103171],[-3.611763,40.104748],[-3.609829,40.106297],[-3.608431,40.108466],[-3.606207,40.109341],[-3.602423,40.108704],[-3.600406,40.109083],[-3.597965,40.111078],[-3.597116,40.112776],[-3.597073,40.114089],[-3.597568,40.115162],[-3.600541,40.11849],[-3.600519,40.121001],[-3.599048,40.122058],[-3.59541,40.122227],[-3.594048,40.122761],[-3.592983,40.123909],[-3.592813,40.125492],[-3.592407,40.126311],[-3.591728,40.126972],[-3.590347,40.127606],[-3.587502,40.127918],[-3.585675,40.12767],[-3.583741,40.128514],[-3.58183,40.128778],[-3.581121,40.128568],[-3.580916,40.128783],[-3.581148,40.12914],[-3.580817,40.129403],[-3.581378,40.129631],[-3.580794,40.13037],[-3.579535,40.129877],[-3.579466,40.129441],[-3.579092,40.130563],[-3.578428,40.130599],[-3.578597,40.130035],[-3.577593,40.130212],[-3.578965,40.127763],[-3.578825,40.125773],[-3.575008,40.121652],[-3.57079,40.123795],[-3.561612,40.125864],[-3.557585,40.12524],[-3.559953,40.121111],[-3.563794,40.119571],[-3.565032,40.118158],[-3.569855,40.115152],[-3.572411,40.114967],[-3.574825,40.114156],[-3.575667,40.113298],[-3.576616,40.111044],[-3.577171,40.108253],[-3.578387,40.10697],[-3.579312,40.103131],[-3.580596,40.102247],[-3.580933,40.098986],[-3.583552,40.095609],[-3.585336,40.0926],[-3.58535,40.090803],[-3.584322,40.088178],[-3.585907,40.084447],[-3.587484,40.078823],[-3.589234,40.07678],[-3.590986,40.072854],[-3.591159,40.071417],[-3.590898,40.069546],[-3.591282,40.068504],[-3.592166,40.067653],[-3.594049,40.06703],[-3.593441,40.064584],[-3.59227,40.062053],[-3.589448,40.058174],[-3.587574,40.057878],[-3.583318,40.058765],[-3.581159,40.059481],[-3.580003,40.060505],[-3.576068,40.061841],[-3.570229,40.064337],[-3.566166,40.065434],[-3.564229,40.065556],[-3.562335,40.066197],[-3.560482,40.066509],[-3.554884,40.066639],[-3.541453,40.068043],[-3.53552,40.068196],[-3.533832,40.052046],[-3.540089,40.052189],[-3.545982,40.050594],[-3.544166,40.04927],[-3.541066,40.050272],[-3.539329,40.050417],[-3.538096,40.050175],[-3.53686,40.049314],[-3.535999,40.049064],[-3.535046,40.049404],[-3.533808,40.051119],[-3.532937,40.051754],[-3.531767,40.051925],[-3.529003,40.051718],[-3.528492,40.051431],[-3.528382,40.049904],[-3.527963,40.04868],[-3.527032,40.047766],[-3.526401,40.047591],[-3.525323,40.048257],[-3.524962,40.049621],[-3.523921,40.05071],[-3.520876,40.05218],[-3.519038,40.052358],[-3.51836,40.051804],[-3.518852,40.050777],[-3.518912,40.048867],[-3.518112,40.046937],[-3.516654,40.046844],[-3.515361,40.048539],[-3.514716,40.048746],[-3.513752,40.048022],[-3.513542,40.046651],[-3.513881,40.045113],[-3.514203,40.044735],[-3.514809,40.044601],[-3.516207,40.044894],[-3.517505,40.044368],[-3.517277,40.043528],[-3.515305,40.043329],[-3.517274,40.040137],[-3.516984,40.039741],[-3.516867,40.037192],[-3.520048,40.030876],[-3.522066,40.026089],[-3.519711,40.021095],[-3.527162,40.0187],[-3.530605,40.018118],[-3.549817,40.01818],[-3.550699,40.017612],[-3.551186,40.018141],[-3.574704,40.015682],[-3.574811,40.014387],[-3.575202,40.013734],[-3.583286,40.012756],[-3.585114,40.013181],[-3.590015,40.013221],[-3.590969,40.012148],[-3.594581,40.001701],[-3.595343,40.001141],[-3.596906,40.000514],[-3.602255,40.000116],[-3.608055,39.99824],[-3.610373,39.998277],[-3.615575,39.994045],[-3.618911,39.992289],[-3.622486,39.991061],[-3.626806,39.992565],[-3.629245,39.992674],[-3.630791,39.991694],[-3.633096,39.991185],[-3.635299,39.988992],[-3.637992,39.988376],[-3.637878,39.987087],[-3.637005,39.984817],[-3.636229,39.983806],[-3.635218,39.981267],[-3.634983,39.978898],[-3.634244,39.977694],[-3.633484,39.974884],[-3.633581,39.97347],[-3.631379,39.969596],[-3.630507,39.96863],[-3.63392,39.968985],[-3.63351,39.967236],[-3.634499,39.965892],[-3.636695,39.965579],[-3.646339,39.965968],[-3.660116,39.96607],[-3.661597,39.96582],[-3.66264,39.965488],[-3.665826,39.963543],[-3.677643,39.96077],[-3.683393,39.955461],[-3.692407,39.95032],[-3.697589,39.946718],[-3.698902,39.947702],[-3.703866,39.949596],[-3.70888,39.95354],[-3.711106,39.954709],[-3.716895,39.950819],[-3.730576,39.944424],[-3.74387,39.940802],[-3.744859,39.939944],[-3.746407,39.932996],[-3.748459,39.929416],[-3.754054,39.924203],[-3.756583,39.921112],[-3.759368,39.919073],[-3.769998,39.914637],[-3.771334,39.915319],[-3.774783,39.912554],[-3.778797,39.910854],[-3.789779,39.899116],[-3.795809,39.894971],[-3.800584,39.890871],[-3.806421,39.887389],[-3.804398,39.884719],[-3.812054,39.885768],[-3.814894,39.885742],[-3.819629,39.889137],[-3.825112,39.892338],[-3.82972,39.897269],[-3.834548,39.899934],[-3.840014,39.901576],[-3.84488,39.902642],[-3.85265,39.903081],[-3.856711,39.903051],[-3.859795,39.902546],[-3.865431,39.903574],[-3.868326,39.904859],[-3.868938,39.905244],[-3.868798,39.906283],[-3.869702,39.907636],[-3.872523,39.90819],[-3.873612,39.908669],[-3.872546,39.909496],[-3.873922,39.909679],[-3.875427,39.910685],[-3.87313,39.913368],[-3.868887,39.915458],[-3.867448,39.917037],[-3.868535,39.919466],[-3.875158,39.926485],[-3.87569,39.927732]]]}},{"type":"Feature","id":"municipio-014","properties":{"nombre":"Arganda del Rey","tipo":"municipio","contexto":"Comunidad de Madrid"},"geometry":{"type":"Polygon","coordinates":[[[-3.519797,40.294281],[-3.517765,40.297503],[-3.514331,40.29925],[-3.51244,40.299355],[-3.510392,40.300209],[-3.508993,40.301283],[-3.509215,40.302226],[-3.512298,40.30273],[-3.515133,40.304817],[-3.513385,40.306249],[-3.509916,40.306859],[-3.506109,40.30808],[-3.505232,40.309214],[-3.509696,40.310124],[-3.5099,40.311899],[-3.510887,40.312495],[-3.513882,40.312824],[-3.514452,40.313185],[-3.514617,40.31498],[-3.513811,40.317162],[-3.511043,40.31855],[-3.507411,40.317226],[-3.503775,40.316921],[-3.49828,40.315486],[-3.497149,40.315397],[-3.494496,40.315837],[-3.493356,40.316176],[-3.485457,40.324251],[-3.483531,40.323996],[-3.481042,40.321838],[-3.478426,40.320054],[-3.47859,40.319494],[-3.474527,40.319004],[-3.470678,40.319492],[-3.47,40.323843],[-3.470513,40.324419],[-3.470455,40.32596],[-3.470976,40.328362],[-3.471428,40.328801],[-3.471631,40.331016],[-3.472062,40.331109],[-3.47062,40.333959],[-3.470491,40.334759],[-3.471601,40.338112],[-3.46096,40.341865],[-3.453475,40.343264],[-3.452176,40.343132],[-3.447884,40.34571],[-3.445479,40.347762],[-3.442875,40.34946],[-3.440429,40.349889],[-3.437931,40.351216],[-3.435547,40.352045],[-3.432605,40.352289],[-3.426647,40.351335],[-3.426226,40.34971],[-3.4272,40.346589],[-3.429076,40.345111],[-3.431579,40.338746],[-3.431245,40.33201],[-3.432044,40.321891],[-3.429659,40.317093],[-3.424446,40.314798],[-3.42178,40.314195],[-3.415436,40.313396],[-3.41225,40.311038],[-3.407925,40.309078],[-3.408433,40.307577],[-3.408289,40.306301],[-3.401908,40.305098],[-3.400496,40.302978],[-3.398528,40.304226],[-3.397138,40.304149],[-3.396046,40.303522],[-3.396018,40.302634],[-3.395432,40.301801],[-3.391767,40.300418],[-3.386705,40.299524],[-3.385451,40.299532],[-3.383837,40.300016],[-3.382427,40.299372],[-3.382439,40.297744],[-3.379644,40.297809],[-3.376772,40.293891],[-3.37665,40.291841],[-3.377917,40.288919],[-3.381529,40.283401],[-3.384333,40.280899],[-3.373973,40.270977],[-3.371516,40.267295],[-3.369746,40.265333],[-3.377605,40.261628],[-3.378934,40.259528],[-3.381086,40.257444],[-3.385344,40.254424],[-3.388476,40.25013],[-3.395766,40.248378],[-3.404372,40.255255],[-3.407576,40.257158],[-3.411752,40.255202],[-3.416757,40.25428],[-3.423262,40.254701],[-3.426107,40.255718],[-3.434838,40.257887],[-3.441537,40.258218],[-3.447393,40.257553],[-3.452804,40.257332],[-3.455984,40.258288],[-3.459141,40.258297],[-3.460127,40.257657],[-3.462559,40.256773],[-3.466001,40.25592],[-3.470128,40.255341],[-3.472664,40.255377],[-3.476879,40.256401],[-3.478916,40.256068],[-3.481115,40.256151],[-3.484747,40.258248],[-3.486148,40.260485],[-3.486136,40.261342],[-3.486765,40.26338],[-3.488388,40.26471],[-3.489931,40.268021],[-3.491721,40.268524],[-3.491727,40.2696],[-3.492993,40.271086],[-3.493976,40.271344],[-3.495403,40.271192],[-3.498302,40.272212],[-3.498704,40.272625],[-3.49862,40.273174],[-3.499462,40.273701],[-3.500409,40.275208],[-3.5019,40.276046],[-3.501969,40.276564],[-3.503864,40.27675],[-3.503922,40.277351],[-3.505104,40.279281],[-3.512194,40.285876],[-3.519797,40.294281]]]}},{"type":"Feature","id":"municipio-015","properties":{"nombre":"Arroyomolinos","tipo":"municipio","contexto":"Comunidad de Madrid"},"geometry":{"type":"Polygon","coordinates":[[[-3.948944,40.273032],[-3.948415,40.275028],[-3.946785,40.277575],[-3.943167,40.281651],[-3.941777,40.286397],[-3.94187,40.287894],[-3.942661,40.290007],[-3.942061,40.291682],[-3.939181,40.291565],[-3.937819,40.291182],[-3.936101,40.290071],[-3.934696,40.291048],[-3.932387,40.290918],[-3.930166,40.291655],[-3.927529,40.291196],[-3.925504,40.291478],[-3.922972,40.290213],[-3.920839,40.290125],[-3.918972,40.289429],[-3.918008,40.28934],[-3.916469,40.2899],[-3.916395,40.292149],[-3.918945,40.292135],[-3.920306,40.293014],[-3.922154,40.295034],[-3.923076,40.295484],[-3.925236,40.29555],[-3.925815,40.295298],[-3.926155,40.295582],[-3.927147,40.29543],[-3.928919,40.295978],[-3.933398,40.294271],[-3.93804,40.29185],[-3.941523,40.292723],[-3.941731,40.295817],[-3.941551,40.296731],[-3.941761,40.29718],[-3.938322,40.297033],[-3.937889,40.297369],[-3.936722,40.297441],[-3.934915,40.298287],[-3.934059,40.29834],[-3.93381,40.298941],[-3.933076,40.298878],[-3.933238,40.299415],[-3.932441,40.299293],[-3.93205,40.299933],[-3.930462,40.301065],[-3.929591,40.301225],[-3.928964,40.300992],[-3.928285,40.301458],[-3.92615,40.301724],[-3.924375,40.302551],[-3.921959,40.302442],[-3.920685,40.302952],[-3.918837,40.302731],[-3.918311,40.302423],[-3.917419,40.300308],[-3.915345,40.298671],[-3.915761,40.296898],[-3.915745,40.293048],[-3.912961,40.294871],[-3.91146,40.295188],[-3.911378,40.296381],[-3.90973,40.298829],[-3.908037,40.300032],[-3.907392,40.301926],[-3.905277,40.303808],[-3.902302,40.304827],[-3.896109,40.304256],[-3.894644,40.301609],[-3.892317,40.302155],[-3.890498,40.296951],[-3.889903,40.296282],[-3.889764,40.294765],[-3.886806,40.291449],[-3.883259,40.291439],[-3.881184,40.292362],[-3.878174,40.28963],[-3.876073,40.287155],[-3.87746,40.286357],[-3.885666,40.283223],[-3.887336,40.283151],[-3.887046,40.282071],[-3.884849,40.280262],[-3.885177,40.280179],[-3.885948,40.278164],[-3.887407,40.275955],[-3.894454,40.269684],[-3.89709,40.26776],[-3.897974,40.266721],[-3.898355,40.266775],[-3.899061,40.265323],[-3.904348,40.259931],[-3.9053,40.259647],[-3.905875,40.259931],[-3.908424,40.258913],[-3.912089,40.256275],[-3.913527,40.256925],[-3.914315,40.25859],[-3.914111,40.259586],[-3.915691,40.260815],[-3.917066,40.260929],[-3.925447,40.256969],[-3.928502,40.25698],[-3.930747,40.256472],[-3.932141,40.256855],[-3.933876,40.257911],[-3.934011,40.258627],[-3.935296,40.259427],[-3.937686,40.259712],[-3.938277,40.260984],[-3.939194,40.262043],[-3.939343,40.262684],[-3.94091,40.262501],[-3.940403,40.26196],[-3.940744,40.261832],[-3.942992,40.262379],[-3.943833,40.261349],[-3.944648,40.260884],[-3.945177,40.260924],[-3.945513,40.261689],[-3.946069,40.261535],[-3.946748,40.26215],[-3.948072,40.262535],[-3.946717,40.267272],[-3.947769,40.269479],[-3.947604,40.271214],[-3.948944,40.273032]]]}},{"type":"Feature","id":"municipio-017","properties":{"nombre":"Batres","tipo":"municipio","contexto":"Comunidad de Madrid"},"geometry":{"type":"Polygon","coordinates":[[[-3.956297,40.199085],[-3.955121,40.203368],[-3.953491,40.207352],[-3.952965,40.209951],[-3.952859,40.212996],[-3.952504,40.214107],[-3.949032,40.22104],[-3.947904,40.220102],[-3.946227,40.220052],[-3.946427,40.22195],[-3.945556,40.224302],[-3.945576,40.224691],[-3.946378,40.224598],[-3.946922,40.225674],[-3.947715,40.231706],[-3.950999,40.23815],[-3.951407,40.24232],[-3.951938,40.243719],[-3.949027,40.243836],[-3.948987,40.244268],[-3.9494,40.246228],[-3.95105,40.247556],[-3.951877,40.248705],[-3.951269,40.250246],[-3.951739,40.251315],[-3.941418,40.250935],[-3.936511,40.24955],[-3.933774,40.247639],[-3.932613,40.247237],[-3.929173,40.247864],[-3.927637,40.24874],[-3.926703,40.248803],[-3.926088,40.248663],[-3.925088,40.24655],[-3.924103,40.245702],[-3.918703,40.244745],[-3.916794,40.243596],[-3.914657,40.243969],[-3.913377,40.242331],[-3.912503,40.2422],[-3.911318,40.241562],[-3.908329,40.238691],[-3.906555,40.238029],[-3.902746,40.233134],[-3.901722,40.230481],[-3.899262,40.227261],[-3.903114,40.224955],[-3.90258,40.223941],[-3.903246,40.223569],[-3.902384,40.222145],[-3.900619,40.220265],[-3.899783,40.218544],[-3.899855,40.217014],[-3.899561,40.21664],[-3.900032,40.216178],[-3.896619,40.213151],[-3.894857,40.212267],[-3.894016,40.210927],[-3.894189,40.207886],[-3.894867,40.205849],[-3.894947,40.203702],[-3.895718,40.202327],[-3.89496,40.201891],[-3.895242,40.201571],[-3.895076,40.201021],[-3.895594,40.20017],[-3.896212,40.197026],[-3.897146,40.19621],[-3.899496,40.19831],[-3.901903,40.199642],[-3.910309,40.20207],[-3.91611,40.201276],[-3.918946,40.2014],[-3.922151,40.200144],[-3.923572,40.199886],[-3.925139,40.200078],[-3.92732,40.202336],[-3.930389,40.203885],[-3.931413,40.203945],[-3.933924,40.202939],[-3.935783,40.202699],[-3.938628,40.203228],[-3.938506,40.20357],[-3.942172,40.204347],[-3.947587,40.204981],[-3.948561,40.204797],[-3.949569,40.203105],[-3.950148,40.201002],[-3.949935,40.199705],[-3.950757,40.198765],[-3.950848,40.196489],[-3.952622,40.197026],[-3.95323,40.197883],[-3.953798,40.197906],[-3.953862,40.197479],[-3.954431,40.197428],[-3.955013,40.198205],[-3.956103,40.19869],[-3.956297,40.199085]]]}},{"type":"Feature","id":"municipio-018","properties":{"nombre":"Becerril de la Sierra","tipo":"municipio","contexto":"Comunidad de Madrid"},"geometry":{"type":"MultiPolygon","coordinates":[[[[-3.915329,40.656017],[-3.917942,40.651771],[-3.919246,40.648578],[-3.923016,40.64982],[-3.927519,40.651836],[-3.927106,40.654372],[-3.928686,40.657143],[-3.925027,40.657682],[-3.923605,40.65839],[-3.916763,40.660151],[-3.915329,40.656017]]],[[[-3.830053,40.680704],[-3.832302,40.676803],[-3.83768,40.673415],[-3.844658,40.672135],[-3.846633,40.669047],[-3.845282,40.66752],[-3.83994,40.666179],[-3.844088,40.666163],[-3.855073,40.6632],[-3.859459,40.658203],[-3.858196,40.655004],[-3.859215,40.653938],[-3.861651,40.648758],[-3.862499,40.647541],[-3.8651,40.645655],[-3.871769,40.647419],[-3.87537,40.649251],[-3.876813,40.651055],[-3.87976,40.651572],[-3.875372,40.653088],[-3.873821,40.657256],[-3.868979,40.661694],[-3.869212,40.662197],[-3.873654,40.665139],[-3.875542,40.668152],[-3.876063,40.671392],[-3.878288,40.676379],[-3.877698,40.679053],[-3.873894,40.681091],[-3.87088,40.680963],[-3.867743,40.681672],[-3.865077,40.683854],[-3.863496,40.685835],[-3.861155,40.686297],[-3.854098,40.684911],[-3.849809,40.685185],[-3.848811,40.686197],[-3.842057,40.686843],[-3.839096,40.686734],[-3.838705,40.685019],[-3.835229,40.683522],[-3.830053,40.680704]]],[[[-3.90659,40.673182],[-3.911877,40.6726],[-3.914666,40.671719],[-3.917338,40.67188],[-3.919235,40.672846],[-3.915944,40.675304],[-3.913237,40.674721],[-3.909756,40.675639],[-3.907426,40.677643],[-3.907256,40.675566],[-3.90659,40.673182]]],[[[-3.903703,40.680555],[-3.907004,40.678756],[-3.908414,40.678453],[-3.911832,40.676703],[-3.915117,40.67591],[-3.91406,40.676289],[-3.9109,40.678612],[-3.909125,40.680432],[-3.905984,40.682214],[-3.903703,40.680555]]],[[[-3.949835,40.716961],[-3.951558,40.716182],[-3.951954,40.714894],[-3.957965,40.709674],[-3.960027,40.70696],[-3.963048,40.706856],[-3.964853,40.705915],[-3.967509,40.706346],[-3.968169,40.706047],[-3.969101,40.704627],[-3.970342,40.703689],[-3.971381,40.704041],[-3.972528,40.705132],[-3.973207,40.705283],[-3.97378,40.705808],[-3.975298,40.706305],[-3.977689,40.706759],[-3.979785,40.706782],[-3.981276,40.706074],[-3.98502,40.701985],[-3.986146,40.69846],[-3.988216,40.695535],[-3.992165,40.693612],[-3.997497,40.690427],[-3.998419,40.691039],[-4.000481,40.694267],[-4.003613,40.701832],[-4.003505,40.702601],[-4.004172,40.705335],[-4.003903,40.705925],[-4.003472,40.705978],[-4.003601,40.707773],[-4.004057,40.709227],[-4.004706,40.709772],[-4.004857,40.710528],[-4.003404,40.711782],[-4.002499,40.718112],[-3.999827,40.719346],[-3.997727,40.721716],[-3.995713,40.725379],[-3.992479,40.727532],[-3.987612,40.733048],[-3.984118,40.739914],[-3.982556,40.742069],[-3.982539,40.743843],[-3.983191,40.745261],[-3.981787,40.754628],[-3.977328,40.762074],[-3.968603,40.767111],[-3.962716,40.764876],[-3.960592,40.75959],[-3.960148,40.753965],[-3.961057,40.750302],[-3.96041,40.745518],[-3.960493,40.741238],[-3.960098,40.738988],[-3.959926,40.733903],[-3.958268,40.730936],[-3.958214,40.729127],[-3.954511,40.725231],[-3.953467,40.72308],[-3.951214,40.721956],[-3.951558,40.721758],[-3.95148,40.721095],[-3.949835,40.716961]]]]}},{"type":"Feature","id":"municipio-019","properties":{"nombre":"Belmonte de Tajo","tipo":"municipio","contexto":"Comunidad de Madrid"},"geometry":{"type":"Polygon","coordinates":[[[-3.377702,40.133647],[-3.376434,40.135244],[-3.369662,40.138195],[-3.366222,40.140243],[-3.360752,40.141625],[-3.35841,40.14182],[-3.3532,40.144196],[-3.348661,40.14769],[-3.346535,40.148579],[-3.342547,40.149388],[-3.341533,40.150935],[-3.339661,40.150746],[-3.335142,40.156525],[-3.333258,40.159702],[-3.329025,40.164468],[-3.325698,40.170981],[-3.323925,40.173719],[-3.320356,40.177984],[-3.31657,40.171496],[-3.311612,40.161532],[-3.303815,40.150614],[-3.296616,40.131311],[-3.307563,40.131815],[-3.309891,40.131152],[-3.311348,40.129936],[-3.31465,40.127907],[-3.319362,40.123779],[-3.32346,40.119804],[-3.325979,40.116312],[-3.327423,40.115909],[-3.330644,40.114066],[-3.331879,40.112741],[-3.332415,40.111216],[-3.333739,40.110814],[-3.337114,40.106687],[-3.340978,40.10446],[-3.342403,40.102678],[-3.345784,40.099736],[-3.34841,40.097978],[-3.347599,40.100093],[-3.344912,40.102355],[-3.344119,40.105762],[-3.343785,40.110048],[-3.352133,40.117489],[-3.355264,40.117787],[-3.360841,40.119007],[-3.362747,40.120549],[-3.363932,40.120846],[-3.368308,40.123761],[-3.370611,40.124871],[-3.373506,40.127416],[-3.374035,40.128567],[-3.374481,40.128828],[-3.374551,40.129587],[-3.376234,40.131324],[-3.377702,40.133647]]]}},{"type":"Feature","id":"municipio-020","properties":{"nombre":"Berzosa del Lozoya","tipo":"municipio","contexto":"Comunidad de Madrid"},"geometry":{"type":"Polygon","coordinates":[[[-3.564303,40.968661],[-3.563987,40.9711],[-3.562291,40.972913],[-3.560384,40.972456],[-3.558399,40.972554],[-3.556259,40.973648],[-3.555902,40.974204],[-3.554762,40.974422],[-3.554052,40.975369],[-3.549877,40.978016],[-3.545544,40.979658],[-3.543893,40.9795],[-3.542835,40.980709],[-3.540664,40.980913],[-3.538479,40.982286],[-3.537208,40.982115],[-3.534333,40.983787],[-3.529705,40.985457],[-3.524788,40.986798],[-3.524525,40.989444],[-3.516807,40.98968],[-3.516607,40.99069],[-3.515422,40.993075],[-3.515335,40.993921],[-3.511051,40.994043],[-3.510856,40.992332],[-3.50656,40.992432],[-3.495802,40.99404],[-3.495742,40.990879],[-3.496267,40.989417],[-3.49512,40.987769],[-3.49544,40.986664],[-3.495034,40.985411],[-3.494036,40.984315],[-3.493525,40.984417],[-3.493754,40.983923],[-3.492884,40.983341],[-3.492951,40.98294],[-3.493857,40.982246],[-3.493483,40.980319],[-3.493927,40.979895],[-3.492807,40.979078],[-3.492987,40.978375],[-3.499815,40.975516],[-3.509482,40.964642],[-3.512016,40.96505],[-3.524516,40.964138],[-3.526202,40.964669],[-3.530861,40.962682],[-3.535661,40.959672],[-3.539816,40.959538],[-3.54368,40.954778],[-3.542457,40.95176],[-3.542618,40.950802],[-3.545735,40.950635],[-3.548784,40.951826],[-3.549903,40.951732],[-3.550497,40.952332],[-3.553042,40.952558],[-3.553678,40.952193],[-3.554718,40.952133],[-3.555867,40.952837],[-3.556443,40.952622],[-3.557828,40.953127],[-3.558849,40.954509],[-3.560488,40.954773],[-3.562446,40.956175],[-3.560446,40.956059],[-3.559408,40.956311],[-3.557308,40.957597],[-3.556819,40.958457],[-3.56224,40.964962],[-3.564303,40.968661]]]}},{"type":"Feature","id":"municipio-022","properties":{"nombre":"Boadilla del Monte","tipo":"municipio","contexto":"Comunidad de Madrid"},"geometry":{"type":"Polygon","coordinates":[[[-3.952589,40.426837],[-3.95215,40.430365],[-3.952308,40.43134],[-3.951104,40.435455],[-3.952566,40.438172],[-3.95221,40.438994],[-3.950396,40.440968],[-3.950125,40.441684],[-3.951231,40.445413],[-3.94925,40.446965],[-3.949206,40.450566],[-3.948335,40.451553],[-3.94658,40.452044],[-3.945658,40.452788],[-3.944859,40.454857],[-3.943359,40.454533],[-3.9331,40.449955],[-3.930706,40.448348],[-3.930475,40.447144],[-3.925708,40.442726],[-3.923352,40.441875],[-3.919696,40.442654],[-3.911094,40.443343],[-3.909457,40.442843],[-3.906874,40.446484],[-3.906508,40.448223],[-3.904867,40.45192],[-3.899351,40.456182],[-3.898429,40.456116],[-3.896858,40.455562],[-3.895448,40.454672],[-3.89081,40.450743],[-3.889967,40.44964],[-3.884387,40.446797],[-3.882403,40.445456],[-3.877766,40.444589],[-3.863129,40.444083],[-3.861973,40.440416],[-3.857299,40.438063],[-3.856867,40.435678],[-3.854256,40.433227],[-3.853013,40.431102],[-3.852502,40.428575],[-3.852564,40.427074],[-3.851544,40.424836],[-3.847651,40.420742],[-3.846077,40.417603],[-3.845412,40.416929],[-3.843952,40.416887],[-3.842268,40.418699],[-3.840926,40.410049],[-3.840082,40.407088],[-3.837814,40.402973],[-3.841152,40.398339],[-3.842233,40.395705],[-3.845328,40.391197],[-3.851689,40.387475],[-3.854875,40.385166],[-3.860576,40.382197],[-3.867598,40.377684],[-3.869672,40.379877],[-3.871957,40.381542],[-3.878667,40.384239],[-3.883534,40.38807],[-3.886191,40.388493],[-3.887163,40.389128],[-3.887371,40.390208],[-3.885424,40.390625],[-3.887078,40.394485],[-3.888683,40.395475],[-3.891391,40.397808],[-3.900155,40.400518],[-3.90693,40.403857],[-3.91054,40.405969],[-3.913905,40.406675],[-3.921504,40.407102],[-3.926537,40.409674],[-3.929494,40.412036],[-3.938173,40.414973],[-3.941429,40.415338],[-3.948994,40.41378],[-3.949453,40.414542],[-3.949292,40.415333],[-3.948251,40.417821],[-3.947112,40.419565],[-3.946762,40.421607],[-3.948539,40.42342],[-3.951874,40.425264],[-3.952589,40.426837]]]}},{"type":"Feature","id":"municipio-024","properties":{"nombre":"Braojos","tipo":"municipio","contexto":"Comunidad de Madrid"},"geometry":{"type":"Polygon","coordinates":[[[-3.706195,41.07686],[-3.701042,41.080092],[-3.69768,41.081876],[-3.695439,41.0827],[-3.687602,41.084936],[-3.684078,41.085],[-3.679537,41.08423],[-3.676065,41.086696],[-3.674566,41.085037],[-3.667321,41.081366],[-3.663879,41.08032],[-3.659468,41.078428],[-3.656721,41.077671],[-3.652757,41.075432],[-3.648217,41.074106],[-3.643187,41.073906],[-3.634319,41.070533],[-3.628132,41.068857],[-3.62733,41.068408],[-3.62656,41.067839],[-3.624689,41.064954],[-3.624973,41.061668],[-3.623048,41.050377],[-3.626613,41.044746],[-3.632003,41.033864],[-3.633751,41.033071],[-3.634326,41.031376],[-3.634163,41.031084],[-3.63499,41.030078],[-3.637234,41.029059],[-3.640021,41.02932],[-3.641393,41.030094],[-3.64148,41.030952],[-3.642117,41.031252],[-3.642437,41.031864],[-3.643363,41.031962],[-3.64542,41.032851],[-3.646267,41.032927],[-3.646977,41.032633],[-3.648826,41.03322],[-3.650622,41.03316],[-3.652065,41.031707],[-3.655744,41.033312],[-3.661778,41.037429],[-3.672062,41.041982],[-3.679612,41.054453],[-3.692317,41.061022],[-3.706195,41.07686]]]}},{"type":"Feature","id":"municipio-025","properties":{"nombre":"Brea de Tajo","tipo":"municipio","contexto":"Comunidad de Madrid"},"geometry":{"type":"Polygon","coordinates":[[[-3.173397,40.23417],[-3.173226,40.236751],[-3.171727,40.240423],[-3.170628,40.241452],[-3.170479,40.243698],[-3.168109,40.247098],[-3.165276,40.24995],[-3.163291,40.252513],[-3.161526,40.255269],[-3.159689,40.256968],[-3.155626,40.259411],[-3.154074,40.26146],[-3.153718,40.263714],[-3.150532,40.265338],[-3.143506,40.266392],[-3.141961,40.267768],[-3.139739,40.269111],[-3.137696,40.271503],[-3.135213,40.272628],[-3.129852,40.27652],[-3.128241,40.278787],[-3.112674,40.285478],[-3.109443,40.285193],[-3.108956,40.283004],[-3.107726,40.280606],[-3.104316,40.279562],[-3.101528,40.278092],[-3.098813,40.274614],[-3.096751,40.271047],[-3.096024,40.269086],[-3.096398,40.266896],[-3.099653,40.261421],[-3.098993,40.260646],[-3.097121,40.256993],[-3.095569,40.256084],[-3.094321,40.253719],[-3.092987,40.252433],[-3.091492,40.250156],[-3.087827,40.248369],[-3.087058,40.247283],[-3.08662,40.245282],[-3.088104,40.242322],[-3.089591,40.240139],[-3.089768,40.238761],[-3.086892,40.234607],[-3.086867,40.23383],[-3.080892,40.2294],[-3.079704,40.227773],[-3.079818,40.22665],[-3.07936,40.223696],[-3.080686,40.217643],[-3.08179,40.216645],[-3.082535,40.21446],[-3.079456,40.208382],[-3.081587,40.203873],[-3.083339,40.20249],[-3.08641,40.200872],[-3.08823,40.200318],[-3.091272,40.201353],[-3.099192,40.202546],[-3.106577,40.20298],[-3.111498,40.204473],[-3.114644,40.206177],[-3.11926,40.20761],[-3.125234,40.210004],[-3.129277,40.21331],[-3.134653,40.215356],[-3.13938,40.217632],[-3.142161,40.218479],[-3.144224,40.219952],[-3.145741,40.220469],[-3.14923,40.220861],[-3.150904,40.222838],[-3.157417,40.227451],[-3.160716,40.229273],[-3.162488,40.231175],[-3.168671,40.2334],[-3.173397,40.23417]]]}},{"type":"Feature","id":"municipio-026","properties":{"nombre":"Brunete","tipo":"municipio","contexto":"Comunidad de Madrid"},"geometry":{"type":"Polygon","coordinates":[[[-4.046504,40.388321],[-4.045178,40.389606],[-4.045786,40.3909],[-4.045079,40.393221],[-4.045316,40.393784],[-4.042043,40.39524],[-4.044017,40.397453],[-4.043518,40.399932],[-4.039613,40.403865],[-4.038966,40.403656],[-4.037969,40.405531],[-4.033692,40.410489],[-4.03561,40.411774],[-4.034316,40.414242],[-4.030469,40.417005],[-4.030372,40.420326],[-4.029712,40.422444],[-4.028973,40.423423],[-4.027408,40.426814],[-4.026023,40.428222],[-4.026452,40.428976],[-4.024589,40.429708],[-4.02189,40.429591],[-4.01975,40.433724],[-4.015151,40.435746],[-4.007943,40.435465],[-4.005964,40.434315],[-4.004469,40.432677],[-4.002472,40.432789],[-4.002434,40.432097],[-3.998602,40.43176],[-3.995805,40.430945],[-3.991367,40.431672],[-3.988332,40.433311],[-3.985799,40.431723],[-3.9855,40.432714],[-3.984411,40.433703],[-3.982971,40.435668],[-3.98163,40.434965],[-3.979693,40.436277],[-3.978676,40.432657],[-3.979029,40.431561],[-3.978077,40.430245],[-3.978078,40.429099],[-3.976933,40.425708],[-3.96942,40.417013],[-3.961802,40.41255],[-3.958143,40.411397],[-3.956262,40.410463],[-3.952994,40.408188],[-3.951866,40.407695],[-3.94691,40.40804],[-3.946301,40.405233],[-3.946353,40.40248],[-3.945353,40.395815],[-3.946689,40.393532],[-3.949326,40.391734],[-3.950914,40.389385],[-3.950702,40.388296],[-3.950066,40.387213],[-3.947669,40.384745],[-3.947453,40.382096],[-3.94668,40.380228],[-3.946537,40.378949],[-3.945447,40.377346],[-3.94394,40.375997],[-3.944944,40.372785],[-3.946054,40.370866],[-3.948871,40.368333],[-3.950449,40.367868],[-3.952092,40.368847],[-3.953078,40.368808],[-3.954161,40.368338],[-3.955269,40.368815],[-3.956364,40.36843],[-3.956846,40.369226],[-3.957587,40.36914],[-3.958131,40.369533],[-3.958823,40.369255],[-3.95957,40.369887],[-3.961412,40.369988],[-3.962489,40.370599],[-3.963222,40.370274],[-3.964052,40.370618],[-3.964657,40.370307],[-3.96707,40.370303],[-3.966885,40.369468],[-3.967624,40.369267],[-3.969459,40.369874],[-3.969739,40.369501],[-3.969482,40.368984],[-3.970771,40.369057],[-3.971632,40.368489],[-3.973149,40.368379],[-3.97339,40.368107],[-3.974475,40.368517],[-3.975782,40.368112],[-3.977023,40.369129],[-3.9777,40.368917],[-3.980848,40.369944],[-3.990944,40.363734],[-3.996219,40.36333],[-4.000757,40.362148],[-4.005666,40.359006],[-4.00697,40.360626],[-4.007425,40.363475],[-4.007234,40.364041],[-4.011282,40.364432],[-4.011531,40.365364],[-4.012847,40.366176],[-4.013305,40.36685],[-4.016747,40.367931],[-4.019145,40.370112],[-4.02109,40.370887],[-4.022896,40.372613],[-4.02701,40.373335],[-4.029122,40.374771],[-4.029117,40.376756],[-4.031592,40.377522],[-4.033074,40.378304],[-4.03516,40.378374],[-4.035841,40.379744],[-4.03951,40.382277],[-4.041034,40.38505],[-4.046504,40.388321]]]}},{"type":"Feature","id":"municipio-027","properties":{"nombre":"Buitrago del Lozoya","tipo":"municipio","contexto":"Comunidad de Madrid"},"geometry":{"type":"Polygon","coordinates":[[[-3.580426,40.991021],[-3.580997,40.986962],[-3.583578,40.984166],[-3.584117,40.983101],[-3.58481,40.982813],[-3.585005,40.98242],[-3.588552,40.981818],[-3.591574,40.982823],[-3.593943,40.982899],[-3.597489,40.983551],[-3.603105,40.979879],[-3.601765,40.976869],[-3.604513,40.97573],[-3.60621,40.973445],[-3.610636,40.973536],[-3.612842,40.973169],[-3.613092,40.973736],[-3.615593,40.972899],[-3.61862,40.970741],[-3.623902,40.970347],[-3.624122,40.968565],[-3.62501,40.966892],[-3.629385,40.961546],[-3.63303,40.961042],[-3.638353,40.957213],[-3.644461,40.9537],[-3.647937,40.955702],[-3.650491,40.958649],[-3.652726,40.959684],[-3.654088,40.959534],[-3.654006,40.962264],[-3.653439,40.963352],[-3.653524,40.964934],[-3.652602,40.967883],[-3.651193,40.970883],[-3.648216,40.974523],[-3.647522,40.976464],[-3.649004,40.976975],[-3.65182,40.976491],[-3.656489,40.973541],[-3.656946,40.973817],[-3.65713,40.975354],[-3.656806,40.976804],[-3.657196,40.978634],[-3.656579,40.979292],[-3.65424,40.980445],[-3.656401,40.982245],[-3.657776,40.983818],[-3.659464,40.986749],[-3.660159,40.986978],[-3.662858,40.986936],[-3.66601,40.988068],[-3.668715,40.992171],[-3.668303,40.992987],[-3.665592,40.995329],[-3.662019,40.995302],[-3.659256,40.994543],[-3.6549,40.994843],[-3.652733,40.996029],[-3.65156,40.997116],[-3.65177,40.997627],[-3.651171,40.997707],[-3.654433,40.999267],[-3.655108,40.999901],[-3.65665,41.000118],[-3.657858,41.000886],[-3.658224,41.001641],[-3.659742,41.002752],[-3.661056,41.003284],[-3.661071,41.003696],[-3.659138,41.003417],[-3.657415,41.003747],[-3.656299,41.005707],[-3.655769,41.007511],[-3.654214,41.007268],[-3.65413,41.006822],[-3.653358,41.006691],[-3.652784,41.006169],[-3.652228,41.006296],[-3.652952,41.0058],[-3.652352,41.005275],[-3.653012,41.002862],[-3.652355,41.002559],[-3.651963,41.001873],[-3.652079,41.001594],[-3.649773,41.000727],[-3.649917,41.001867],[-3.648826,41.003157],[-3.647951,41.003742],[-3.645605,41.002572],[-3.642535,41.004219],[-3.642017,41.003759],[-3.64105,41.001806],[-3.639205,41.001578],[-3.63709,41.00177],[-3.636198,41.002112],[-3.635878,41.001869],[-3.635449,41.002659],[-3.634128,41.00333],[-3.633118,41.007884],[-3.633687,41.012219],[-3.635001,41.012769],[-3.63563,41.013628],[-3.63452,41.014328],[-3.634715,41.015842],[-3.634167,41.017439],[-3.635424,41.018019],[-3.635514,41.018639],[-3.635892,41.019008],[-3.635392,41.019397],[-3.634671,41.020883],[-3.632682,41.020246],[-3.628871,41.021025],[-3.627276,41.022333],[-3.625716,41.024357],[-3.624455,41.024187],[-3.624093,41.024622],[-3.623375,41.024119],[-3.6238,41.023101],[-3.623505,41.02269],[-3.620458,41.022038],[-3.61906,41.021116],[-3.618235,41.01682],[-3.618035,41.012974],[-3.618254,41.011306],[-3.614656,41.01114],[-3.611627,41.009833],[-3.609333,41.009869],[-3.607964,41.008936],[-3.60826,41.008529],[-3.604426,41.0055],[-3.602842,41.002377],[-3.599485,40.998355],[-3.598292,40.999259],[-3.595355,40.998028],[-3.592142,40.998174],[-3.591243,40.997927],[-3.59053,40.997304],[-3.590523,40.995975],[-3.590164,40.995401],[-3.588565,40.995204],[-3.58297,40.992908],[-3.582337,40.991315],[-3.58144,40.99018],[-3.580899,40.990363],[-3.580426,40.991021]]]}},{"type":"Feature","id":"municipio-028","properties":{"nombre":"Bustarviejo","tipo":"municipio","contexto":"Comunidad de Madrid"},"geometry":{"type":"Polygon","coordinates":[[[-3.67113,40.833476],[-3.678496,40.833078],[-3.679881,40.831406],[-3.6806,40.83093],[-3.685365,40.829913],[-3.691103,40.827082],[-3.692414,40.826957],[-3.694787,40.825831],[-3.698878,40.825145],[-3.701306,40.824387],[-3.700994,40.822575],[-3.701281,40.816852],[-3.701836,40.815325],[-3.701238,40.808552],[-3.701434,40.799809],[-3.705963,40.799206],[-3.710542,40.798174],[-3.715194,40.796209],[-3.714996,40.795387],[-3.716149,40.794635],[-3.719415,40.794858],[-3.71978,40.794967],[-3.720262,40.795793],[-3.721176,40.796103],[-3.722388,40.797199],[-3.7243,40.798142],[-3.724444,40.800186],[-3.724901,40.800557],[-3.726596,40.801049],[-3.727582,40.801013],[-3.72931,40.802175],[-3.732694,40.802979],[-3.734301,40.804925],[-3.736198,40.804796],[-3.737112,40.805245],[-3.739089,40.804774],[-3.739639,40.805316],[-3.741293,40.804771],[-3.742608,40.805997],[-3.745315,40.806964],[-3.745452,40.807359],[-3.744865,40.807777],[-3.74487,40.808197],[-3.745547,40.808977],[-3.746266,40.809178],[-3.747218,40.810326],[-3.747268,40.810876],[-3.746898,40.811554],[-3.752219,40.815108],[-3.755291,40.817932],[-3.759251,40.820744],[-3.764526,40.823622],[-3.768764,40.825432],[-3.773495,40.825458],[-3.773827,40.826476],[-3.774938,40.827863],[-3.776235,40.828587],[-3.776713,40.829196],[-3.778038,40.829538],[-3.778431,40.83045],[-3.779822,40.830956],[-3.779628,40.831347],[-3.77991,40.831705],[-3.779812,40.83247],[-3.780763,40.832761],[-3.780612,40.83375],[-3.781498,40.834509],[-3.782219,40.835953],[-3.783168,40.83682],[-3.7847,40.837112],[-3.784748,40.837587],[-3.785527,40.838307],[-3.78497,40.8393],[-3.785042,40.840503],[-3.785536,40.840815],[-3.785848,40.841532],[-3.786391,40.84171],[-3.786263,40.842795],[-3.78677,40.843336],[-3.786474,40.843815],[-3.789618,40.845559],[-3.789402,40.846532],[-3.788092,40.847169],[-3.787347,40.848692],[-3.784436,40.850045],[-3.784795,40.851832],[-3.784166,40.855316],[-3.781159,40.856516],[-3.779743,40.858328],[-3.777046,40.859999],[-3.775843,40.860333],[-3.775496,40.861131],[-3.775693,40.864038],[-3.774966,40.865243],[-3.773913,40.865979],[-3.766681,40.866656],[-3.764524,40.868652],[-3.76254,40.869253],[-3.761718,40.87009],[-3.761094,40.868619],[-3.759871,40.868024],[-3.758778,40.868481],[-3.757551,40.867341],[-3.75629,40.866883],[-3.751967,40.867157],[-3.748869,40.869448],[-3.746573,40.870092],[-3.745627,40.871609],[-3.743757,40.872708],[-3.741415,40.873016],[-3.739165,40.87483],[-3.73703,40.873897],[-3.734849,40.873347],[-3.72871,40.873019],[-3.726063,40.871786],[-3.72479,40.871539],[-3.722693,40.871933],[-3.721595,40.8745],[-3.717736,40.876714],[-3.712783,40.87644],[-3.710812,40.877056],[-3.70389,40.877826],[-3.695803,40.880635],[-3.693987,40.880447],[-3.689868,40.873926],[-3.684504,40.869731],[-3.683349,40.867425],[-3.684002,40.865853],[-3.683354,40.86291],[-3.681169,40.858274],[-3.678681,40.857837],[-3.68082,40.851588],[-3.680327,40.848328],[-3.676571,40.842643],[-3.676406,40.838988],[-3.67113,40.833476]]]}},{"type":"Feature","id":"municipio-029","properties":{"nombre":"Cabanillas de la Sierra","tipo":"municipio","contexto":"Comunidad de Madrid"},"geometry":{"type":"Polygon","coordinates":[[[-3.659619,40.804866],[-3.659243,40.805203],[-3.65932,40.806103],[-3.655633,40.808647],[-3.655319,40.810581],[-3.654057,40.813143],[-3.65475,40.817666],[-3.651863,40.823749],[-3.651322,40.825617],[-3.652963,40.826586],[-3.65331,40.828076],[-3.65327,40.832263],[-3.652871,40.833945],[-3.650924,40.835195],[-3.650186,40.836988],[-3.65006,40.838242],[-3.651289,40.84222],[-3.648592,40.846108],[-3.644874,40.848701],[-3.642808,40.85181],[-3.640337,40.849615],[-3.636702,40.847627],[-3.635383,40.846511],[-3.630405,40.844365],[-3.624999,40.841346],[-3.622082,40.841124],[-3.619051,40.840478],[-3.616632,40.84111],[-3.61708,40.839214],[-3.616999,40.838155],[-3.617636,40.836888],[-3.617804,40.835759],[-3.615233,40.833916],[-3.614056,40.832201],[-3.613173,40.829805],[-3.609456,40.824399],[-3.608265,40.822141],[-3.608956,40.821074],[-3.613187,40.818723],[-3.613725,40.817873],[-3.614417,40.815411],[-3.614136,40.812922],[-3.613313,40.809787],[-3.615325,40.810097],[-3.616094,40.809507],[-3.618059,40.808903],[-3.624484,40.808357],[-3.630296,40.809142],[-3.632858,40.809797],[-3.635161,40.810631],[-3.636592,40.812533],[-3.639423,40.811003],[-3.639013,40.810391],[-3.640053,40.808024],[-3.644155,40.805103],[-3.649809,40.802292],[-3.650973,40.801084],[-3.652472,40.803697],[-3.656871,40.804765],[-3.658016,40.804511],[-3.659619,40.804866]]]}},{"type":"Feature","id":"municipio-031","properties":{"nombre":"Cadalso de los Vidrios","tipo":"municipio","contexto":"Comunidad de Madrid"},"geometry":{"type":"Polygon","coordinates":[[[-4.50646,40.282694],[-4.502526,40.284829],[-4.497882,40.287983],[-4.495966,40.28866],[-4.494572,40.288745],[-4.492015,40.29074],[-4.489391,40.291823],[-4.488725,40.292567],[-4.486833,40.293659],[-4.485993,40.295096],[-4.484331,40.296241],[-4.483899,40.29609],[-4.479464,40.29876],[-4.478569,40.298929],[-4.477432,40.298629],[-4.474835,40.301404],[-4.476155,40.302837],[-4.476005,40.303313],[-4.476337,40.303731],[-4.474233,40.304606],[-4.473245,40.305656],[-4.471797,40.306356],[-4.471202,40.307032],[-4.466646,40.308672],[-4.467384,40.312532],[-4.469013,40.313782],[-4.468762,40.314146],[-4.468866,40.315031],[-4.467123,40.314873],[-4.466983,40.315577],[-4.466342,40.316351],[-4.466192,40.317312],[-4.466632,40.317516],[-4.467207,40.317281],[-4.468627,40.317774],[-4.468694,40.317479],[-4.469554,40.317393],[-4.470686,40.317675],[-4.471956,40.318672],[-4.472475,40.320265],[-4.467286,40.320209],[-4.464964,40.318437],[-4.461322,40.319294],[-4.455761,40.319352],[-4.45617,40.320827],[-4.453164,40.324759],[-4.453083,40.32956],[-4.453813,40.333094],[-4.451821,40.332486],[-4.447068,40.329608],[-4.442553,40.328164],[-4.434155,40.328714],[-4.432137,40.328554],[-4.429071,40.330335],[-4.425073,40.330757],[-4.418533,40.332318],[-4.412766,40.330499],[-4.406567,40.329423],[-4.395897,40.324014],[-4.391718,40.322667],[-4.387023,40.320421],[-4.382685,40.319575],[-4.378964,40.317498],[-4.379087,40.316693],[-4.378576,40.316028],[-4.378287,40.314953],[-4.378793,40.314185],[-4.381257,40.312685],[-4.381024,40.31201],[-4.381336,40.31113],[-4.382316,40.310395],[-4.382824,40.309341],[-4.383482,40.308789],[-4.382628,40.308069],[-4.381739,40.307902],[-4.381608,40.30732],[-4.383111,40.306034],[-4.38544,40.302906],[-4.387173,40.30117],[-4.382958,40.299427],[-4.384596,40.295309],[-4.385155,40.2913],[-4.384972,40.290064],[-4.383482,40.28905],[-4.384514,40.288271],[-4.389265,40.28668],[-4.392617,40.286937],[-4.394564,40.286224],[-4.397273,40.284649],[-4.400589,40.281916],[-4.404846,40.2771],[-4.406516,40.275864],[-4.407675,40.273702],[-4.409039,40.273957],[-4.411004,40.273059],[-4.412076,40.272341],[-4.412299,40.27141],[-4.413292,40.271018],[-4.414092,40.270066],[-4.415206,40.270005],[-4.416919,40.2685],[-4.420044,40.265081],[-4.426874,40.261451],[-4.427098,40.260076],[-4.426836,40.258571],[-4.427173,40.257557],[-4.429355,40.258765],[-4.43054,40.259062],[-4.432453,40.258657],[-4.43307,40.259205],[-4.435002,40.259339],[-4.438368,40.263652],[-4.439492,40.26469],[-4.441178,40.265281],[-4.443665,40.266835],[-4.446856,40.269797],[-4.447958,40.271963],[-4.448763,40.272607],[-4.454119,40.274484],[-4.461978,40.278292],[-4.468095,40.280477],[-4.475157,40.282278],[-4.476974,40.283008],[-4.478508,40.28246],[-4.481749,40.28066],[-4.484426,40.278818],[-4.487712,40.278475],[-4.489465,40.278701],[-4.491407,40.278435],[-4.494389,40.278541],[-4.496601,40.280627],[-4.498639,40.280817],[-4.500365,40.281656],[-4.500873,40.281305],[-4.502803,40.281789],[-4.504127,40.282746],[-4.50646,40.282694]]]}},{"type":"Feature","id":"municipio-032","properties":{"nombre":"Camarma de Esteruelas","tipo":"municipio","contexto":"Comunidad de Madrid"},"geometry":{"type":"Polygon","coordinates":[[[-3.336342,40.594426],[-3.33706,40.591798],[-3.33822,40.591332],[-3.339701,40.592642],[-3.340681,40.592206],[-3.339795,40.591531],[-3.340966,40.589758],[-3.340246,40.589451],[-3.343034,40.586805],[-3.342122,40.585228],[-3.346198,40.583126],[-3.348259,40.581738],[-3.347536,40.580965],[-3.346836,40.581234],[-3.344651,40.580126],[-3.343478,40.580534],[-3.341485,40.579018],[-3.346632,40.575538],[-3.345347,40.574265],[-3.345887,40.573016],[-3.347028,40.572636],[-3.349268,40.573589],[-3.350536,40.572778],[-3.353836,40.569678],[-3.352413,40.569264],[-3.353597,40.567956],[-3.354204,40.568421],[-3.357009,40.569194],[-3.358079,40.566733],[-3.360209,40.56556],[-3.363057,40.56284],[-3.363494,40.56171],[-3.360667,40.560301],[-3.362281,40.558471],[-3.357635,40.552674],[-3.360065,40.551949],[-3.359076,40.550607],[-3.357252,40.549472],[-3.355923,40.545729],[-3.355,40.544405],[-3.354566,40.542619],[-3.35254,40.539707],[-3.350417,40.532964],[-3.350765,40.531813],[-3.350034,40.531632],[-3.350998,40.530803],[-3.352281,40.526574],[-3.35458,40.526191],[-3.359953,40.523646],[-3.363063,40.523204],[-3.364798,40.527266],[-3.366689,40.528653],[-3.370166,40.527725],[-3.374611,40.528274],[-3.377159,40.527383],[-3.377515,40.528888],[-3.382167,40.528037],[-3.38605,40.526872],[-3.389326,40.525155],[-3.393089,40.523947],[-3.398696,40.526704],[-3.405002,40.526065],[-3.405751,40.525562],[-3.406326,40.527941],[-3.405372,40.529497],[-3.407283,40.530402],[-3.411583,40.529955],[-3.412055,40.533304],[-3.411996,40.535984],[-3.413683,40.535864],[-3.417865,40.536502],[-3.418322,40.536703],[-3.418546,40.537425],[-3.416856,40.540109],[-3.415598,40.541326],[-3.416997,40.54268],[-3.415073,40.543162],[-3.415815,40.545404],[-3.414557,40.54876],[-3.413067,40.548586],[-3.412714,40.549478],[-3.409924,40.548742],[-3.408673,40.54948],[-3.407329,40.55074],[-3.407706,40.551091],[-3.404797,40.554706],[-3.403285,40.555623],[-3.401344,40.55549],[-3.401352,40.556232],[-3.399776,40.558022],[-3.404805,40.560727],[-3.403301,40.56129],[-3.401466,40.567121],[-3.399437,40.569441],[-3.399705,40.569607],[-3.399205,40.570413],[-3.396836,40.573411],[-3.395526,40.574556],[-3.394644,40.572987],[-3.392987,40.5715],[-3.39127,40.57192],[-3.388561,40.574439],[-3.388206,40.575971],[-3.38861,40.576937],[-3.389393,40.577417],[-3.388616,40.578304],[-3.389282,40.578963],[-3.387813,40.579845],[-3.385784,40.580072],[-3.383093,40.582841],[-3.382547,40.584398],[-3.381526,40.584552],[-3.383676,40.587057],[-3.382226,40.588824],[-3.383462,40.589586],[-3.384688,40.589361],[-3.385516,40.591277],[-3.385555,40.592587],[-3.384806,40.593859],[-3.383927,40.594639],[-3.383715,40.596058],[-3.38505,40.598419],[-3.383548,40.600041],[-3.384036,40.600563],[-3.383738,40.601296],[-3.384539,40.602076],[-3.38572,40.604077],[-3.381604,40.606087],[-3.381312,40.606439],[-3.382526,40.606977],[-3.382185,40.608166],[-3.379856,40.607189],[-3.37653,40.606544],[-3.375894,40.606066],[-3.372819,40.607972],[-3.372003,40.607897],[-3.367244,40.605006],[-3.363434,40.603509],[-3.358154,40.602345],[-3.357779,40.602835],[-3.355306,40.601981],[-3.353718,40.60188],[-3.353363,40.602177],[-3.350407,40.601299],[-3.349956,40.602087],[-3.344572,40.599504],[-3.343386,40.598788],[-3.343493,40.598444],[-3.340983,40.596767],[-3.339375,40.597247],[-3.338931,40.596608],[-3.338364,40.596826],[-3.336342,40.594426]]]}},{"type":"Feature","id":"municipio-033","properties":{"nombre":"Campo Real","tipo":"municipio","contexto":"Comunidad de Madrid"},"geometry":{"type":"Polygon","coordinates":[[[-3.31286,40.328616],[-3.333721,40.315632],[-3.339108,40.300285],[-3.340046,40.296179],[-3.340933,40.289905],[-3.344541,40.281624],[-3.347587,40.276008],[-3.348381,40.273796],[-3.353381,40.271715],[-3.357354,40.270588],[-3.365129,40.266888],[-3.369746,40.265333],[-3.371516,40.267295],[-3.373973,40.270977],[-3.384333,40.280899],[-3.381529,40.283401],[-3.377917,40.288919],[-3.37665,40.291841],[-3.376772,40.293891],[-3.379644,40.297809],[-3.382439,40.297744],[-3.382427,40.299372],[-3.383837,40.300016],[-3.385451,40.299532],[-3.386705,40.299524],[-3.391767,40.300418],[-3.395432,40.301801],[-3.396018,40.302634],[-3.396046,40.303522],[-3.397138,40.304149],[-3.398528,40.304226],[-3.400496,40.302978],[-3.401908,40.305098],[-3.408289,40.306301],[-3.408433,40.307577],[-3.407925,40.309078],[-3.41225,40.311038],[-3.415436,40.313396],[-3.42178,40.314195],[-3.424446,40.314798],[-3.429659,40.317093],[-3.432044,40.321891],[-3.431245,40.33201],[-3.431579,40.338746],[-3.429076,40.345111],[-3.4272,40.346589],[-3.426226,40.34971],[-3.415675,40.352225],[-3.41307,40.351606],[-3.409261,40.352121],[-3.408861,40.353005],[-3.405272,40.353414],[-3.404296,40.354697],[-3.403695,40.356237],[-3.403014,40.356905],[-3.400694,40.357661],[-3.398524,40.358745],[-3.394411,40.359782],[-3.390249,40.358993],[-3.385312,40.360634],[-3.383423,40.360868],[-3.380888,40.362189],[-3.376499,40.363282],[-3.374681,40.362916],[-3.37255,40.361635],[-3.372722,40.36067],[-3.372243,40.360277],[-3.371771,40.360564],[-3.366286,40.360824],[-3.361453,40.362172],[-3.356032,40.362251],[-3.350154,40.359153],[-3.347576,40.356785],[-3.344831,40.355474],[-3.338412,40.35096],[-3.335588,40.348562],[-3.328108,40.343434],[-3.325463,40.341945],[-3.317347,40.335568],[-3.313978,40.332092],[-3.31286,40.328616]]]}},{"type":"Feature","id":"municipio-034","properties":{"nombre":"Canencia","tipo":"municipio","contexto":"Comunidad de Madrid"},"geometry":{"type":"Polygon","coordinates":[[[-3.695803,40.880635],[-3.70389,40.877826],[-3.710812,40.877056],[-3.712783,40.87644],[-3.717736,40.876714],[-3.721595,40.8745],[-3.722693,40.871933],[-3.72479,40.871539],[-3.726063,40.871786],[-3.72871,40.873019],[-3.734849,40.873347],[-3.73703,40.873897],[-3.739165,40.87483],[-3.741415,40.873016],[-3.743757,40.872708],[-3.745627,40.871609],[-3.746573,40.870092],[-3.748869,40.869448],[-3.751967,40.867157],[-3.75629,40.866883],[-3.757551,40.867341],[-3.758778,40.868481],[-3.759871,40.868024],[-3.761094,40.868619],[-3.761718,40.87009],[-3.76254,40.869253],[-3.764524,40.868652],[-3.766681,40.866656],[-3.773913,40.865979],[-3.774966,40.865243],[-3.775693,40.864038],[-3.775496,40.861131],[-3.775843,40.860333],[-3.777046,40.859999],[-3.779743,40.858328],[-3.781159,40.856516],[-3.784166,40.855316],[-3.784795,40.851832],[-3.784436,40.850045],[-3.787347,40.848692],[-3.788092,40.847169],[-3.789402,40.846532],[-3.791797,40.846947],[-3.796179,40.846708],[-3.798242,40.849004],[-3.798172,40.850701],[-3.80161,40.851562],[-3.804353,40.853027],[-3.808689,40.854754],[-3.809483,40.855358],[-3.809597,40.856001],[-3.810218,40.856207],[-3.816628,40.856273],[-3.819396,40.858529],[-3.819581,40.859807],[-3.819397,40.860542],[-3.817914,40.861512],[-3.815824,40.864044],[-3.816161,40.865609],[-3.815601,40.867291],[-3.81594,40.868496],[-3.813709,40.872686],[-3.811941,40.875276],[-3.810772,40.877814],[-3.810406,40.879238],[-3.810596,40.879745],[-3.810162,40.880161],[-3.809472,40.884423],[-3.809897,40.886263],[-3.809713,40.886835],[-3.80873,40.88821],[-3.803569,40.891374],[-3.802245,40.894967],[-3.801334,40.895599],[-3.80105,40.896384],[-3.799785,40.897039],[-3.798904,40.898602],[-3.798516,40.899798],[-3.798551,40.901308],[-3.795385,40.902457],[-3.791777,40.905179],[-3.788632,40.906443],[-3.787011,40.909633],[-3.785147,40.911681],[-3.785639,40.912352],[-3.787031,40.913274],[-3.786902,40.91344],[-3.78573,40.914222],[-3.783614,40.916426],[-3.777873,40.920344],[-3.776818,40.922638],[-3.774361,40.924712],[-3.7725,40.925253],[-3.767195,40.925409],[-3.764921,40.926421],[-3.764344,40.927249],[-3.763698,40.927225],[-3.762476,40.928438],[-3.760398,40.92946],[-3.757904,40.930113],[-3.754559,40.931997],[-3.750987,40.9345],[-3.746977,40.936227],[-3.742961,40.939705],[-3.742054,40.939244],[-3.741433,40.939303],[-3.739846,40.939942],[-3.738723,40.941053],[-3.737177,40.941641],[-3.73579,40.941357],[-3.734606,40.940476],[-3.734042,40.940384],[-3.73419,40.939552],[-3.734702,40.939227],[-3.734809,40.938798],[-3.734358,40.93641],[-3.732043,40.9365],[-3.729303,40.935939],[-3.726965,40.935055],[-3.725303,40.935012],[-3.724353,40.929815],[-3.724622,40.927152],[-3.721214,40.924189],[-3.720042,40.922707],[-3.717352,40.916835],[-3.717802,40.913762],[-3.717354,40.910649],[-3.716863,40.909203],[-3.718464,40.905685],[-3.718233,40.90401],[-3.717087,40.90183],[-3.716427,40.8982],[-3.715414,40.896304],[-3.712136,40.895272],[-3.709943,40.892461],[-3.706704,40.891511],[-3.701566,40.888804],[-3.700059,40.888364],[-3.697276,40.884445],[-3.696158,40.882217],[-3.695803,40.880635]]]}},{"type":"Feature","id":"municipio-035","properties":{"nombre":"Carabaña","tipo":"municipio","contexto":"Comunidad de Madrid"},"geometry":{"type":"Polygon","coordinates":[[[-3.284897,40.262311],[-3.282645,40.264526],[-3.281676,40.266369],[-3.281867,40.268626],[-3.281587,40.271066],[-3.279514,40.276402],[-3.279061,40.278237],[-3.277508,40.280206],[-3.268261,40.294164],[-3.255888,40.300946],[-3.253119,40.30198],[-3.252134,40.303479],[-3.251746,40.302372],[-3.250839,40.301085],[-3.245215,40.29604],[-3.236758,40.291078],[-3.231408,40.287036],[-3.222669,40.276339],[-3.218769,40.273132],[-3.21439,40.270507],[-3.207488,40.264161],[-3.206646,40.262738],[-3.200715,40.259728],[-3.197205,40.257547],[-3.194824,40.255082],[-3.194449,40.248037],[-3.201193,40.24444],[-3.20473,40.243604],[-3.213613,40.23925],[-3.21705,40.237873],[-3.218253,40.236386],[-3.21736,40.233081],[-3.219967,40.229559],[-3.220421,40.227972],[-3.220242,40.226248],[-3.222022,40.224354],[-3.226395,40.221693],[-3.227699,40.219907],[-3.230928,40.218319],[-3.23365,40.219191],[-3.237064,40.213886],[-3.237724,40.21341],[-3.239737,40.212862],[-3.241656,40.213921],[-3.25451,40.213231],[-3.26298,40.212472],[-3.270434,40.214779],[-3.272671,40.220362],[-3.276237,40.231714],[-3.27837,40.233773],[-3.278302,40.235604],[-3.278829,40.238001],[-3.279344,40.247564],[-3.282705,40.249636],[-3.283919,40.249984],[-3.284317,40.251042],[-3.283737,40.252372],[-3.282995,40.255685],[-3.283552,40.261168],[-3.284897,40.262311]]]}},{"type":"Feature","id":"municipio-036","properties":{"nombre":"Casarrubuelos","tipo":"municipio","contexto":"Comunidad de Madrid"},"geometry":{"type":"Polygon","coordinates":[[[-3.853528,40.179385],[-3.848612,40.179965],[-3.84523,40.179149],[-3.839905,40.178946],[-3.836,40.179253],[-3.833599,40.178603],[-3.830046,40.179609],[-3.828741,40.178962],[-3.818817,40.179375],[-3.814076,40.179092],[-3.812544,40.178358],[-3.807883,40.179475],[-3.808391,40.177549],[-3.806751,40.177223],[-3.809171,40.170859],[-3.810364,40.169003],[-3.810875,40.169297],[-3.812227,40.1692],[-3.813863,40.169598],[-3.815768,40.170382],[-3.816926,40.171219],[-3.817981,40.171136],[-3.821886,40.168924],[-3.826222,40.165621],[-3.827955,40.164948],[-3.833257,40.161997],[-3.834142,40.162181],[-3.834186,40.161352],[-3.840838,40.162664],[-3.844318,40.165263],[-3.850581,40.167796],[-3.852796,40.169241],[-3.851781,40.172847],[-3.852049,40.173049],[-3.851445,40.177515],[-3.853528,40.179385]]]}},{"type":"Feature","id":"municipio-037","properties":{"nombre":"Cenicientos","tipo":"municipio","contexto":"Comunidad de Madrid"},"geometry":{"type":"Polygon","coordinates":[[[-4.579076,40.217196],[-4.576645,40.219299],[-4.575083,40.219769],[-4.569712,40.218208],[-4.567266,40.217977],[-4.565676,40.218188],[-4.563466,40.220787],[-4.560907,40.222794],[-4.559797,40.229981],[-4.559329,40.231269],[-4.559616,40.234287],[-4.560649,40.236095],[-4.564796,40.238848],[-4.567123,40.239847],[-4.567641,40.24132],[-4.567907,40.250218],[-4.568486,40.251868],[-4.568541,40.253453],[-4.569538,40.257284],[-4.568595,40.257815],[-4.568788,40.258712],[-4.568346,40.259155],[-4.566939,40.259526],[-4.565983,40.260495],[-4.564886,40.260708],[-4.563468,40.261597],[-4.560834,40.261965],[-4.560092,40.262727],[-4.558748,40.263164],[-4.557796,40.264137],[-4.556648,40.264372],[-4.556091,40.266141],[-4.543751,40.268745],[-4.51689,40.270651],[-4.512169,40.275021],[-4.511518,40.276963],[-4.509986,40.277333],[-4.50716,40.278884],[-4.505029,40.280436],[-4.500309,40.279547],[-4.496791,40.277707],[-4.494389,40.278541],[-4.491407,40.278435],[-4.489465,40.278701],[-4.487712,40.278475],[-4.484426,40.278818],[-4.481749,40.28066],[-4.478508,40.28246],[-4.476974,40.283008],[-4.463472,40.278899],[-4.454119,40.274484],[-4.448763,40.272607],[-4.447958,40.271963],[-4.446856,40.269797],[-4.443665,40.266835],[-4.441178,40.265281],[-4.439492,40.26469],[-4.438368,40.263652],[-4.435002,40.259339],[-4.435245,40.259127],[-4.435785,40.255802],[-4.436357,40.255105],[-4.435866,40.250172],[-4.434525,40.244315],[-4.434513,40.24323],[-4.435388,40.240439],[-4.436069,40.239301],[-4.437006,40.238249],[-4.438539,40.237698],[-4.438658,40.237314],[-4.437426,40.236697],[-4.438749,40.237206],[-4.44751,40.233648],[-4.452841,40.233088],[-4.454472,40.232525],[-4.460898,40.232572],[-4.46298,40.232206],[-4.464639,40.232254],[-4.469612,40.231176],[-4.472395,40.231435],[-4.47462,40.230941],[-4.481628,40.228225],[-4.483257,40.227041],[-4.490267,40.224249],[-4.49537,40.222697],[-4.497504,40.221615],[-4.500603,40.221918],[-4.500852,40.221072],[-4.501563,40.220721],[-4.504886,40.220798],[-4.507171,40.220009],[-4.508132,40.219259],[-4.509789,40.21919],[-4.511897,40.217679],[-4.514419,40.216883],[-4.514682,40.216295],[-4.51693,40.214721],[-4.517017,40.213287],[-4.516521,40.211554],[-4.517233,40.210322],[-4.517505,40.208292],[-4.517008,40.207183],[-4.51688,40.20546],[-4.518049,40.203925],[-4.519907,40.202221],[-4.521674,40.202133],[-4.522905,40.201722],[-4.524147,40.201808],[-4.527911,40.200093],[-4.530447,40.200022],[-4.533934,40.200799],[-4.535364,40.199343],[-4.538996,40.199758],[-4.542592,40.200738],[-4.545385,40.200811],[-4.553597,40.202118],[-4.555458,40.202731],[-4.558264,40.202832],[-4.567521,40.205517],[-4.574906,40.206581],[-4.575086,40.20693],[-4.574862,40.207883],[-4.574381,40.208491],[-4.573812,40.208541],[-4.572683,40.212651],[-4.574008,40.213705],[-4.575433,40.215662],[-4.579076,40.217196]]]}},{"type":"Feature","id":"municipio-038","properties":{"nombre":"Cercedilla","tipo":"municipio","contexto":"Comunidad de Madrid"},"geometry":{"type":"Polygon","coordinates":[[[-4.096991,40.747739],[-4.094307,40.755303],[-4.093837,40.758067],[-4.094375,40.761149],[-4.096686,40.764221],[-4.09625,40.765273],[-4.092551,40.768814],[-4.08625,40.772374],[-4.081036,40.776601],[-4.078758,40.782226],[-4.0767,40.788881],[-4.070092,40.793915],[-4.059591,40.792307],[-4.053514,40.79064],[-4.046968,40.790178],[-4.04549,40.788911],[-4.042201,40.783789],[-4.039542,40.784169],[-4.036312,40.783536],[-4.032392,40.781612],[-4.021317,40.781192],[-4.02478,40.779667],[-4.022857,40.777649],[-4.022462,40.775499],[-4.022557,40.77271],[-4.026673,40.769336],[-4.027465,40.769371],[-4.0294,40.767396],[-4.029191,40.766756],[-4.030858,40.762137],[-4.032912,40.760829],[-4.035333,40.757946],[-4.034329,40.75594],[-4.034967,40.750807],[-4.033743,40.746083],[-4.035992,40.743223],[-4.036115,40.740115],[-4.035074,40.739996],[-4.032727,40.739011],[-4.033309,40.737769],[-4.03197,40.735932],[-4.031102,40.735259],[-4.031949,40.734817],[-4.032819,40.733564],[-4.035094,40.731929],[-4.035856,40.730899],[-4.037352,40.730277],[-4.03725,40.727893],[-4.038611,40.724566],[-4.038578,40.723905],[-4.041307,40.722439],[-4.042216,40.721475],[-4.041825,40.720486],[-4.040468,40.718666],[-4.042409,40.718287],[-4.046073,40.716951],[-4.050438,40.714646],[-4.056599,40.714561],[-4.059135,40.714909],[-4.063684,40.717695],[-4.064896,40.718804],[-4.065714,40.722542],[-4.06787,40.723972],[-4.074337,40.726177],[-4.080307,40.731139],[-4.083185,40.734261],[-4.087101,40.737358],[-4.096991,40.747739]]]}},{"type":"Feature","id":"municipio-039","properties":{"nombre":"Cervera de Buitrago","tipo":"municipio","contexto":"Comunidad de Madrid"},"geometry":{"type":"Polygon","coordinates":[[[-3.549732,40.921244],[-3.547759,40.923269],[-3.54759,40.927272],[-3.546238,40.928813],[-3.543696,40.930882],[-3.542591,40.931374],[-3.542859,40.92861],[-3.542493,40.928135],[-3.541237,40.927589],[-3.541232,40.928138],[-3.539481,40.93122],[-3.539494,40.931954],[-3.536435,40.934433],[-3.533232,40.934914],[-3.529515,40.934723],[-3.524381,40.933989],[-3.523247,40.933278],[-3.521033,40.932731],[-3.520136,40.932825],[-3.51757,40.931584],[-3.510153,40.926879],[-3.506923,40.925257],[-3.503718,40.925142],[-3.50259,40.924557],[-3.503368,40.920851],[-3.502943,40.92001],[-3.503326,40.91963],[-3.502969,40.918575],[-3.501702,40.917187],[-3.501518,40.915964],[-3.501706,40.914363],[-3.501394,40.913518],[-3.497065,40.909813],[-3.496433,40.908588],[-3.494675,40.906827],[-3.493145,40.906148],[-3.490133,40.906009],[-3.489553,40.905241],[-3.490222,40.904213],[-3.491123,40.904052],[-3.492676,40.904529],[-3.494044,40.905601],[-3.495162,40.90573],[-3.495765,40.905244],[-3.496417,40.903837],[-3.497347,40.903448],[-3.499955,40.903966],[-3.501545,40.905115],[-3.502614,40.905164],[-3.504314,40.904605],[-3.505449,40.904721],[-3.508143,40.906009],[-3.511759,40.906488],[-3.515822,40.908365],[-3.517514,40.908497],[-3.518506,40.908245],[-3.518914,40.907649],[-3.518753,40.9066],[-3.517361,40.903685],[-3.517853,40.902125],[-3.518378,40.901392],[-3.520675,40.900097],[-3.522296,40.900086],[-3.525764,40.90136],[-3.528457,40.900453],[-3.530403,40.899411],[-3.532719,40.901134],[-3.535826,40.902718],[-3.537991,40.901472],[-3.5369,40.899997],[-3.536699,40.899304],[-3.538498,40.898446],[-3.540131,40.898715],[-3.542106,40.900912],[-3.543239,40.90295],[-3.544698,40.904517],[-3.545283,40.90595],[-3.546213,40.906588],[-3.546744,40.908321],[-3.546413,40.910534],[-3.545977,40.91102],[-3.545026,40.911439],[-3.540881,40.911994],[-3.539463,40.912699],[-3.538814,40.914037],[-3.539525,40.915986],[-3.539379,40.918046],[-3.540347,40.919625],[-3.54194,40.920955],[-3.547009,40.920915],[-3.549732,40.921244]]]}},{"type":"Feature","id":"municipio-051","properties":{"nombre":"Chapinería","tipo":"municipio","contexto":"Comunidad de Madrid"},"geometry":{"type":"Polygon","coordinates":[[[-4.177789,40.398816],[-4.181633,40.396286],[-4.193255,40.391917],[-4.194427,40.391873],[-4.192578,40.389664],[-4.192579,40.389133],[-4.191147,40.387945],[-4.190313,40.386799],[-4.190094,40.386014],[-4.190285,40.385242],[-4.191156,40.384499],[-4.189288,40.382833],[-4.188737,40.382688],[-4.1868,40.380664],[-4.186626,40.379051],[-4.191498,40.374072],[-4.19188,40.373259],[-4.194534,40.370351],[-4.19568,40.368562],[-4.195599,40.368257],[-4.197567,40.366573],[-4.19719,40.364544],[-4.196773,40.364294],[-4.195884,40.364574],[-4.195012,40.364024],[-4.195381,40.363182],[-4.197562,40.361308],[-4.19738,40.360924],[-4.195201,40.360185],[-4.194839,40.359826],[-4.193667,40.359612],[-4.193331,40.359104],[-4.192777,40.358913],[-4.18813,40.359685],[-4.187711,40.358231],[-4.187991,40.357592],[-4.187825,40.357111],[-4.187345,40.356922],[-4.186059,40.357406],[-4.185165,40.356719],[-4.184964,40.35542],[-4.187229,40.355471],[-4.187728,40.354195],[-4.188837,40.354477],[-4.188909,40.354095],[-4.187845,40.353098],[-4.188755,40.352174],[-4.185755,40.351554],[-4.185857,40.350206],[-4.184925,40.35013],[-4.182399,40.347774],[-4.182546,40.345976],[-4.182337,40.34497],[-4.182803,40.344812],[-4.182598,40.340824],[-4.1821,40.339674],[-4.182741,40.338365],[-4.183492,40.33756],[-4.18562,40.3387],[-4.186347,40.338691],[-4.187959,40.337852],[-4.193068,40.339592],[-4.19912,40.343829],[-4.208284,40.349357],[-4.209718,40.349352],[-4.21077,40.349955],[-4.212803,40.349858],[-4.213068,40.349782],[-4.212902,40.348993],[-4.212166,40.347427],[-4.211611,40.346964],[-4.21404,40.345642],[-4.215129,40.343239],[-4.213205,40.339322],[-4.217356,40.337463],[-4.218078,40.336599],[-4.218928,40.336164],[-4.22038,40.336399],[-4.227543,40.334536],[-4.228851,40.334793],[-4.231579,40.334085],[-4.231587,40.336222],[-4.232631,40.340892],[-4.232238,40.342822],[-4.232397,40.3475],[-4.232032,40.34844],[-4.232298,40.35013],[-4.232311,40.354251],[-4.232759,40.355686],[-4.234149,40.357542],[-4.235222,40.359932],[-4.236011,40.360655],[-4.236747,40.362007],[-4.237615,40.364445],[-4.235349,40.373313],[-4.230029,40.380283],[-4.228757,40.38365],[-4.227559,40.388239],[-4.231263,40.391283],[-4.235551,40.393287],[-4.232628,40.394092],[-4.231247,40.395172],[-4.227625,40.39698],[-4.22627,40.398177],[-4.22585,40.39791],[-4.223276,40.399664],[-4.221638,40.401221],[-4.217248,40.403895],[-4.215645,40.402181],[-4.211914,40.403015],[-4.209604,40.402933],[-4.205758,40.404244],[-4.202847,40.404064],[-4.201151,40.403355],[-4.198647,40.40167],[-4.197055,40.401685],[-4.194483,40.403399],[-4.188266,40.401535],[-4.186227,40.402777],[-4.185399,40.402812],[-4.18443,40.403614],[-4.182637,40.403301],[-4.180669,40.40342],[-4.180304,40.402519],[-4.178412,40.400754],[-4.178069,40.400024],[-4.178336,40.399382],[-4.177789,40.398816]]]}},{"type":"Feature","id":"municipio-052","properties":{"nombre":"Chinchón","tipo":"municipio","contexto":"Comunidad de Madrid"},"geometry":{"type":"Polygon","coordinates":[[[-3.580933,40.098986],[-3.580596,40.102247],[-3.579312,40.103131],[-3.578387,40.10697],[-3.577171,40.108253],[-3.576616,40.111044],[-3.575667,40.113298],[-3.574825,40.114156],[-3.572411,40.114967],[-3.569855,40.115152],[-3.565032,40.118158],[-3.563794,40.119571],[-3.559953,40.121111],[-3.557585,40.12524],[-3.556991,40.129972],[-3.556095,40.132984],[-3.554694,40.132492],[-3.555921,40.136362],[-3.555297,40.137264],[-3.552902,40.138736],[-3.550913,40.142203],[-3.535579,40.149016],[-3.538106,40.14897],[-3.540891,40.150742],[-3.542098,40.151198],[-3.543518,40.153072],[-3.544093,40.155645],[-3.545235,40.156273],[-3.545992,40.157428],[-3.545236,40.160903],[-3.545324,40.16289],[-3.543867,40.163834],[-3.544534,40.164971],[-3.54468,40.165957],[-3.547366,40.168844],[-3.550978,40.169965],[-3.551652,40.169768],[-3.556396,40.171285],[-3.557788,40.170443],[-3.560469,40.170947],[-3.560744,40.17069],[-3.561956,40.171128],[-3.56078,40.171269],[-3.559771,40.171818],[-3.559813,40.172259],[-3.558673,40.172799],[-3.557627,40.172911],[-3.557141,40.174138],[-3.553723,40.17489],[-3.552161,40.174641],[-3.550434,40.175324],[-3.547679,40.175598],[-3.544787,40.177243],[-3.544415,40.177134],[-3.54374,40.178898],[-3.541606,40.180741],[-3.541082,40.181654],[-3.541714,40.181981],[-3.543506,40.182082],[-3.545152,40.182893],[-3.547744,40.183036],[-3.549655,40.183798],[-3.550388,40.183544],[-3.551375,40.183673],[-3.551925,40.184636],[-3.55263,40.184265],[-3.553022,40.184493],[-3.553042,40.183956],[-3.553298,40.183926],[-3.559465,40.189637],[-3.557969,40.191045],[-3.557189,40.192723],[-3.556183,40.193015],[-3.552343,40.195214],[-3.551075,40.195092],[-3.549592,40.195791],[-3.545497,40.196875],[-3.542436,40.196458],[-3.540044,40.195585],[-3.537597,40.195451],[-3.535307,40.194678],[-3.533951,40.19527],[-3.530789,40.195414],[-3.528712,40.196663],[-3.525274,40.198092],[-3.524766,40.1977],[-3.522722,40.200385],[-3.521187,40.201626],[-3.520537,40.202656],[-3.515108,40.205604],[-3.514007,40.207042],[-3.51123,40.209482],[-3.510041,40.211487],[-3.508779,40.212951],[-3.507506,40.213701],[-3.50604,40.214043],[-3.503996,40.2155],[-3.502239,40.215821],[-3.500895,40.216506],[-3.498832,40.216732],[-3.495948,40.217964],[-3.49404,40.217978],[-3.49098,40.216628],[-3.488728,40.216401],[-3.486115,40.215434],[-3.482808,40.215252],[-3.479514,40.213744],[-3.476035,40.213064],[-3.472096,40.213288],[-3.463709,40.212635],[-3.462181,40.213135],[-3.453695,40.210406],[-3.452735,40.209764],[-3.451689,40.208086],[-3.451004,40.207743],[-3.451668,40.206695],[-3.451608,40.205696],[-3.453086,40.203992],[-3.453095,40.20232],[-3.44666,40.201073],[-3.43836,40.200309],[-3.429955,40.201551],[-3.427387,40.201457],[-3.423033,40.196935],[-3.419318,40.193858],[-3.417356,40.189959],[-3.414313,40.188667],[-3.411856,40.18694],[-3.408114,40.186086],[-3.4068,40.184181],[-3.40515,40.182737],[-3.4032,40.178812],[-3.402129,40.173102],[-3.400389,40.170363],[-3.399927,40.167575],[-3.398555,40.164608],[-3.39693,40.162778],[-3.395342,40.159672],[-3.394465,40.157527],[-3.392683,40.151261],[-3.390879,40.149321],[-3.386563,40.140504],[-3.385061,40.136743],[-3.38502,40.135338],[-3.386547,40.135832],[-3.387646,40.135069],[-3.390354,40.134135],[-3.394283,40.133433],[-3.396593,40.133481],[-3.402706,40.132149],[-3.405449,40.129791],[-3.414042,40.120545],[-3.415353,40.12121],[-3.417194,40.121161],[-3.431594,40.117961],[-3.433507,40.118922],[-3.43754,40.119345],[-3.437924,40.118208],[-3.438938,40.11764],[-3.440076,40.116186],[-3.440662,40.117031],[-3.442942,40.11791],[-3.44434,40.118152],[-3.44593,40.11685],[-3.451032,40.118244],[-3.451895,40.121432],[-3.453913,40.122341],[-3.461902,40.123735],[-3.462756,40.125516],[-3.463589,40.12843],[-3.464911,40.129818],[-3.467546,40.131803],[-3.472109,40.133625],[-3.474244,40.13395],[-3.479336,40.135804],[-3.482974,40.136383],[-3.483574,40.137822],[-3.485422,40.137871],[-3.48784,40.138425],[-3.489264,40.138925],[-3.490791,40.139982],[-3.493916,40.139357],[-3.495621,40.139523],[-3.502597,40.139079],[-3.509014,40.139079],[-3.515386,40.137281],[-3.522365,40.136413],[-3.522301,40.13467],[-3.522687,40.133204],[-3.524792,40.132491],[-3.525945,40.13143],[-3.527231,40.129144],[-3.530598,40.124367],[-3.534609,40.120631],[-3.536684,40.117401],[-3.538968,40.114692],[-3.541338,40.113108],[-3.541669,40.111671],[-3.543805,40.110391],[-3.545418,40.108279],[-3.546322,40.106464],[-3.548537,40.103557],[-3.549387,40.101947],[-3.550624,40.101883],[-3.556141,40.100396],[-3.561295,40.099416],[-3.562787,40.099659],[-3.564122,40.099478],[-3.565292,40.099917],[-3.56723,40.10031],[-3.568953,40.100288],[-3.571533,40.100991],[-3.57571,40.101122],[-3.577562,40.100809],[-3.580933,40.098986]]]}},{"type":"Feature","id":"municipio-040","properties":{"nombre":"Ciempozuelos","tipo":"municipio","contexto":"Comunidad de Madrid"},"geometry":{"type":"Polygon","coordinates":[[[-3.667312,40.143291],[-3.666222,40.1437],[-3.661367,40.143533],[-3.659758,40.144007],[-3.657912,40.146054],[-3.655338,40.150081],[-3.65481,40.151105],[-3.653963,40.154385],[-3.653168,40.155779],[-3.651814,40.156985],[-3.646074,40.160127],[-3.64598,40.160723],[-3.643383,40.161711],[-3.643562,40.162415],[-3.642052,40.16338],[-3.637757,40.16526],[-3.636704,40.166818],[-3.635443,40.17008],[-3.639578,40.169771],[-3.639978,40.169945],[-3.644272,40.173333],[-3.646514,40.17467],[-3.646535,40.175893],[-3.644906,40.176426],[-3.642507,40.17703],[-3.640165,40.176874],[-3.636551,40.178207],[-3.635425,40.177294],[-3.630987,40.175847],[-3.630622,40.176092],[-3.628771,40.17536],[-3.626611,40.173677],[-3.62604,40.173791],[-3.61654,40.168126],[-3.612758,40.164458],[-3.611419,40.162322],[-3.610853,40.162673],[-3.610361,40.162501],[-3.608911,40.161341],[-3.608198,40.159944],[-3.605012,40.160357],[-3.60309,40.161437],[-3.601935,40.164034],[-3.601521,40.166165],[-3.60154,40.169955],[-3.600207,40.17201],[-3.599831,40.17352],[-3.598248,40.176616],[-3.59797,40.17796],[-3.597197,40.179104],[-3.59706,40.180258],[-3.596095,40.18247],[-3.595857,40.183794],[-3.594835,40.185279],[-3.594847,40.186936],[-3.594254,40.187815],[-3.594069,40.189151],[-3.593574,40.189745],[-3.593248,40.191703],[-3.59237,40.193352],[-3.592133,40.194963],[-3.591564,40.196366],[-3.566063,40.191703],[-3.559465,40.189637],[-3.553298,40.183926],[-3.553042,40.183956],[-3.553022,40.184493],[-3.55263,40.184265],[-3.551925,40.184636],[-3.551375,40.183673],[-3.550388,40.183544],[-3.549655,40.183798],[-3.547744,40.183036],[-3.545152,40.182893],[-3.543506,40.182082],[-3.541714,40.181981],[-3.541082,40.181654],[-3.541606,40.180741],[-3.54374,40.178898],[-3.544415,40.177134],[-3.544787,40.177243],[-3.547679,40.175598],[-3.550434,40.175324],[-3.552161,40.174641],[-3.553723,40.17489],[-3.557141,40.174138],[-3.557627,40.172911],[-3.558673,40.172799],[-3.559813,40.172259],[-3.559771,40.171818],[-3.56078,40.171269],[-3.561956,40.171128],[-3.562531,40.170271],[-3.56332,40.169744],[-3.56392,40.168814],[-3.564247,40.166804],[-3.563626,40.164808],[-3.56368,40.161029],[-3.563041,40.158661],[-3.563814,40.156383],[-3.565822,40.154595],[-3.566218,40.152348],[-3.565724,40.150715],[-3.566012,40.149762],[-3.567159,40.1485],[-3.570058,40.148507],[-3.572292,40.148144],[-3.573653,40.147711],[-3.575285,40.146558],[-3.576242,40.143926],[-3.575776,40.143084],[-3.574256,40.141857],[-3.574063,40.141293],[-3.574262,40.140526],[-3.575198,40.139387],[-3.581034,40.136593],[-3.582883,40.135024],[-3.583806,40.133271],[-3.583823,40.131915],[-3.583,40.130831],[-3.583603,40.128627],[-3.585564,40.127687],[-3.587643,40.12791],[-3.590037,40.127679],[-3.591167,40.127285],[-3.592644,40.125978],[-3.592983,40.123909],[-3.594048,40.122761],[-3.59541,40.122227],[-3.598849,40.122111],[-3.600451,40.121101],[-3.600658,40.120359],[-3.600541,40.11849],[-3.597492,40.115065],[-3.597018,40.113787],[-3.597174,40.112583],[-3.597965,40.111078],[-3.600406,40.109083],[-3.602423,40.108704],[-3.606073,40.10935],[-3.607628,40.108967],[-3.612389,40.111384],[-3.615065,40.112063],[-3.61901,40.113778],[-3.62121,40.115185],[-3.621938,40.113332],[-3.624483,40.11434],[-3.62668,40.116706],[-3.628888,40.117794],[-3.640955,40.120522],[-3.644363,40.122444],[-3.645357,40.122462],[-3.648149,40.1244],[-3.653417,40.125252],[-3.655294,40.124756],[-3.656331,40.12534],[-3.656682,40.127942],[-3.660555,40.128372],[-3.665832,40.135287],[-3.666267,40.137591],[-3.666088,40.140095],[-3.667312,40.143291]]]}},{"type":"Feature","id":"municipio-041","properties":{"nombre":"Cobeña","tipo":"municipio","contexto":"Comunidad de Madrid"},"geometry":{"type":"Polygon","coordinates":[[[-3.466084,40.595465],[-3.466777,40.591645],[-3.46771,40.58883],[-3.47013,40.586764],[-3.470794,40.585449],[-3.469714,40.583072],[-3.471788,40.581841],[-3.471793,40.58034],[-3.473185,40.580353],[-3.473246,40.578844],[-3.472944,40.578292],[-3.473496,40.577813],[-3.473551,40.577133],[-3.47289,40.576057],[-3.473932,40.574507],[-3.473669,40.574129],[-3.474722,40.573475],[-3.47508,40.572016],[-3.474016,40.57174],[-3.475162,40.569529],[-3.478716,40.566093],[-3.480222,40.564074],[-3.480977,40.56217],[-3.484303,40.561942],[-3.485724,40.560234],[-3.4877,40.559809],[-3.488421,40.557926],[-3.488761,40.555492],[-3.492948,40.554453],[-3.495743,40.554992],[-3.498125,40.554551],[-3.502419,40.552493],[-3.501925,40.552242],[-3.501755,40.551597],[-3.502069,40.5511],[-3.50209,40.549703],[-3.502895,40.5469],[-3.502246,40.546822],[-3.502739,40.54585],[-3.502424,40.543352],[-3.504428,40.542683],[-3.50604,40.541061],[-3.50794,40.539663],[-3.509325,40.539069],[-3.510597,40.538821],[-3.51113,40.539314],[-3.512216,40.538637],[-3.513432,40.54026],[-3.513515,40.540794],[-3.516437,40.542395],[-3.517973,40.544151],[-3.521894,40.546384],[-3.526818,40.551341],[-3.529237,40.554385],[-3.533396,40.555862],[-3.534388,40.556654],[-3.538115,40.55856],[-3.539904,40.560082],[-3.542304,40.560954],[-3.546157,40.563102],[-3.547113,40.563213],[-3.548375,40.564022],[-3.550399,40.564655],[-3.546057,40.565548],[-3.546041,40.566338],[-3.544924,40.567755],[-3.543742,40.568126],[-3.544055,40.569783],[-3.544718,40.570345],[-3.543012,40.57117],[-3.543881,40.571592],[-3.543449,40.571996],[-3.543144,40.571883],[-3.543299,40.571615],[-3.540124,40.571231],[-3.539325,40.571877],[-3.538949,40.572581],[-3.539405,40.572649],[-3.539096,40.574968],[-3.538303,40.57675],[-3.538887,40.577652],[-3.539725,40.578075],[-3.539691,40.578685],[-3.537545,40.57927],[-3.53938,40.5799],[-3.539191,40.580344],[-3.539494,40.580647],[-3.539625,40.5823],[-3.539988,40.582409],[-3.53979,40.583712],[-3.538081,40.583675],[-3.53791,40.583903],[-3.535154,40.584181],[-3.535066,40.5845],[-3.533467,40.584696],[-3.532661,40.584507],[-3.53274,40.584137],[-3.529266,40.583851],[-3.529246,40.582916],[-3.528717,40.582845],[-3.529349,40.582375],[-3.528895,40.581797],[-3.527617,40.582316],[-3.527495,40.581934],[-3.526641,40.58233],[-3.524647,40.580946],[-3.523037,40.58093],[-3.521438,40.581401],[-3.521099,40.580849],[-3.514552,40.581326],[-3.512488,40.582077],[-3.508056,40.582265],[-3.499654,40.585055],[-3.496935,40.585417],[-3.495557,40.585887],[-3.494489,40.585291],[-3.493977,40.585537],[-3.489611,40.58496],[-3.482454,40.586401],[-3.482875,40.587624],[-3.481123,40.588413],[-3.478868,40.590294],[-3.477425,40.590642],[-3.474765,40.59268],[-3.470761,40.594333],[-3.469339,40.594577],[-3.469407,40.595182],[-3.468611,40.595542],[-3.467463,40.595761],[-3.466084,40.595465]]]}},{"type":"Feature","id":"municipio-046","properties":{"nombre":"Collado Mediano","tipo":"municipio","contexto":"Comunidad de Madrid"},"geometry":{"type":"Polygon","coordinates":[[[-4.061567,40.700223],[-4.060174,40.703324],[-4.056553,40.707283],[-4.056163,40.708219],[-4.055987,40.71004],[-4.056214,40.711064],[-4.054254,40.713193],[-4.050438,40.714646],[-4.046073,40.716951],[-4.042409,40.718287],[-4.040468,40.718666],[-4.038513,40.717742],[-4.036343,40.717257],[-4.032779,40.717813],[-4.028228,40.717941],[-4.026972,40.717385],[-4.018482,40.71528],[-4.012898,40.713169],[-4.010719,40.713081],[-4.006998,40.711184],[-4.004857,40.710528],[-4.004706,40.709772],[-4.004057,40.709227],[-4.003601,40.707773],[-4.003472,40.705978],[-4.003903,40.705925],[-4.004172,40.705335],[-4.003505,40.702601],[-4.003613,40.701832],[-4.000481,40.694267],[-3.998419,40.691039],[-3.997497,40.690427],[-3.995842,40.687745],[-3.994779,40.684801],[-3.994794,40.682411],[-3.995264,40.681103],[-4.001212,40.684189],[-4.003834,40.683574],[-4.010489,40.682963],[-4.013097,40.682379],[-4.015572,40.680977],[-4.019164,40.679531],[-4.024567,40.675816],[-4.03056,40.672767],[-4.031569,40.67168],[-4.033595,40.671343],[-4.036633,40.669189],[-4.038037,40.667805],[-4.041743,40.665627],[-4.042018,40.666359],[-4.042831,40.665468],[-4.043301,40.664147],[-4.045055,40.662528],[-4.046106,40.66262],[-4.050362,40.663775],[-4.053656,40.665045],[-4.054703,40.665079],[-4.052601,40.66777],[-4.052537,40.668647],[-4.054777,40.672855],[-4.055586,40.676182],[-4.05752,40.679329],[-4.057678,40.681199],[-4.05833,40.681735],[-4.058192,40.687866],[-4.057742,40.688411],[-4.05762,40.689183],[-4.058845,40.691716],[-4.059631,40.69855],[-4.061567,40.700223]]]}},{"type":"Feature","id":"municipio-047","properties":{"nombre":"Collado Villalba","tipo":"municipio","contexto":"Comunidad de Madrid"},"geometry":{"type":"Polygon","coordinates":[[[-4.029667,40.629863],[-4.029616,40.630355],[-4.02604,40.632752],[-4.02522,40.632399],[-4.019081,40.63724],[-4.017556,40.638756],[-4.021589,40.64517],[-4.019654,40.645707],[-4.01703,40.647993],[-4.010939,40.651923],[-4.008852,40.655514],[-4.006615,40.662358],[-4.003253,40.663264],[-3.99828,40.663326],[-3.997244,40.665334],[-3.996064,40.66649],[-3.996394,40.669429],[-3.997423,40.673896],[-3.995264,40.681103],[-3.995525,40.67743],[-3.994992,40.675165],[-3.993997,40.667419],[-3.993281,40.666679],[-3.986898,40.665024],[-3.983593,40.663566],[-3.97803,40.661751],[-3.971813,40.660903],[-3.969005,40.660232],[-3.966744,40.658183],[-3.963357,40.657966],[-3.959246,40.65832],[-3.950282,40.65759],[-3.94921,40.657141],[-3.947713,40.652379],[-3.948249,40.651084],[-3.947638,40.649136],[-3.947584,40.647058],[-3.94653,40.644409],[-3.947,40.643134],[-3.949936,40.641352],[-3.952886,40.63774],[-3.956628,40.634757],[-3.958086,40.632853],[-3.958427,40.633025],[-3.960608,40.631331],[-3.9612,40.631309],[-3.961558,40.630652],[-3.962952,40.630191],[-3.963484,40.629587],[-3.964743,40.629317],[-3.967673,40.629386],[-3.968225,40.629002],[-3.96968,40.628846],[-3.972251,40.627304],[-3.973956,40.627103],[-3.974788,40.62592],[-3.977346,40.623794],[-3.978072,40.622651],[-3.978998,40.621959],[-3.980045,40.620088],[-3.983202,40.619394],[-3.989947,40.619179],[-3.990825,40.618788],[-3.994352,40.618447],[-3.997532,40.617374],[-4.000849,40.617089],[-4.00434,40.616278],[-4.011674,40.616628],[-4.018543,40.618671],[-4.021663,40.620206],[-4.026588,40.625302],[-4.025072,40.628184],[-4.025612,40.628632],[-4.025388,40.630317],[-4.029667,40.629863]]]}},{"type":"Feature","id":"municipio-045","properties":{"nombre":"Colmenar Viejo","tipo":"municipio","contexto":"Comunidad de Madrid"},"geometry":{"type":"Polygon","coordinates":[[[-3.8651,40.645655],[-3.862499,40.647541],[-3.861651,40.648758],[-3.859215,40.653938],[-3.858196,40.655004],[-3.859459,40.658203],[-3.855073,40.6632],[-3.848559,40.664801],[-3.846933,40.66553],[-3.844088,40.666163],[-3.83994,40.666179],[-3.83766,40.667101],[-3.832302,40.676803],[-3.82843,40.683125],[-3.82701,40.686106],[-3.826773,40.687317],[-3.825205,40.689029],[-3.824092,40.690851],[-3.822617,40.691063],[-3.821179,40.692267],[-3.820578,40.69349],[-3.820696,40.695385],[-3.818022,40.700256],[-3.81479,40.703735],[-3.811263,40.706003],[-3.810104,40.706414],[-3.808649,40.70829],[-3.808586,40.708726],[-3.807735,40.709432],[-3.806828,40.70932],[-3.806383,40.709597],[-3.805958,40.710795],[-3.804872,40.71054],[-3.804436,40.710809],[-3.802913,40.709547],[-3.801301,40.711423],[-3.798593,40.710202],[-3.797067,40.710476],[-3.796315,40.710091],[-3.794092,40.709964],[-3.792447,40.709429],[-3.790516,40.709709],[-3.789443,40.709567],[-3.786942,40.708242],[-3.785377,40.706996],[-3.784102,40.705312],[-3.78258,40.704489],[-3.780961,40.704406],[-3.778849,40.705145],[-3.776447,40.705128],[-3.773636,40.704623],[-3.771388,40.70471],[-3.769225,40.710969],[-3.767571,40.712343],[-3.766905,40.712368],[-3.750193,40.724111],[-3.735157,40.73204],[-3.733604,40.730919],[-3.731508,40.730404],[-3.72705,40.731184],[-3.723898,40.729874],[-3.713143,40.728522],[-3.71037,40.729307],[-3.707127,40.727389],[-3.706945,40.725017],[-3.706574,40.725415],[-3.705058,40.725791],[-3.703187,40.72556],[-3.699945,40.726172],[-3.698944,40.726123],[-3.698193,40.726699],[-3.696934,40.726992],[-3.697008,40.727704],[-3.69677,40.727994],[-3.695687,40.728602],[-3.695814,40.728945],[-3.694716,40.729507],[-3.692234,40.729572],[-3.691139,40.729315],[-3.690906,40.728516],[-3.690218,40.728322],[-3.687165,40.729489],[-3.686988,40.730218],[-3.684263,40.730062],[-3.68338,40.729918],[-3.681153,40.728832],[-3.67846,40.729135],[-3.675832,40.728383],[-3.677139,40.722897],[-3.677311,40.721033],[-3.676989,40.720526],[-3.675308,40.719865],[-3.67422,40.719044],[-3.673873,40.717618],[-3.678206,40.713096],[-3.679086,40.710895],[-3.679935,40.709894],[-3.680454,40.708225],[-3.679105,40.705441],[-3.677276,40.704133],[-3.67613,40.702849],[-3.669423,40.701313],[-3.664527,40.700837],[-3.662611,40.69932],[-3.659839,40.696324],[-3.654092,40.694233],[-3.650876,40.695133],[-3.646652,40.693846],[-3.644485,40.695408],[-3.643631,40.694902],[-3.643381,40.693029],[-3.642092,40.690611],[-3.641685,40.68903],[-3.64177,40.688571],[-3.642261,40.688503],[-3.641873,40.687917],[-3.642762,40.686255],[-3.645675,40.684007],[-3.647737,40.683036],[-3.648227,40.682417],[-3.649556,40.681648],[-3.65064,40.679497],[-3.650696,40.677793],[-3.650231,40.676849],[-3.650354,40.676071],[-3.649347,40.674666],[-3.648266,40.67375],[-3.644892,40.672998],[-3.643628,40.671554],[-3.642777,40.671103],[-3.640639,40.670888],[-3.640318,40.668429],[-3.639376,40.667197],[-3.641442,40.665254],[-3.642277,40.663623],[-3.642501,40.66242],[-3.642105,40.661955],[-3.641928,40.660826],[-3.642619,40.659217],[-3.644831,40.656764],[-3.645881,40.656164],[-3.648511,40.652232],[-3.650715,40.649577],[-3.651503,40.647255],[-3.651348,40.646143],[-3.649248,40.644066],[-3.644439,40.641267],[-3.640744,40.640208],[-3.638926,40.639026],[-3.63593,40.63882],[-3.634368,40.639154],[-3.632041,40.639123],[-3.630003,40.639787],[-3.628161,40.640025],[-3.625658,40.642149],[-3.624974,40.643551],[-3.624219,40.644153],[-3.618386,40.646582],[-3.616897,40.64775],[-3.615484,40.648218],[-3.610391,40.650832],[-3.609329,40.650402],[-3.60926,40.650878],[-3.60663,40.651122],[-3.604607,40.650432],[-3.604322,40.65093],[-3.602689,40.650737],[-3.599812,40.64991],[-3.599464,40.649685],[-3.599393,40.649204],[-3.596554,40.648347],[-3.597253,40.649666],[-3.591791,40.649165],[-3.590668,40.647897],[-3.589675,40.645952],[-3.590168,40.642563],[-3.591121,40.641071],[-3.590646,40.639925],[-3.590709,40.63852],[-3.58902,40.635183],[-3.589094,40.633521],[-3.587213,40.629935],[-3.58456,40.627363],[-3.589962,40.625663],[-3.591427,40.626447],[-3.592502,40.626286],[-3.593273,40.626714],[-3.594402,40.626511],[-3.595409,40.627124],[-3.597599,40.626653],[-3.598446,40.627064],[-3.600288,40.626634],[-3.600795,40.625688],[-3.603598,40.624969],[-3.604064,40.625467],[-3.603966,40.626381],[-3.604394,40.626802],[-3.604572,40.630711],[-3.605063,40.630168],[-3.605336,40.630868],[-3.605863,40.630773],[-3.606088,40.631074],[-3.608205,40.630937],[-3.612012,40.629053],[-3.615578,40.626102],[-3.617055,40.625451],[-3.619873,40.623461],[-3.621614,40.622139],[-3.622938,40.620308],[-3.625284,40.618481],[-3.625802,40.616756],[-3.626939,40.616906],[-3.628282,40.617645],[-3.628598,40.618125],[-3.628657,40.619414],[-3.629493,40.620576],[-3.628852,40.622339],[-3.630212,40.625812],[-3.629654,40.62681],[-3.630146,40.628285],[-3.632929,40.630693],[-3.634582,40.633465],[-3.636221,40.635127],[-3.636702,40.636778],[-3.638824,40.638403],[-3.644479,40.63809],[-3.648756,40.641401],[-3.65193,40.642576],[-3.655945,40.643229],[-3.656139,40.642935],[-3.65848,40.642054],[-3.661337,40.639764],[-3.661884,40.639216],[-3.662394,40.637875],[-3.665493,40.634178],[-3.668016,40.629602],[-3.669587,40.630092],[-3.671357,40.631595],[-3.675164,40.633232],[-3.676299,40.634223],[-3.676846,40.633238],[-3.679162,40.632253],[-3.682853,40.631752],[-3.684613,40.630888],[-3.685521,40.630786],[-3.686,40.631433],[-3.687407,40.631866],[-3.688382,40.633182],[-3.69017,40.634328],[-3.690785,40.635085],[-3.692374,40.635167],[-3.694487,40.634715],[-3.700092,40.635893],[-3.702874,40.638861],[-3.704075,40.639792],[-3.705172,40.640137],[-3.707644,40.641874],[-3.708528,40.642815],[-3.71036,40.643386],[-3.712682,40.64362],[-3.717815,40.645368],[-3.718428,40.644209],[-3.717282,40.643712],[-3.718194,40.642495],[-3.717368,40.642441],[-3.717332,40.642231],[-3.719225,40.641624],[-3.720268,40.642066],[-3.720663,40.641707],[-3.720808,40.64033],[-3.72009,40.638592],[-3.721054,40.639127],[-3.721277,40.638744],[-3.720832,40.638176],[-3.722328,40.638027],[-3.722156,40.636998],[-3.722426,40.636617],[-3.724376,40.6372],[-3.724627,40.636385],[-3.725659,40.636381],[-3.725879,40.635386],[-3.726563,40.635863],[-3.72712,40.635651],[-3.727896,40.636281],[-3.728733,40.636078],[-3.729104,40.634571],[-3.729156,40.630528],[-3.730391,40.630563],[-3.730944,40.631007],[-3.732102,40.631252],[-3.733414,40.631009],[-3.736484,40.631118],[-3.73911,40.630244],[-3.740688,40.628682],[-3.742063,40.628253],[-3.741788,40.627329],[-3.741111,40.626865],[-3.740499,40.625887],[-3.740701,40.624915],[-3.739699,40.623707],[-3.740065,40.62309],[-3.741678,40.622608],[-3.741726,40.620344],[-3.741392,40.619533],[-3.739198,40.61865],[-3.738602,40.617309],[-3.738508,40.616541],[-3.738984,40.615904],[-3.740064,40.615809],[-3.739623,40.613644],[-3.739619,40.612864],[-3.739857,40.612682],[-3.738825,40.611277],[-3.740983,40.61076],[-3.741707,40.610338],[-3.741533,40.609875],[-3.742957,40.610435],[-3.743392,40.608987],[-3.743894,40.609645],[-3.745753,40.610192],[-3.750698,40.611081],[-3.752641,40.610752],[-3.756818,40.612247],[-3.757517,40.610212],[-3.765955,40.613142],[-3.76594,40.612835],[-3.768653,40.612524],[-3.768986,40.611304],[-3.770388,40.610643],[-3.772052,40.613646],[-3.772104,40.615456],[-3.772522,40.616115],[-3.773683,40.616749],[-3.775301,40.616755],[-3.77971,40.617906],[-3.781167,40.617306],[-3.782041,40.618673],[-3.783573,40.619148],[-3.784904,40.61876],[-3.78552,40.619577],[-3.783202,40.620783],[-3.782477,40.621743],[-3.784269,40.621043],[-3.784877,40.621274],[-3.785709,40.621059],[-3.787155,40.620064],[-3.789357,40.619292],[-3.791078,40.617949],[-3.79207,40.616221],[-3.794037,40.614993],[-3.794767,40.614071],[-3.79946,40.613503],[-3.802181,40.612741],[-3.806424,40.612408],[-3.807194,40.611475],[-3.808851,40.611985],[-3.809272,40.611554],[-3.811464,40.610658],[-3.811454,40.610333],[-3.810501,40.60943],[-3.812795,40.608162],[-3.810142,40.60665],[-3.809377,40.605025],[-3.806008,40.599867],[-3.812527,40.596905],[-3.813926,40.596137],[-3.814437,40.595417],[-3.816135,40.59501],[-3.820287,40.595011],[-3.822748,40.594395],[-3.82755,40.594694],[-3.833271,40.593528],[-3.835402,40.592115],[-3.837696,40.591357],[-3.840551,40.592412],[-3.841692,40.592671],[-3.842438,40.592541],[-3.845057,40.603903],[-3.845275,40.606331],[-3.845137,40.612245],[-3.846944,40.611385],[-3.848742,40.611005],[-3.850344,40.611032],[-3.851074,40.61205],[-3.852291,40.617813],[-3.852497,40.62034],[-3.853411,40.622899],[-3.854537,40.628297],[-3.854457,40.63011],[-3.854685,40.630969],[-3.856135,40.634055],[-3.857275,40.635305],[-3.858863,40.638852],[-3.859964,40.640464],[-3.860118,40.641821],[-3.862174,40.643239],[-3.86414,40.645332],[-3.8651,40.645655]]]}},{"type":"Feature","id":"municipio-043","properties":{"nombre":"Colmenar de Oreja","tipo":"municipio","contexto":"Comunidad de Madrid"},"geometry":{"type":"Polygon","coordinates":[[[-3.343785,40.110048],[-3.344119,40.105762],[-3.344912,40.102355],[-3.347599,40.100093],[-3.348702,40.097667],[-3.349019,40.095506],[-3.348881,40.09441],[-3.349534,40.093054],[-3.349856,40.091456],[-3.349585,40.089679],[-3.347312,40.085102],[-3.3465,40.082633],[-3.345026,40.080107],[-3.346167,40.080159],[-3.34899,40.078057],[-3.349942,40.07773],[-3.35446,40.077321],[-3.355519,40.076789],[-3.361893,40.075266],[-3.364334,40.075048],[-3.366107,40.075503],[-3.373018,40.07552],[-3.37529,40.075394],[-3.377707,40.074768],[-3.377782,40.073371],[-3.378586,40.070755],[-3.379129,40.066166],[-3.377671,40.062284],[-3.375864,40.061324],[-3.374734,40.059615],[-3.374301,40.055032],[-3.375103,40.053567],[-3.375782,40.051256],[-3.376923,40.049988],[-3.38188,40.05152],[-3.38521,40.051862],[-3.385913,40.051529],[-3.385887,40.050635],[-3.386539,40.049813],[-3.388486,40.049492],[-3.39153,40.04841],[-3.394242,40.045388],[-3.394388,40.043305],[-3.394079,40.042351],[-3.393496,40.041893],[-3.391716,40.041321],[-3.391563,40.041003],[-3.391798,40.038974],[-3.393005,40.036534],[-3.393934,40.035592],[-3.398033,40.035124],[-3.401072,40.034181],[-3.402263,40.034313],[-3.404393,40.035131],[-3.406881,40.036467],[-3.409083,40.037094],[-3.409643,40.037506],[-3.410029,40.038099],[-3.409907,40.038461],[-3.408328,40.040053],[-3.409939,40.041795],[-3.41038,40.041936],[-3.411561,40.041446],[-3.414478,40.04215],[-3.41762,40.045051],[-3.419521,40.045472],[-3.422056,40.045124],[-3.424128,40.046708],[-3.424811,40.046922],[-3.426249,40.046345],[-3.426726,40.044448],[-3.429006,40.040614],[-3.429334,40.038882],[-3.430351,40.038357],[-3.432487,40.038099],[-3.434522,40.038892],[-3.438127,40.038696],[-3.440152,40.039037],[-3.445319,40.0373],[-3.446188,40.037289],[-3.447865,40.038543],[-3.447852,40.03941],[-3.448533,40.041794],[-3.448625,40.044253],[-3.448058,40.045108],[-3.44766,40.046677],[-3.446768,40.047836],[-3.447558,40.049188],[-3.448329,40.049764],[-3.450432,40.049159],[-3.452976,40.050067],[-3.456488,40.050021],[-3.456578,40.049473],[-3.455,40.048013],[-3.454779,40.047134],[-3.455069,40.046701],[-3.460566,40.045281],[-3.464051,40.043854],[-3.470068,40.040702],[-3.471944,40.041035],[-3.473223,40.042142],[-3.473266,40.043265],[-3.472399,40.045502],[-3.472554,40.045998],[-3.478844,40.044783],[-3.48062,40.045164],[-3.48229,40.046009],[-3.483301,40.046015],[-3.484551,40.045445],[-3.485242,40.044484],[-3.484945,40.043541],[-3.485749,40.041926],[-3.487747,40.04117],[-3.488567,40.041319],[-3.489129,40.042079],[-3.48945,40.043921],[-3.489976,40.0448],[-3.49027,40.047184],[-3.490593,40.04758],[-3.491739,40.047773],[-3.493673,40.047313],[-3.495651,40.047576],[-3.496192,40.047259],[-3.49654,40.046335],[-3.4971,40.045803],[-3.498306,40.045113],[-3.499582,40.045014],[-3.503797,40.046198],[-3.505075,40.047158],[-3.506114,40.048786],[-3.507026,40.048598],[-3.50746,40.048135],[-3.506443,40.045562],[-3.506719,40.044809],[-3.507236,40.044403],[-3.508292,40.044533],[-3.511305,40.045951],[-3.511615,40.045698],[-3.511662,40.044292],[-3.511276,40.04352],[-3.511938,40.042708],[-3.517129,40.043482],[-3.517562,40.044006],[-3.517199,40.044644],[-3.515919,40.044908],[-3.514597,40.044609],[-3.513996,40.04491],[-3.513566,40.046335],[-3.513646,40.047649],[-3.514055,40.048448],[-3.514911,40.048743],[-3.515361,40.048539],[-3.516654,40.046844],[-3.518053,40.046882],[-3.518912,40.048867],[-3.518852,40.050777],[-3.51836,40.051804],[-3.519038,40.052358],[-3.520876,40.05218],[-3.523921,40.05071],[-3.524962,40.049621],[-3.525323,40.048257],[-3.526269,40.047606],[-3.527032,40.047766],[-3.527963,40.04868],[-3.528382,40.049904],[-3.528492,40.051431],[-3.529003,40.051718],[-3.531767,40.051925],[-3.532937,40.051754],[-3.533808,40.051119],[-3.534898,40.049535],[-3.535691,40.0491],[-3.536552,40.049175],[-3.538096,40.050175],[-3.539329,40.050417],[-3.541066,40.050272],[-3.544166,40.04927],[-3.545982,40.050594],[-3.540089,40.052189],[-3.533832,40.052046],[-3.53552,40.068196],[-3.541453,40.068043],[-3.554884,40.066639],[-3.560482,40.066509],[-3.562335,40.066197],[-3.564229,40.065556],[-3.566166,40.065434],[-3.570229,40.064337],[-3.576068,40.061841],[-3.580003,40.060505],[-3.581159,40.059481],[-3.587574,40.057878],[-3.589448,40.058174],[-3.59227,40.062053],[-3.593441,40.064584],[-3.594049,40.06703],[-3.592166,40.067653],[-3.591282,40.068504],[-3.590898,40.069546],[-3.591159,40.071417],[-3.590986,40.072854],[-3.589234,40.07678],[-3.587484,40.078823],[-3.585907,40.084447],[-3.584322,40.088178],[-3.58535,40.090803],[-3.585336,40.0926],[-3.583552,40.095609],[-3.580933,40.098986],[-3.577562,40.100809],[-3.574693,40.101217],[-3.571533,40.100991],[-3.568953,40.100288],[-3.56723,40.10031],[-3.565292,40.099917],[-3.564122,40.099478],[-3.562787,40.099659],[-3.561295,40.099416],[-3.556141,40.100396],[-3.550624,40.101883],[-3.549387,40.101947],[-3.54452,40.099341],[-3.532629,40.096133],[-3.517624,40.090949],[-3.512523,40.089469],[-3.50425,40.085906],[-3.502874,40.084864],[-3.497678,40.08647],[-3.491497,40.08594],[-3.487963,40.085998],[-3.479987,40.088691],[-3.477141,40.090711],[-3.470286,40.09463],[-3.46314,40.099598],[-3.460936,40.103318],[-3.459131,40.110896],[-3.457927,40.113682],[-3.455699,40.115089],[-3.455508,40.115557],[-3.455693,40.116639],[-3.45481,40.118165],[-3.453478,40.118538],[-3.452583,40.117997],[-3.451032,40.118244],[-3.44593,40.11685],[-3.44434,40.118152],[-3.440662,40.117031],[-3.440076,40.116186],[-3.438938,40.11764],[-3.437924,40.118208],[-3.43754,40.119345],[-3.433507,40.118922],[-3.431594,40.117961],[-3.417194,40.121161],[-3.415353,40.12121],[-3.414042,40.120545],[-3.405449,40.129791],[-3.402706,40.132149],[-3.396593,40.133481],[-3.394283,40.133433],[-3.390354,40.134135],[-3.387646,40.135069],[-3.386547,40.135832],[-3.377702,40.133647],[-3.376234,40.131324],[-3.374551,40.129587],[-3.374481,40.128828],[-3.374035,40.128567],[-3.373506,40.127416],[-3.370611,40.124871],[-3.368308,40.123761],[-3.363932,40.120846],[-3.362747,40.120549],[-3.360841,40.119007],[-3.355264,40.117787],[-3.352133,40.117489],[-3.343785,40.110048]]]}},{"type":"Feature","id":"municipio-042","properties":{"nombre":"Colmenar del Arroyo","tipo":"municipio","contexto":"Comunidad de Madrid"},"geometry":{"type":"Polygon","coordinates":[[[-4.253061,40.405302],[-4.250324,40.407101],[-4.244415,40.41369],[-4.238675,40.421505],[-4.238488,40.42344],[-4.236586,40.43232],[-4.235953,40.433325],[-4.231283,40.435373],[-4.229809,40.436708],[-4.227624,40.439633],[-4.226796,40.441994],[-4.22523,40.442347],[-4.218931,40.439338],[-4.214418,40.447826],[-4.208472,40.4515],[-4.207012,40.453077],[-4.207217,40.454047],[-4.205874,40.455046],[-4.200559,40.455167],[-4.193646,40.450917],[-4.189712,40.447648],[-4.181826,40.443259],[-4.180428,40.441579],[-4.176871,40.439423],[-4.174727,40.438183],[-4.17375,40.437976],[-4.1732,40.437321],[-4.169864,40.43688],[-4.16969,40.436229],[-4.168645,40.434822],[-4.167496,40.434533],[-4.167234,40.433909],[-4.16484,40.432107],[-4.164594,40.431384],[-4.164947,40.430094],[-4.161837,40.42859],[-4.161877,40.428171],[-4.162751,40.427932],[-4.162717,40.426629],[-4.163305,40.426815],[-4.164028,40.426503],[-4.164566,40.425565],[-4.163907,40.424697],[-4.162939,40.424959],[-4.16192,40.424616],[-4.16164,40.424149],[-4.161267,40.424089],[-4.160844,40.423217],[-4.15962,40.423465],[-4.158156,40.421775],[-4.158074,40.420545],[-4.159039,40.420197],[-4.159453,40.419678],[-4.161018,40.419457],[-4.16126,40.417739],[-4.160736,40.416007],[-4.159756,40.416164],[-4.158598,40.415184],[-4.158819,40.41441],[-4.158093,40.414404],[-4.157032,40.414864],[-4.155222,40.413289],[-4.155203,40.412479],[-4.156131,40.411344],[-4.155165,40.408772],[-4.156981,40.407021],[-4.156479,40.40531],[-4.157275,40.404953],[-4.158823,40.405099],[-4.159304,40.404859],[-4.1591,40.404084],[-4.158466,40.403368],[-4.159252,40.401864],[-4.160168,40.400959],[-4.16196,40.400688],[-4.161879,40.400346],[-4.160382,40.399736],[-4.160334,40.398576],[-4.160884,40.39805],[-4.161138,40.397234],[-4.162062,40.396856],[-4.162786,40.396142],[-4.163625,40.396066],[-4.163933,40.395141],[-4.162276,40.393404],[-4.15989,40.392255],[-4.159053,40.390175],[-4.159577,40.388038],[-4.158543,40.385557],[-4.157404,40.384193],[-4.156229,40.383638],[-4.153972,40.38144],[-4.154108,40.379767],[-4.15343,40.378783],[-4.153189,40.377715],[-4.152377,40.376784],[-4.151159,40.376382],[-4.150214,40.374937],[-4.149431,40.371854],[-4.147598,40.370469],[-4.147507,40.369633],[-4.146466,40.368457],[-4.146226,40.367543],[-4.147552,40.366388],[-4.146948,40.364698],[-4.147934,40.364498],[-4.151394,40.362361],[-4.152013,40.35877],[-4.150943,40.356654],[-4.15133,40.356035],[-4.154132,40.355273],[-4.155666,40.354414],[-4.157034,40.354029],[-4.159245,40.354],[-4.1638,40.354626],[-4.16746,40.35426],[-4.172047,40.353451],[-4.177139,40.351531],[-4.180659,40.351312],[-4.181131,40.351047],[-4.182399,40.347774],[-4.184925,40.35013],[-4.185857,40.350206],[-4.185755,40.351554],[-4.188755,40.352174],[-4.187845,40.353098],[-4.188909,40.354095],[-4.188837,40.354477],[-4.187728,40.354195],[-4.187229,40.355471],[-4.184964,40.35542],[-4.185165,40.356719],[-4.186059,40.357406],[-4.187345,40.356922],[-4.187825,40.357111],[-4.187991,40.357592],[-4.187711,40.358231],[-4.18813,40.359685],[-4.192777,40.358913],[-4.193331,40.359104],[-4.193667,40.359612],[-4.194839,40.359826],[-4.195201,40.360185],[-4.19738,40.360924],[-4.197562,40.361308],[-4.195381,40.363182],[-4.195012,40.364024],[-4.195884,40.364574],[-4.196773,40.364294],[-4.19719,40.364544],[-4.197567,40.366573],[-4.195599,40.368257],[-4.19568,40.368562],[-4.194534,40.370351],[-4.19188,40.373259],[-4.191498,40.374072],[-4.186626,40.379051],[-4.1868,40.380664],[-4.188737,40.382688],[-4.189288,40.382833],[-4.191156,40.384499],[-4.190285,40.385242],[-4.190094,40.386014],[-4.190313,40.386799],[-4.191147,40.387945],[-4.192579,40.389133],[-4.192578,40.389664],[-4.194427,40.391873],[-4.193255,40.391917],[-4.181633,40.396286],[-4.177789,40.398816],[-4.178336,40.399382],[-4.178069,40.400024],[-4.178412,40.400754],[-4.180304,40.402519],[-4.18052,40.403368],[-4.182637,40.403301],[-4.18443,40.403614],[-4.185399,40.402812],[-4.186227,40.402777],[-4.188266,40.401535],[-4.194737,40.403381],[-4.197055,40.401685],[-4.198647,40.40167],[-4.201151,40.403355],[-4.202847,40.404064],[-4.205758,40.404244],[-4.209604,40.402933],[-4.211914,40.403015],[-4.215645,40.402181],[-4.217248,40.403895],[-4.221638,40.401221],[-4.223276,40.399664],[-4.22585,40.39791],[-4.22627,40.398177],[-4.227625,40.39698],[-4.231247,40.395172],[-4.232628,40.394092],[-4.235551,40.393287],[-4.241114,40.395713],[-4.24341,40.395258],[-4.246378,40.395812],[-4.253061,40.405302]]]}},{"type":"Feature","id":"municipio-044","properties":{"nombre":"Colmenarejo","tipo":"municipio","contexto":"Comunidad de Madrid"},"geometry":{"type":"Polygon","coordinates":[[[-3.984421,40.517276],[-3.984586,40.516638],[-3.986742,40.51359],[-3.986934,40.51121],[-3.987969,40.508945],[-3.990748,40.505455],[-3.994947,40.5018],[-3.995663,40.501588],[-3.995141,40.500383],[-3.995531,40.499524],[-3.99534,40.499093],[-3.996286,40.497759],[-3.996445,40.494072],[-3.997014,40.493659],[-3.997367,40.493963],[-3.997611,40.49349],[-3.998305,40.493513],[-3.998128,40.493086],[-3.9986,40.49257],[-3.998506,40.491258],[-3.999037,40.490956],[-3.999753,40.489511],[-4.000267,40.489306],[-3.999819,40.488316],[-4.001254,40.4879],[-4.0009,40.487472],[-4.001346,40.486747],[-4.000788,40.486554],[-4.000846,40.485999],[-4.001104,40.485624],[-4.003588,40.486877],[-4.005058,40.486621],[-4.006614,40.487574],[-4.006135,40.488807],[-4.005471,40.489237],[-4.005669,40.490313],[-4.00765,40.490694],[-4.008765,40.491521],[-4.010858,40.490783],[-4.013047,40.49134],[-4.013012,40.492227],[-4.015353,40.493799],[-4.016264,40.4955],[-4.016874,40.495632],[-4.018099,40.495351],[-4.019211,40.496008],[-4.019306,40.497091],[-4.018328,40.497526],[-4.017658,40.498807],[-4.01843,40.499189],[-4.018642,40.499649],[-4.017374,40.501179],[-4.017634,40.504008],[-4.018526,40.505717],[-4.019981,40.507124],[-4.021721,40.509729],[-4.021723,40.510219],[-4.021298,40.51068],[-4.021561,40.511979],[-4.021434,40.513267],[-4.022618,40.514252],[-4.023395,40.516818],[-4.024173,40.517648],[-4.026626,40.518319],[-4.026768,40.51904],[-4.026167,40.522947],[-4.027705,40.524677],[-4.028992,40.525451],[-4.029018,40.526277],[-4.028216,40.527417],[-4.030966,40.529158],[-4.034069,40.529528],[-4.035854,40.530185],[-4.035688,40.53326],[-4.03693,40.533581],[-4.036815,40.534443],[-4.037796,40.534757],[-4.03855,40.53558],[-4.039844,40.535324],[-4.039929,40.53562],[-4.041087,40.536108],[-4.041927,40.536193],[-4.044154,40.53604],[-4.045109,40.536267],[-4.04608,40.535575],[-4.050184,40.535895],[-4.053325,40.536702],[-4.053817,40.538368],[-4.054356,40.539011],[-4.05176,40.545043],[-4.051211,40.547365],[-4.051085,40.54965],[-4.050343,40.551182],[-4.05009,40.55309],[-4.048973,40.555452],[-4.047132,40.572193],[-4.046891,40.573303],[-4.045416,40.576112],[-4.045458,40.577077],[-4.045035,40.578322],[-4.045133,40.57922],[-4.046677,40.580757],[-4.046978,40.581862],[-4.047753,40.582351],[-4.04772,40.5826],[-4.045398,40.583205],[-4.043191,40.583137],[-4.042799,40.584125],[-4.036478,40.582959],[-4.031488,40.583157],[-4.028827,40.580083],[-4.027043,40.578553],[-4.026156,40.578311],[-4.025539,40.573747],[-4.013133,40.567023],[-4.010789,40.564042],[-4.005256,40.561448],[-4.007091,40.557981],[-4.005088,40.555309],[-3.999682,40.54997],[-4.000396,40.549214],[-4.000087,40.548072],[-4.000715,40.54703],[-4.000856,40.545572],[-4.000462,40.545001],[-3.99978,40.544966],[-3.999453,40.544563],[-3.999091,40.542697],[-3.99732,40.540791],[-3.997686,40.540076],[-3.996994,40.538581],[-3.997163,40.538032],[-3.996967,40.537608],[-3.995107,40.53729],[-3.995329,40.534725],[-3.992008,40.533069],[-3.991743,40.532713],[-3.991925,40.531772],[-3.990679,40.531322],[-3.989847,40.530454],[-3.988727,40.530018],[-3.988791,40.529466],[-3.989791,40.52922],[-3.989932,40.528402],[-3.990775,40.528051],[-3.991101,40.527274],[-3.990909,40.526983],[-3.989989,40.526871],[-3.989109,40.526073],[-3.989208,40.525827],[-3.990305,40.525581],[-3.990581,40.525064],[-3.989321,40.524879],[-3.988359,40.523837],[-3.988387,40.523175],[-3.988793,40.52262],[-3.987871,40.522108],[-3.987581,40.521388],[-3.986798,40.521149],[-3.986179,40.520235],[-3.985575,40.51997],[-3.986099,40.519179],[-3.984421,40.517276]]]}},{"type":"Feature","id":"municipio-048","properties":{"nombre":"Corpa","tipo":"municipio","contexto":"Comunidad de Madrid"},"geometry":{"type":"Polygon","coordinates":[[[-3.211157,40.434431],[-3.212014,40.433374],[-3.212225,40.430388],[-3.213605,40.42857],[-3.21485,40.426234],[-3.214623,40.420797],[-3.214906,40.419466],[-3.216033,40.417933],[-3.216077,40.416447],[-3.215879,40.41217],[-3.215232,40.409399],[-3.217031,40.407699],[-3.219319,40.403049],[-3.220885,40.403028],[-3.227083,40.401847],[-3.256978,40.393031],[-3.27132,40.398322],[-3.273479,40.397423],[-3.278568,40.394413],[-3.279199,40.396163],[-3.279927,40.40159],[-3.279805,40.405067],[-3.281279,40.407468],[-3.28331,40.409705],[-3.28489,40.410562],[-3.288083,40.415336],[-3.28789,40.418145],[-3.287262,40.418048],[-3.285833,40.41844],[-3.283309,40.419538],[-3.281938,40.420629],[-3.28072,40.420532],[-3.275834,40.424537],[-3.275687,40.42631],[-3.275995,40.427366],[-3.275329,40.430072],[-3.273413,40.43252],[-3.272872,40.435155],[-3.272162,40.436603],[-3.271013,40.437231],[-3.269347,40.43734],[-3.267418,40.43929],[-3.262545,40.438118],[-3.260416,40.43825],[-3.257098,40.440945],[-3.253259,40.441645],[-3.252621,40.441421],[-3.248941,40.441965],[-3.245036,40.443518],[-3.241997,40.443976],[-3.237851,40.443944],[-3.235204,40.444358],[-3.234298,40.443432],[-3.233573,40.441986],[-3.229462,40.44157],[-3.225968,40.440865],[-3.221943,40.439494],[-3.219151,40.439167],[-3.217119,40.438141],[-3.215886,40.437893],[-3.211157,40.434431]]]}},{"type":"Feature","id":"municipio-049","properties":{"nombre":"Coslada","tipo":"municipio","contexto":"Comunidad de Madrid"},"geometry":{"type":"Polygon","coordinates":[[[-3.579532,40.417338],[-3.577649,40.420247],[-3.576278,40.423893],[-3.575254,40.425574],[-3.577483,40.426013],[-3.576326,40.42968],[-3.576975,40.429835],[-3.579137,40.433156],[-3.579124,40.433624],[-3.575109,40.434102],[-3.575946,40.436743],[-3.573802,40.437672],[-3.568548,40.436211],[-3.566322,40.437434],[-3.564124,40.438061],[-3.561072,40.437958],[-3.559104,40.438446],[-3.551772,40.44169],[-3.54521,40.442616],[-3.541355,40.443627],[-3.540829,40.444634],[-3.537975,40.444312],[-3.538409,40.445011],[-3.535585,40.444708],[-3.534991,40.444957],[-3.535496,40.446478],[-3.533834,40.446252],[-3.531148,40.446873],[-3.531583,40.444129],[-3.530525,40.442024],[-3.530209,40.439984],[-3.527857,40.436582],[-3.528015,40.435533],[-3.526507,40.433295],[-3.532658,40.432117],[-3.532178,40.430024],[-3.538004,40.429815],[-3.537098,40.42556],[-3.536921,40.423437],[-3.535039,40.422901],[-3.533453,40.421708],[-3.534122,40.420884],[-3.53119,40.420084],[-3.530226,40.414715],[-3.532803,40.414114],[-3.535167,40.414415],[-3.53563,40.413151],[-3.536124,40.412909],[-3.536213,40.412518],[-3.537573,40.412474],[-3.53829,40.411427],[-3.539666,40.411592],[-3.539768,40.410492],[-3.549284,40.412324],[-3.550488,40.411942],[-3.553403,40.411688],[-3.555505,40.412027],[-3.558715,40.413074],[-3.564125,40.413532],[-3.568406,40.412946],[-3.570916,40.411962],[-3.5729,40.411768],[-3.57764,40.413663],[-3.578056,40.41499],[-3.579532,40.417338]]]}},{"type":"Feature","id":"municipio-050","properties":{"nombre":"Cubas de la Sagra","tipo":"municipio","contexto":"Comunidad de Madrid"},"geometry":{"type":"Polygon","coordinates":[[[-3.876322,40.191223],[-3.87474,40.194121],[-3.871574,40.198627],[-3.869081,40.201077],[-3.867489,40.200203],[-3.866534,40.201271],[-3.862612,40.199553],[-3.857687,40.199569],[-3.853125,40.200343],[-3.851193,40.201054],[-3.848454,40.201114],[-3.84477,40.201759],[-3.843974,40.203296],[-3.840771,40.203236],[-3.835989,40.201966],[-3.830136,40.20262],[-3.826334,40.203755],[-3.826122,40.205427],[-3.822225,40.205385],[-3.81377,40.203618],[-3.813711,40.200971],[-3.81212,40.19723],[-3.812477,40.195445],[-3.810577,40.195046],[-3.80775,40.195046],[-3.808413,40.193156],[-3.808471,40.192606],[-3.807989,40.192433],[-3.808812,40.189285],[-3.803974,40.18882],[-3.805699,40.182591],[-3.806367,40.178023],[-3.806175,40.177166],[-3.808391,40.177549],[-3.807883,40.179475],[-3.812544,40.178358],[-3.814076,40.179092],[-3.818817,40.179375],[-3.828741,40.178962],[-3.830046,40.179609],[-3.833599,40.178603],[-3.836,40.179253],[-3.839905,40.178946],[-3.84523,40.179149],[-3.848612,40.179965],[-3.853528,40.179385],[-3.85364,40.179908],[-3.854335,40.17993],[-3.858537,40.18253],[-3.858337,40.182931],[-3.859357,40.183237],[-3.866634,40.188078],[-3.871012,40.189865],[-3.876322,40.191223]]]}},{"type":"Feature","id":"municipio-053","properties":{"nombre":"Daganzo de Arriba","tipo":"municipio","contexto":"Comunidad de Madrid"},"geometry":{"type":"Polygon","coordinates":[[[-3.395526,40.574556],[-3.396836,40.573411],[-3.399205,40.570413],[-3.399705,40.569607],[-3.399437,40.569441],[-3.401466,40.567121],[-3.403301,40.56129],[-3.404805,40.560727],[-3.399776,40.558022],[-3.401352,40.556232],[-3.401344,40.55549],[-3.403285,40.555623],[-3.404797,40.554706],[-3.407706,40.551091],[-3.407329,40.55074],[-3.409924,40.548742],[-3.412714,40.549478],[-3.413067,40.548586],[-3.414557,40.54876],[-3.415815,40.545404],[-3.418018,40.545006],[-3.419355,40.544274],[-3.424683,40.545462],[-3.425015,40.543178],[-3.43324,40.543529],[-3.435331,40.541363],[-3.43487,40.539614],[-3.436203,40.538733],[-3.436078,40.537673],[-3.438704,40.538046],[-3.438516,40.535522],[-3.436821,40.530152],[-3.428673,40.530245],[-3.430292,40.524037],[-3.430646,40.518081],[-3.428742,40.517717],[-3.428924,40.510915],[-3.435093,40.508906],[-3.436469,40.509242],[-3.438834,40.5135],[-3.449333,40.511365],[-3.453149,40.512298],[-3.456118,40.510649],[-3.456197,40.509864],[-3.458308,40.510538],[-3.461984,40.510996],[-3.461579,40.512297],[-3.461657,40.51315],[-3.462322,40.513219],[-3.463216,40.513812],[-3.463945,40.515008],[-3.461379,40.515593],[-3.461331,40.517742],[-3.462091,40.518435],[-3.462078,40.519621],[-3.463145,40.520333],[-3.46161,40.521659],[-3.462926,40.522597],[-3.463121,40.523328],[-3.462077,40.523809],[-3.461169,40.526691],[-3.462431,40.526841],[-3.462809,40.528465],[-3.465185,40.529068],[-3.466965,40.531021],[-3.46866,40.531249],[-3.468557,40.532776],[-3.470853,40.53314],[-3.469496,40.537512],[-3.46863,40.539395],[-3.469824,40.539628],[-3.472443,40.538756],[-3.47193,40.540541],[-3.474996,40.54139],[-3.47577,40.542291],[-3.475528,40.544998],[-3.478842,40.545141],[-3.481169,40.548482],[-3.480845,40.550097],[-3.481959,40.551486],[-3.482045,40.553598],[-3.48143,40.554551],[-3.481327,40.555882],[-3.483188,40.555488],[-3.482893,40.557568],[-3.48211,40.559996],[-3.481005,40.561065],[-3.480977,40.56217],[-3.480222,40.564074],[-3.478716,40.566093],[-3.475905,40.568588],[-3.474058,40.571524],[-3.474067,40.571794],[-3.475078,40.572109],[-3.474617,40.573669],[-3.473669,40.574129],[-3.473932,40.574507],[-3.47289,40.576057],[-3.473551,40.577133],[-3.473496,40.577813],[-3.472944,40.578292],[-3.473246,40.578844],[-3.473185,40.580353],[-3.471793,40.58034],[-3.471788,40.581841],[-3.469714,40.583072],[-3.470794,40.585449],[-3.47013,40.586764],[-3.46771,40.58883],[-3.466777,40.591645],[-3.466084,40.595465],[-3.466294,40.596803],[-3.459819,40.602757],[-3.458268,40.603151],[-3.453856,40.607166],[-3.445339,40.616537],[-3.442165,40.617525],[-3.444102,40.612684],[-3.444097,40.611569],[-3.443328,40.61117],[-3.442029,40.611416],[-3.439914,40.609575],[-3.441807,40.605806],[-3.442906,40.605223],[-3.443719,40.603931],[-3.442654,40.599953],[-3.443858,40.597872],[-3.443247,40.595151],[-3.437839,40.59243],[-3.435244,40.58857],[-3.434181,40.588787],[-3.432779,40.586786],[-3.429689,40.585209],[-3.428026,40.58547],[-3.425934,40.584684],[-3.422278,40.582258],[-3.417464,40.58045],[-3.41536,40.580143],[-3.413959,40.578541],[-3.411629,40.578513],[-3.410683,40.577739],[-3.401742,40.578214],[-3.400686,40.57684],[-3.397598,40.577106],[-3.395526,40.574556]]]}},{"type":"Feature","id":"municipio-016","properties":{"nombre":"El Atazar","tipo":"municipio","contexto":"Comunidad de Madrid"},"geometry":{"type":"Polygon","coordinates":[[[-3.421583,40.967285],[-3.421951,40.966629],[-3.426247,40.962472],[-3.428005,40.959883],[-3.430453,40.954766],[-3.432017,40.94946],[-3.434245,40.948056],[-3.436039,40.946128],[-3.435764,40.943892],[-3.436745,40.93976],[-3.436057,40.937669],[-3.435417,40.937563],[-3.436826,40.934595],[-3.437032,40.933498],[-3.438237,40.931518],[-3.442898,40.929113],[-3.448508,40.923058],[-3.448872,40.922423],[-3.448452,40.921491],[-3.448656,40.919851],[-3.448382,40.918717],[-3.450706,40.915683],[-3.450658,40.914133],[-3.451287,40.912865],[-3.453683,40.913918],[-3.455944,40.914259],[-3.458349,40.915131],[-3.459774,40.91487],[-3.461995,40.913514],[-3.463058,40.913561],[-3.463712,40.914175],[-3.463662,40.91489],[-3.461397,40.916647],[-3.461308,40.917504],[-3.462299,40.918001],[-3.46758,40.918599],[-3.468404,40.918297],[-3.468964,40.917634],[-3.467967,40.915314],[-3.468225,40.914601],[-3.469682,40.912908],[-3.470672,40.912202],[-3.473721,40.911995],[-3.474485,40.910978],[-3.475781,40.910902],[-3.476965,40.909279],[-3.477932,40.909711],[-3.478324,40.910939],[-3.477068,40.911604],[-3.47663,40.912408],[-3.47883,40.912837],[-3.480725,40.912747],[-3.481996,40.912245],[-3.482144,40.911334],[-3.481109,40.909574],[-3.481369,40.908741],[-3.481961,40.908428],[-3.48328,40.908767],[-3.486623,40.911137],[-3.487638,40.910972],[-3.489958,40.909643],[-3.492508,40.910477],[-3.49399,40.910221],[-3.495612,40.910517],[-3.496909,40.910297],[-3.497065,40.909813],[-3.501577,40.913793],[-3.501702,40.917187],[-3.502969,40.918575],[-3.503326,40.919637],[-3.502949,40.920186],[-3.503368,40.920851],[-3.50259,40.924557],[-3.499706,40.926776],[-3.49801,40.927669],[-3.496803,40.929447],[-3.496148,40.93225],[-3.496328,40.938227],[-3.495864,40.943693],[-3.492868,40.951268],[-3.489643,40.955696],[-3.488291,40.958008],[-3.484336,40.962809],[-3.483383,40.962859],[-3.482358,40.96412],[-3.481734,40.963602],[-3.480254,40.964013],[-3.478983,40.963953],[-3.479115,40.964362],[-3.480075,40.964956],[-3.480315,40.965735],[-3.481892,40.965635],[-3.478889,40.96671],[-3.475529,40.966807],[-3.462341,40.965129],[-3.448774,40.965255],[-3.448176,40.965147],[-3.448141,40.964732],[-3.447571,40.96428],[-3.444347,40.963891],[-3.44108,40.965424],[-3.439262,40.966846],[-3.437822,40.965912],[-3.433262,40.964938],[-3.421583,40.967285]]]}},{"type":"Feature","id":"municipio-021","properties":{"nombre":"El Berrueco","tipo":"municipio","contexto":"Comunidad de Madrid"},"geometry":{"type":"Polygon","coordinates":[[[-3.602571,40.894447],[-3.599877,40.895051],[-3.594516,40.896839],[-3.582067,40.899269],[-3.573663,40.901232],[-3.572561,40.902101],[-3.572897,40.903137],[-3.571175,40.903253],[-3.570616,40.904175],[-3.567201,40.904223],[-3.565106,40.903608],[-3.562396,40.905895],[-3.560676,40.905312],[-3.557992,40.905044],[-3.55406,40.903691],[-3.549465,40.904166],[-3.548793,40.90382],[-3.54719,40.903995],[-3.546715,40.904377],[-3.545243,40.904685],[-3.544865,40.904571],[-3.543239,40.90295],[-3.542106,40.900912],[-3.540743,40.899277],[-3.540131,40.898715],[-3.538498,40.898446],[-3.536699,40.899304],[-3.5369,40.899997],[-3.537991,40.901472],[-3.535826,40.902718],[-3.532719,40.901134],[-3.530403,40.899411],[-3.528457,40.900453],[-3.525764,40.90136],[-3.522296,40.900086],[-3.520675,40.900097],[-3.518378,40.901392],[-3.517853,40.902125],[-3.517361,40.903685],[-3.517819,40.904929],[-3.513162,40.8949],[-3.514999,40.892579],[-3.516159,40.891964],[-3.51671,40.890955],[-3.517463,40.888017],[-3.518693,40.8855],[-3.520436,40.882343],[-3.523292,40.878951],[-3.523702,40.877456],[-3.524742,40.876126],[-3.527999,40.870252],[-3.528193,40.869458],[-3.529194,40.869246],[-3.529824,40.868511],[-3.531401,40.868008],[-3.533281,40.866801],[-3.534445,40.86572],[-3.534665,40.865183],[-3.535026,40.865312],[-3.536535,40.862448],[-3.53756,40.862317],[-3.539981,40.863055],[-3.541263,40.861521],[-3.542135,40.86095],[-3.543972,40.858422],[-3.543976,40.858074],[-3.546627,40.85621],[-3.547891,40.856184],[-3.549995,40.85761],[-3.552802,40.857736],[-3.554836,40.858542],[-3.557325,40.857032],[-3.564376,40.854341],[-3.568271,40.851963],[-3.571011,40.850992],[-3.571699,40.853289],[-3.575259,40.856947],[-3.578344,40.859057],[-3.586209,40.867995],[-3.586115,40.868953],[-3.58757,40.871572],[-3.590503,40.873764],[-3.591265,40.875451],[-3.592337,40.876086],[-3.594425,40.8781],[-3.598325,40.884793],[-3.598997,40.888736],[-3.599347,40.88867],[-3.599201,40.889097],[-3.601034,40.891109],[-3.602571,40.894447]]]}},{"type":"Feature","id":"municipio-023","properties":{"nombre":"El Boalo","tipo":"municipio","contexto":"Comunidad de Madrid"},"geometry":{"type":"MultiPolygon","coordinates":[[[[-3.930337,40.659358],[-3.929523,40.660806],[-3.929026,40.663724],[-3.922265,40.664666],[-3.92091,40.664227],[-3.918047,40.664159],[-3.916747,40.663691],[-3.918262,40.668237],[-3.920294,40.672755],[-3.919235,40.672846],[-3.917338,40.67188],[-3.914666,40.671719],[-3.911877,40.6726],[-3.90659,40.673182],[-3.902786,40.674307],[-3.903225,40.675415],[-3.902487,40.677555],[-3.902705,40.678615],[-3.903397,40.679003],[-3.907426,40.677643],[-3.909756,40.675639],[-3.913237,40.674721],[-3.915944,40.675304],[-3.915117,40.67591],[-3.911832,40.676703],[-3.908414,40.678453],[-3.907004,40.678756],[-3.903703,40.680555],[-3.902254,40.679342],[-3.901234,40.679349],[-3.90106,40.682142],[-3.899989,40.682997],[-3.899059,40.683229],[-3.897243,40.682904],[-3.896332,40.681989],[-3.892812,40.680543],[-3.891745,40.679345],[-3.891084,40.67922],[-3.890646,40.679548],[-3.888964,40.679453],[-3.88535,40.680257],[-3.883879,40.680208],[-3.882573,40.6806],[-3.881253,40.681424],[-3.878491,40.681381],[-3.87819,40.681807],[-3.875721,40.681153],[-3.873894,40.681091],[-3.877698,40.679053],[-3.878288,40.676379],[-3.876063,40.671392],[-3.875542,40.668152],[-3.873654,40.665139],[-3.869212,40.662197],[-3.868979,40.661694],[-3.873821,40.657256],[-3.880743,40.660578],[-3.884935,40.663445],[-3.889905,40.66591],[-3.892451,40.667535],[-3.896987,40.669483],[-3.898562,40.669995],[-3.903449,40.669642],[-3.906056,40.668377],[-3.906382,40.666721],[-3.905789,40.665187],[-3.905791,40.66299],[-3.905127,40.659121],[-3.904168,40.656339],[-3.905364,40.653175],[-3.909079,40.650961],[-3.912902,40.649466],[-3.919246,40.648578],[-3.917942,40.651771],[-3.915329,40.656017],[-3.916763,40.660151],[-3.923605,40.65839],[-3.925027,40.657682],[-3.928686,40.657143],[-3.930337,40.659358]]],[[[-3.846633,40.669047],[-3.844658,40.672135],[-3.83768,40.673415],[-3.832302,40.676803],[-3.83766,40.667101],[-3.83994,40.666179],[-3.845282,40.66752],[-3.846633,40.669047]]],[[[-3.891673,40.704782],[-3.891764,40.704363],[-3.893437,40.7029],[-3.8955,40.702364],[-3.902489,40.699275],[-3.905611,40.696816],[-3.907923,40.694536],[-3.90804,40.693912],[-3.911044,40.689733],[-3.913044,40.687537],[-3.917788,40.684938],[-3.924658,40.679875],[-3.924337,40.677498],[-3.926683,40.679941],[-3.929773,40.68026],[-3.934134,40.68152],[-3.93714,40.683324],[-3.944735,40.686517],[-3.948918,40.689338],[-3.949762,40.689545],[-3.951834,40.691825],[-3.952453,40.69301],[-3.952326,40.698342],[-3.95289,40.700287],[-3.951819,40.701551],[-3.951649,40.702326],[-3.950359,40.70315],[-3.945409,40.708189],[-3.941261,40.711563],[-3.940725,40.712553],[-3.938532,40.713824],[-3.936824,40.715363],[-3.9331,40.724807],[-3.93335,40.725472],[-3.934175,40.726182],[-3.935457,40.725728],[-3.936467,40.726627],[-3.938088,40.727227],[-3.951214,40.721956],[-3.953467,40.72308],[-3.954511,40.725231],[-3.958214,40.729127],[-3.958268,40.730936],[-3.959926,40.733903],[-3.960098,40.738988],[-3.960493,40.741238],[-3.96041,40.745518],[-3.961057,40.750302],[-3.960148,40.753965],[-3.960592,40.75959],[-3.962716,40.764876],[-3.968603,40.767111],[-3.968015,40.767962],[-3.965122,40.768198],[-3.960267,40.765661],[-3.955059,40.764882],[-3.951843,40.76351],[-3.949945,40.760995],[-3.946997,40.758393],[-3.942064,40.755185],[-3.933491,40.75232],[-3.928832,40.748489],[-3.925117,40.746625],[-3.922743,40.745015],[-3.921023,40.743234],[-3.912486,40.740062],[-3.912171,40.739591],[-3.906924,40.738614],[-3.90566,40.736537],[-3.903549,40.731781],[-3.901005,40.73],[-3.898603,40.723457],[-3.89752,40.71853],[-3.893218,40.714436],[-3.893869,40.709256],[-3.891673,40.704782]]]]}},{"type":"Feature","id":"municipio-054","properties":{"nombre":"El Escorial","tipo":"municipio","contexto":"Comunidad de Madrid"},"geometry":{"type":"Polygon","coordinates":[[[-4.160002,40.562722],[-4.15625,40.563838],[-4.154282,40.56491],[-4.153136,40.565878],[-4.150518,40.56698],[-4.147658,40.567477],[-4.145639,40.56823],[-4.140823,40.572345],[-4.140449,40.574948],[-4.143073,40.57639],[-4.143284,40.577628],[-4.144982,40.579982],[-4.144292,40.581318],[-4.143627,40.584261],[-4.140647,40.588671],[-4.139759,40.589549],[-4.140781,40.589841],[-4.137614,40.591429],[-4.135239,40.594802],[-4.130732,40.59687],[-4.13199,40.598516],[-4.117452,40.605307],[-4.116855,40.606049],[-4.114448,40.61362],[-4.110857,40.613543],[-4.109614,40.613245],[-4.10891,40.612405],[-4.108606,40.612605],[-4.107901,40.614033],[-4.105547,40.615847],[-4.10492,40.616907],[-4.102816,40.618737],[-4.101843,40.621448],[-4.099691,40.62515],[-4.099468,40.627233],[-4.096808,40.628883],[-4.092307,40.63079],[-4.056442,40.637448],[-4.056226,40.635795],[-4.054931,40.634683],[-4.052625,40.634779],[-4.051419,40.634276],[-4.050582,40.632567],[-4.049706,40.632413],[-4.049534,40.63203],[-4.04946,40.631483],[-4.049902,40.630384],[-4.04798,40.629015],[-4.046555,40.62963],[-4.043642,40.62981],[-4.042638,40.629604],[-4.039979,40.630331],[-4.037882,40.630382],[-4.035043,40.629867],[-4.032828,40.630131],[-4.033308,40.628053],[-4.034961,40.626173],[-4.037089,40.624441],[-4.035697,40.623579],[-4.034295,40.621619],[-4.03509,40.620358],[-4.037285,40.618664],[-4.039907,40.615958],[-4.042296,40.612452],[-4.041861,40.61204],[-4.040283,40.611886],[-4.03482,40.608251],[-4.033949,40.602174],[-4.034529,40.601591],[-4.034806,40.599908],[-4.034373,40.598191],[-4.035566,40.595292],[-4.036603,40.593738],[-4.038334,40.591954],[-4.039458,40.592821],[-4.040319,40.591665],[-4.040219,40.59123],[-4.043217,40.588812],[-4.043577,40.588077],[-4.044557,40.583155],[-4.045398,40.583205],[-4.04772,40.5826],[-4.047753,40.582351],[-4.046978,40.581862],[-4.046677,40.580757],[-4.045133,40.57922],[-4.045035,40.578322],[-4.045826,40.57496],[-4.046891,40.573303],[-4.047298,40.570686],[-4.052208,40.570609],[-4.054578,40.569909],[-4.054991,40.571006],[-4.056454,40.571154],[-4.057564,40.571814],[-4.060361,40.572255],[-4.067268,40.569984],[-4.070239,40.568683],[-4.078849,40.567523],[-4.080672,40.566043],[-4.080744,40.565662],[-4.080309,40.56541],[-4.080103,40.56433],[-4.080835,40.564088],[-4.081661,40.564477],[-4.085177,40.56215],[-4.08615,40.561862],[-4.086758,40.561102],[-4.086986,40.559393],[-4.087266,40.559184],[-4.087926,40.55889],[-4.089163,40.559384],[-4.091457,40.558633],[-4.091673,40.558792],[-4.093167,40.557999],[-4.093161,40.557658],[-4.093962,40.55699],[-4.094462,40.557263],[-4.096183,40.556515],[-4.097917,40.556488],[-4.099067,40.55476],[-4.10085,40.553085],[-4.10245,40.552038],[-4.104776,40.548216],[-4.103215,40.547747],[-4.106985,40.543219],[-4.111369,40.544354],[-4.116206,40.543352],[-4.118692,40.542627],[-4.119574,40.541949],[-4.120192,40.540808],[-4.124636,40.538866],[-4.124859,40.538158],[-4.124341,40.537309],[-4.124504,40.536185],[-4.126093,40.534943],[-4.131072,40.529301],[-4.131574,40.528091],[-4.130462,40.525237],[-4.127885,40.522424],[-4.132346,40.518673],[-4.140036,40.522182],[-4.141864,40.5223],[-4.142744,40.521566],[-4.143122,40.520797],[-4.144936,40.521878],[-4.148657,40.521701],[-4.150283,40.522488],[-4.150852,40.524734],[-4.150609,40.527975],[-4.150887,40.529347],[-4.152873,40.531086],[-4.153921,40.531544],[-4.152997,40.531994],[-4.152464,40.531908],[-4.148384,40.533096],[-4.144808,40.532519],[-4.145241,40.535711],[-4.147763,40.538356],[-4.148135,40.539365],[-4.15019,40.539885],[-4.149509,40.542073],[-4.148874,40.542799],[-4.149235,40.546496],[-4.150501,40.550265],[-4.150326,40.551498],[-4.149738,40.552471],[-4.150242,40.554302],[-4.150999,40.554416],[-4.151862,40.555626],[-4.15183,40.557395],[-4.151451,40.557636],[-4.153103,40.559036],[-4.15408,40.560944],[-4.1568,40.561927],[-4.159069,40.561814],[-4.160002,40.562722]]]}},{"type":"Feature","id":"municipio-086","properties":{"nombre":"El Molar","tipo":"municipio","contexto":"Comunidad de Madrid"},"geometry":{"type":"Polygon","coordinates":[[[-3.607973,40.715685],[-3.60743,40.717742],[-3.605196,40.72058],[-3.602821,40.72158],[-3.599321,40.723767],[-3.597379,40.723787],[-3.594923,40.725139],[-3.593333,40.726362],[-3.59116,40.728781],[-3.591218,40.729441],[-3.592346,40.730722],[-3.59383,40.750557],[-3.591215,40.749018],[-3.589983,40.749069],[-3.587162,40.748245],[-3.58491,40.750011],[-3.582127,40.750407],[-3.576735,40.749687],[-3.574256,40.748801],[-3.574011,40.747727],[-3.573063,40.746737],[-3.572407,40.745517],[-3.571106,40.744579],[-3.560493,40.743416],[-3.558569,40.74268],[-3.554562,40.738008],[-3.550673,40.737295],[-3.547206,40.734617],[-3.543967,40.735035],[-3.543183,40.734041],[-3.542483,40.734105],[-3.540861,40.733427],[-3.539486,40.733506],[-3.53815,40.733051],[-3.537399,40.733355],[-3.536476,40.73316],[-3.534812,40.734194],[-3.533253,40.734454],[-3.530663,40.734399],[-3.530317,40.733989],[-3.529698,40.734012],[-3.528871,40.733541],[-3.528,40.733769],[-3.527156,40.733277],[-3.526687,40.732538],[-3.525873,40.732534],[-3.525284,40.729114],[-3.525988,40.726859],[-3.526816,40.725574],[-3.527076,40.724258],[-3.526102,40.722882],[-3.526049,40.720899],[-3.528437,40.715883],[-3.528465,40.714068],[-3.529785,40.712573],[-3.531834,40.71115],[-3.534033,40.708491],[-3.533939,40.705159],[-3.536539,40.703891],[-3.539648,40.700774],[-3.542814,40.699264],[-3.544264,40.69754],[-3.543665,40.695263],[-3.543993,40.691857],[-3.54473,40.690772],[-3.546534,40.691404],[-3.549743,40.691036],[-3.550435,40.690511],[-3.551922,40.690261],[-3.552838,40.689455],[-3.552514,40.688889],[-3.553867,40.686642],[-3.554481,40.684751],[-3.555683,40.683255],[-3.555472,40.682625],[-3.553778,40.681696],[-3.553362,40.679095],[-3.553456,40.678368],[-3.554211,40.677032],[-3.553948,40.67393],[-3.554929,40.671349],[-3.55564,40.6678],[-3.554289,40.665835],[-3.554232,40.665036],[-3.554771,40.664158],[-3.55621,40.662911],[-3.556819,40.661221],[-3.55619,40.65969],[-3.554976,40.65838],[-3.555618,40.656562],[-3.554548,40.655646],[-3.552493,40.651736],[-3.555249,40.650884],[-3.566602,40.650185],[-3.567335,40.648894],[-3.567959,40.644824],[-3.567722,40.643663],[-3.570685,40.643789],[-3.577037,40.64568],[-3.577835,40.64571],[-3.578723,40.645143],[-3.580734,40.644881],[-3.584839,40.645266],[-3.584947,40.64845],[-3.584634,40.648922],[-3.585202,40.652836],[-3.584756,40.65335],[-3.586296,40.654584],[-3.588847,40.656008],[-3.593683,40.654803],[-3.59472,40.656691],[-3.596092,40.65736],[-3.597021,40.658241],[-3.598125,40.661391],[-3.598306,40.662751],[-3.601955,40.670506],[-3.60204,40.671806],[-3.601347,40.672504],[-3.602841,40.674023],[-3.605246,40.680068],[-3.605007,40.683667],[-3.603416,40.686375],[-3.60242,40.687077],[-3.602255,40.689622],[-3.600856,40.691154],[-3.601079,40.693717],[-3.600898,40.6962],[-3.601315,40.696533],[-3.602525,40.702459],[-3.601674,40.704046],[-3.601714,40.70611],[-3.603438,40.709121],[-3.603181,40.710703],[-3.606181,40.714415],[-3.607269,40.714169],[-3.607546,40.714369],[-3.607346,40.71458],[-3.607752,40.714924],[-3.607973,40.715685]]]}},{"type":"Feature","id":"municipio-168","properties":{"nombre":"El Vellón","tipo":"municipio","contexto":"Comunidad de Madrid"},"geometry":{"type":"Polygon","coordinates":[[[-3.610229,40.785892],[-3.601896,40.78912],[-3.599548,40.790645],[-3.597854,40.791067],[-3.592392,40.790557],[-3.590681,40.78995],[-3.585346,40.789817],[-3.583596,40.789448],[-3.580742,40.790748],[-3.580103,40.791399],[-3.578753,40.79161],[-3.577844,40.791437],[-3.576361,40.790536],[-3.574831,40.790583],[-3.574006,40.790905],[-3.565846,40.790148],[-3.561144,40.790681],[-3.55908,40.791728],[-3.557699,40.79198],[-3.552355,40.789751],[-3.550287,40.790383],[-3.545023,40.789213],[-3.537541,40.788636],[-3.536692,40.789222],[-3.533283,40.78982],[-3.532201,40.787978],[-3.529509,40.788743],[-3.523699,40.787506],[-3.520805,40.787683],[-3.518572,40.788338],[-3.512623,40.788851],[-3.509885,40.78766],[-3.509555,40.786349],[-3.508853,40.785147],[-3.508789,40.782069],[-3.509427,40.781174],[-3.510855,40.780225],[-3.511875,40.779],[-3.513157,40.776497],[-3.519186,40.77014],[-3.520199,40.767716],[-3.521036,40.76657],[-3.522486,40.765641],[-3.523851,40.764213],[-3.52494,40.76248],[-3.524989,40.761451],[-3.529582,40.762194],[-3.532364,40.761671],[-3.538192,40.759111],[-3.538631,40.757851],[-3.540111,40.757755],[-3.539761,40.755495],[-3.540884,40.755093],[-3.540895,40.75435],[-3.541291,40.753792],[-3.542426,40.753159],[-3.539013,40.75146],[-3.537717,40.751088],[-3.537345,40.750669],[-3.534255,40.750856],[-3.53336,40.749124],[-3.533987,40.748361],[-3.533939,40.74769],[-3.53504,40.74638],[-3.536838,40.746498],[-3.537907,40.745297],[-3.539792,40.745231],[-3.539367,40.743867],[-3.536282,40.740719],[-3.537153,40.740041],[-3.538094,40.738527],[-3.539358,40.737793],[-3.539909,40.736621],[-3.541087,40.735235],[-3.547206,40.734617],[-3.550673,40.737295],[-3.554562,40.738008],[-3.558569,40.74268],[-3.560493,40.743416],[-3.571106,40.744579],[-3.572407,40.745517],[-3.573063,40.746737],[-3.574011,40.747727],[-3.574256,40.748801],[-3.576735,40.749687],[-3.582127,40.750407],[-3.58491,40.750011],[-3.587162,40.748245],[-3.589983,40.749069],[-3.591215,40.749018],[-3.59383,40.750557],[-3.594719,40.752575],[-3.598286,40.757956],[-3.604077,40.773032],[-3.604448,40.776373],[-3.608561,40.779662],[-3.609328,40.781246],[-3.610229,40.785892]]]}},{"type":"Feature","id":"municipio-004","properties":{"nombre":"El Álamo","tipo":"municipio","contexto":"Comunidad de Madrid"},"geometry":{"type":"Polygon","coordinates":[[[-3.945544,40.224474],[-3.946427,40.22195],[-3.946227,40.220052],[-3.947904,40.220102],[-3.949032,40.22104],[-3.952345,40.214458],[-3.952866,40.212797],[-3.956185,40.211465],[-3.962104,40.212287],[-3.967231,40.211981],[-3.976926,40.211929],[-3.986183,40.210021],[-3.991001,40.209479],[-3.993542,40.212394],[-3.994896,40.212425],[-4.001435,40.217708],[-4.006174,40.21825],[-4.008803,40.219817],[-4.014339,40.224572],[-4.020997,40.231708],[-4.022103,40.233588],[-4.026159,40.235611],[-4.026218,40.236567],[-4.025884,40.237541],[-4.026385,40.239756],[-4.026306,40.241582],[-4.026859,40.243148],[-4.026663,40.244868],[-4.026016,40.246225],[-4.024431,40.248013],[-4.024028,40.248969],[-4.019804,40.249798],[-4.01784,40.249914],[-4.014802,40.250837],[-4.009715,40.253031],[-4.003507,40.256424],[-4.000436,40.256427],[-3.997076,40.255384],[-3.985397,40.253334],[-3.975498,40.252051],[-3.972149,40.25006],[-3.971991,40.24792],[-3.970838,40.246612],[-3.970287,40.244595],[-3.970292,40.241711],[-3.968955,40.239587],[-3.968192,40.235826],[-3.966877,40.234442],[-3.962811,40.231632],[-3.961987,40.229709],[-3.95626,40.226673],[-3.950521,40.22612],[-3.950348,40.22571],[-3.946378,40.224598],[-3.945576,40.224691],[-3.945544,40.224474]]]}},{"type":"Feature","id":"municipio-055","properties":{"nombre":"Estremera","tipo":"municipio","contexto":"Comunidad de Madrid"},"geometry":{"type":"Polygon","coordinates":[[[-3.052983,40.099388],[-3.054353,40.098527],[-3.055761,40.096953],[-3.058655,40.092914],[-3.060707,40.090564],[-3.070753,40.083572],[-3.072631,40.083134],[-3.077393,40.079157],[-3.088802,40.070594],[-3.092214,40.06895],[-3.095356,40.06855],[-3.098065,40.06772],[-3.102678,40.067335],[-3.110701,40.064429],[-3.112265,40.064472],[-3.118189,40.061429],[-3.11668,40.065537],[-3.11621,40.069711],[-3.115512,40.072098],[-3.114515,40.073884],[-3.111622,40.081809],[-3.10964,40.090466],[-3.107512,40.095821],[-3.107547,40.098222],[-3.108277,40.100157],[-3.111496,40.102539],[-3.119038,40.10633],[-3.123479,40.10808],[-3.12523,40.110839],[-3.127697,40.113408],[-3.131196,40.118132],[-3.134022,40.124474],[-3.133995,40.125136],[-3.131065,40.125459],[-3.127929,40.126314],[-3.130334,40.128974],[-3.132508,40.132291],[-3.138394,40.139055],[-3.13928,40.141766],[-3.138932,40.145858],[-3.139686,40.148997],[-3.141264,40.151571],[-3.143773,40.153583],[-3.145198,40.157011],[-3.146647,40.157845],[-3.149764,40.161526],[-3.149128,40.1628],[-3.150909,40.171324],[-3.149569,40.174383],[-3.150783,40.176155],[-3.15124,40.177413],[-3.151355,40.17905],[-3.154015,40.182534],[-3.157529,40.185968],[-3.156937,40.186478],[-3.155317,40.191334],[-3.15449,40.192701],[-3.15354,40.193016],[-3.152144,40.19508],[-3.152584,40.197987],[-3.154357,40.199269],[-3.154687,40.200543],[-3.15887,40.20163],[-3.160163,40.203603],[-3.160906,40.20702],[-3.162633,40.211069],[-3.1596,40.217609],[-3.158378,40.21929],[-3.157702,40.219839],[-3.15494,40.220866],[-3.153416,40.222028],[-3.150904,40.222838],[-3.14923,40.220861],[-3.145741,40.220469],[-3.144224,40.219952],[-3.142161,40.218479],[-3.13938,40.217632],[-3.134653,40.215356],[-3.129277,40.21331],[-3.125234,40.210004],[-3.11926,40.20761],[-3.114644,40.206177],[-3.111498,40.204473],[-3.105878,40.202863],[-3.099898,40.202631],[-3.091272,40.201353],[-3.088234,40.20032],[-3.084638,40.198376],[-3.084719,40.197283],[-3.085776,40.195673],[-3.085414,40.194692],[-3.086586,40.193336],[-3.086699,40.192352],[-3.085543,40.191012],[-3.0844,40.188686],[-3.085784,40.187044],[-3.085759,40.186145],[-3.08312,40.183926],[-3.082593,40.182501],[-3.081995,40.18192],[-3.081467,40.179256],[-3.080962,40.178223],[-3.077127,40.172511],[-3.077753,40.166167],[-3.076832,40.165074],[-3.072629,40.162393],[-3.070466,40.161868],[-3.068781,40.159933],[-3.067845,40.157914],[-3.068042,40.157326],[-3.068773,40.156642],[-3.071695,40.155987],[-3.076176,40.156968],[-3.078013,40.157111],[-3.083043,40.15941],[-3.08326,40.159888],[-3.082287,40.161193],[-3.082491,40.161754],[-3.085174,40.163638],[-3.086727,40.163843],[-3.089276,40.16297],[-3.091607,40.160239],[-3.092498,40.158755],[-3.094284,40.157251],[-3.096504,40.15589],[-3.09756,40.153915],[-3.09774,40.153052],[-3.097322,40.152391],[-3.093505,40.150936],[-3.09319,40.15051],[-3.094044,40.149089],[-3.096468,40.147386],[-3.096143,40.145317],[-3.096755,40.142389],[-3.094928,40.142859],[-3.094394,40.142719],[-3.094212,40.142265],[-3.094412,40.141597],[-3.093477,40.140408],[-3.09407,40.139658],[-3.092959,40.138829],[-3.092605,40.139264],[-3.092979,40.140016],[-3.092853,40.140415],[-3.090792,40.141577],[-3.090187,40.141607],[-3.089713,40.140704],[-3.088535,40.14035],[-3.088091,40.139823],[-3.089463,40.140003],[-3.089964,40.139757],[-3.089769,40.139453],[-3.089036,40.139321],[-3.08865,40.138605],[-3.087825,40.138636],[-3.08659,40.139275],[-3.085191,40.138858],[-3.084731,40.138031],[-3.084788,40.137473],[-3.083321,40.1368],[-3.082717,40.135355],[-3.082378,40.135119],[-3.080059,40.13552],[-3.078797,40.135253],[-3.078016,40.135759],[-3.077212,40.135577],[-3.077071,40.135207],[-3.07751,40.133155],[-3.077329,40.132632],[-3.075529,40.132442],[-3.074149,40.131151],[-3.072374,40.131137],[-3.072546,40.129971],[-3.074117,40.12973],[-3.074389,40.12942],[-3.074391,40.128564],[-3.073713,40.127988],[-3.073677,40.127318],[-3.073321,40.126851],[-3.072904,40.126686],[-3.071882,40.12695],[-3.071486,40.126674],[-3.072705,40.125932],[-3.072895,40.125472],[-3.07083,40.124151],[-3.070545,40.122916],[-3.070209,40.122561],[-3.066632,40.122698],[-3.064936,40.121979],[-3.065575,40.120325],[-3.067979,40.119649],[-3.067583,40.118524],[-3.066288,40.118671],[-3.065778,40.11838],[-3.06407,40.116791],[-3.06486,40.116337],[-3.064598,40.115904],[-3.063381,40.115347],[-3.061875,40.115309],[-3.061941,40.114426],[-3.061516,40.11401],[-3.061676,40.113574],[-3.061477,40.113311],[-3.060214,40.113235],[-3.057218,40.114064],[-3.056194,40.113743],[-3.056033,40.112194],[-3.057472,40.111926],[-3.057766,40.111453],[-3.0562,40.109562],[-3.056077,40.108512],[-3.055325,40.107676],[-3.054188,40.107157],[-3.053531,40.106498],[-3.054155,40.105227],[-3.0561,40.105724],[-3.056503,40.105379],[-3.05655,40.104888],[-3.055621,40.102304],[-3.05371,40.100541],[-3.052983,40.099388]]]}},{"type":"Feature","id":"municipio-056","properties":{"nombre":"Fresnedillas de la Oliva","tipo":"municipio","contexto":"Comunidad de Madrid"},"geometry":{"type":"Polygon","coordinates":[[[-4.218298,40.457613],[-4.216141,40.459782],[-4.214675,40.460233],[-4.214657,40.460621],[-4.215219,40.460881],[-4.215452,40.461597],[-4.215048,40.462461],[-4.214539,40.462621],[-4.214974,40.463878],[-4.214585,40.464543],[-4.214611,40.465147],[-4.215262,40.465438],[-4.215151,40.466124],[-4.215469,40.46641],[-4.21522,40.467085],[-4.215683,40.467648],[-4.21594,40.469296],[-4.213971,40.470698],[-4.214248,40.471967],[-4.213296,40.472601],[-4.213262,40.474642],[-4.214182,40.476592],[-4.214045,40.477588],[-4.214252,40.477882],[-4.214082,40.478394],[-4.213518,40.478564],[-4.213406,40.479419],[-4.213781,40.480231],[-4.212862,40.481611],[-4.212992,40.482141],[-4.212541,40.48249],[-4.213105,40.483445],[-4.212492,40.484204],[-4.212339,40.48512],[-4.211771,40.485974],[-4.209738,40.487332],[-4.209733,40.488864],[-4.209178,40.488897],[-4.20899,40.489184],[-4.209147,40.490006],[-4.20861,40.490517],[-4.208374,40.49138],[-4.208764,40.495771],[-4.208543,40.497085],[-4.207911,40.498506],[-4.201167,40.497516],[-4.202608,40.499112],[-4.199609,40.499957],[-4.19763,40.498706],[-4.195438,40.49878],[-4.188353,40.501337],[-4.183079,40.504557],[-4.17766,40.50843],[-4.172616,40.508155],[-4.16757,40.508723],[-4.16118,40.510078],[-4.150169,40.509947],[-4.146244,40.509637],[-4.144772,40.509067],[-4.143504,40.508422],[-4.142364,40.507492],[-4.142077,40.50664],[-4.141229,40.506229],[-4.144041,40.503741],[-4.145931,40.502536],[-4.145714,40.502302],[-4.152375,40.493205],[-4.15202,40.49186],[-4.153331,40.489571],[-4.153663,40.487066],[-4.152883,40.4856],[-4.154643,40.483528],[-4.155982,40.482472],[-4.15599,40.481498],[-4.157025,40.479114],[-4.159258,40.47757],[-4.162329,40.470088],[-4.162493,40.468498],[-4.161951,40.466997],[-4.162475,40.467118],[-4.16344,40.466772],[-4.164018,40.466129],[-4.16529,40.465746],[-4.165868,40.465091],[-4.167365,40.464587],[-4.168146,40.464633],[-4.16864,40.46434],[-4.169969,40.464605],[-4.171144,40.464078],[-4.172019,40.463421],[-4.172433,40.462205],[-4.173422,40.461885],[-4.17452,40.460658],[-4.174528,40.459841],[-4.175179,40.459253],[-4.175569,40.455829],[-4.174475,40.455444],[-4.174155,40.454738],[-4.17575,40.45348],[-4.17727,40.448884],[-4.172869,40.44656],[-4.17179,40.443528],[-4.169739,40.440015],[-4.170108,40.438444],[-4.169735,40.437511],[-4.169864,40.43688],[-4.1732,40.437321],[-4.17375,40.437976],[-4.174727,40.438183],[-4.176871,40.439423],[-4.180428,40.441579],[-4.181826,40.443259],[-4.189712,40.447648],[-4.193646,40.450917],[-4.200559,40.455167],[-4.205874,40.455046],[-4.207217,40.454047],[-4.207012,40.453077],[-4.208472,40.4515],[-4.214418,40.447826],[-4.216992,40.452258],[-4.218119,40.455028],[-4.217589,40.456814],[-4.218298,40.457613]]]}},{"type":"Feature","id":"municipio-057","properties":{"nombre":"Fresno de Torote","tipo":"municipio","contexto":"Comunidad de Madrid"},"geometry":{"type":"Polygon","coordinates":[[[-3.371261,40.62543],[-3.375324,40.622039],[-3.3744,40.620587],[-3.377126,40.617825],[-3.375568,40.6168],[-3.37359,40.615973],[-3.374399,40.614784],[-3.375074,40.614309],[-3.380897,40.611959],[-3.3812,40.610721],[-3.383596,40.609939],[-3.382185,40.608166],[-3.382526,40.606977],[-3.381312,40.606439],[-3.384486,40.604503],[-3.38572,40.604077],[-3.384539,40.602076],[-3.383738,40.601296],[-3.384036,40.600563],[-3.383548,40.600041],[-3.38505,40.598419],[-3.383715,40.596058],[-3.383927,40.594639],[-3.384806,40.593859],[-3.385555,40.592587],[-3.385516,40.591277],[-3.384688,40.589361],[-3.383462,40.589586],[-3.382226,40.588824],[-3.383676,40.587057],[-3.381526,40.584552],[-3.382547,40.584398],[-3.383093,40.582841],[-3.385784,40.580072],[-3.387813,40.579845],[-3.389282,40.578963],[-3.388616,40.578304],[-3.389393,40.577417],[-3.38861,40.576937],[-3.388206,40.575971],[-3.388561,40.574439],[-3.39127,40.57192],[-3.392987,40.5715],[-3.394644,40.572987],[-3.395526,40.574556],[-3.397598,40.577106],[-3.400686,40.57684],[-3.401742,40.578214],[-3.410683,40.577739],[-3.411629,40.578513],[-3.413959,40.578541],[-3.41536,40.580143],[-3.417464,40.58045],[-3.422278,40.582258],[-3.425934,40.584684],[-3.428026,40.58547],[-3.429689,40.585209],[-3.432779,40.586786],[-3.434181,40.588787],[-3.435244,40.58857],[-3.437839,40.59243],[-3.443247,40.595151],[-3.443858,40.597872],[-3.442654,40.599953],[-3.443719,40.603931],[-3.442906,40.605223],[-3.441807,40.605806],[-3.439914,40.609575],[-3.442029,40.611416],[-3.443328,40.61117],[-3.444097,40.611569],[-3.444102,40.612684],[-3.44213,40.617532],[-3.442077,40.618365],[-3.441203,40.618625],[-3.441473,40.619111],[-3.442862,40.620048],[-3.441644,40.621041],[-3.438084,40.622813],[-3.439164,40.623211],[-3.438487,40.625895],[-3.43783,40.626609],[-3.436879,40.627143],[-3.434529,40.626665],[-3.43252,40.627954],[-3.430878,40.630148],[-3.427489,40.633478],[-3.427847,40.634821],[-3.42746,40.635085],[-3.427347,40.635764],[-3.426041,40.6368],[-3.425044,40.639165],[-3.423545,40.639372],[-3.422244,40.64062],[-3.422129,40.642327],[-3.42158,40.643219],[-3.421373,40.644276],[-3.420273,40.645845],[-3.419142,40.645793],[-3.41735,40.64516],[-3.416243,40.645215],[-3.400923,40.638708],[-3.396049,40.636971],[-3.390273,40.634485],[-3.384544,40.631141],[-3.37679,40.628746],[-3.374442,40.626137],[-3.372484,40.626159],[-3.371261,40.62543]]]}},{"type":"Feature","id":"municipio-058","properties":{"nombre":"Fuenlabrada","tipo":"municipio","contexto":"Comunidad de Madrid"},"geometry":{"type":"Polygon","coordinates":[[[-3.739301,40.270895],[-3.741267,40.2536],[-3.746905,40.254537],[-3.748409,40.252207],[-3.750238,40.251391],[-3.751322,40.252335],[-3.75342,40.251232],[-3.755996,40.250424],[-3.758384,40.255108],[-3.761682,40.255207],[-3.761608,40.255701],[-3.763487,40.255735],[-3.764705,40.254103],[-3.766549,40.252841],[-3.774964,40.25015],[-3.775254,40.250483],[-3.776543,40.250675],[-3.781031,40.250615],[-3.789369,40.249807],[-3.793067,40.249877],[-3.796309,40.25108],[-3.798507,40.250904],[-3.798437,40.250531],[-3.800967,40.250241],[-3.802985,40.25537],[-3.805209,40.258088],[-3.806889,40.260765],[-3.809591,40.270138],[-3.810688,40.276862],[-3.814435,40.27715],[-3.819628,40.276943],[-3.827303,40.277442],[-3.830236,40.277032],[-3.835343,40.277034],[-3.837581,40.276732],[-3.839358,40.276958],[-3.838667,40.278108],[-3.839284,40.279443],[-3.839745,40.281856],[-3.840636,40.283571],[-3.840718,40.285021],[-3.841194,40.286321],[-3.842381,40.287949],[-3.843775,40.291748],[-3.843004,40.293459],[-3.84326,40.294798],[-3.844447,40.29545],[-3.846432,40.297179],[-3.847426,40.298288],[-3.848128,40.299667],[-3.849321,40.300396],[-3.848236,40.301853],[-3.846616,40.303168],[-3.844548,40.302491],[-3.84382,40.302718],[-3.844039,40.304384],[-3.843741,40.305411],[-3.842464,40.306074],[-3.843222,40.30784],[-3.842995,40.308218],[-3.841898,40.30848],[-3.842108,40.311313],[-3.84305,40.314876],[-3.842112,40.314562],[-3.841645,40.31477],[-3.841551,40.316539],[-3.843589,40.320025],[-3.843388,40.32295],[-3.843972,40.324218],[-3.837955,40.324552],[-3.835746,40.325227],[-3.8314,40.32528],[-3.828282,40.326216],[-3.820385,40.327194],[-3.81816,40.327793],[-3.816918,40.324656],[-3.816164,40.321574],[-3.813726,40.316085],[-3.812819,40.312379],[-3.812905,40.310159],[-3.812193,40.303824],[-3.809411,40.301815],[-3.805701,40.3003],[-3.803482,40.29876],[-3.795246,40.298046],[-3.789251,40.296311],[-3.787016,40.296466],[-3.784009,40.296181],[-3.783142,40.295754],[-3.780223,40.29532],[-3.779808,40.295709],[-3.778466,40.295483],[-3.777502,40.294432],[-3.774551,40.292704],[-3.773366,40.292544],[-3.771311,40.293707],[-3.766804,40.294843],[-3.762716,40.294137],[-3.761743,40.294208],[-3.754838,40.277437],[-3.752648,40.277043],[-3.75216,40.276651],[-3.748307,40.27539],[-3.748727,40.274796],[-3.747578,40.274339],[-3.747785,40.273875],[-3.745546,40.272886],[-3.742861,40.271045],[-3.739301,40.270895]]]}},{"type":"Feature","id":"municipio-059","properties":{"nombre":"Fuente el Saz de Jarama","tipo":"municipio","contexto":"Comunidad de Madrid"},"geometry":{"type":"Polygon","coordinates":[[[-3.48118,40.664279],[-3.482538,40.664135],[-3.48282,40.661512],[-3.485077,40.660423],[-3.486738,40.660371],[-3.486489,40.66003],[-3.486973,40.658736],[-3.487887,40.657769],[-3.487981,40.652833],[-3.487315,40.652736],[-3.487906,40.65204],[-3.489241,40.646936],[-3.48887,40.646461],[-3.488667,40.644958],[-3.489189,40.644944],[-3.489442,40.644],[-3.488446,40.640378],[-3.489169,40.639879],[-3.488926,40.639244],[-3.48957,40.639168],[-3.490448,40.637092],[-3.490833,40.637088],[-3.491349,40.635337],[-3.490597,40.635153],[-3.489867,40.633369],[-3.490022,40.633141],[-3.489459,40.63228],[-3.490082,40.630429],[-3.489998,40.629767],[-3.491194,40.629117],[-3.49142,40.628345],[-3.490719,40.626395],[-3.491116,40.626286],[-3.490662,40.62506],[-3.49469,40.624871],[-3.497559,40.625362],[-3.50388,40.625576],[-3.503043,40.624573],[-3.502465,40.622537],[-3.502278,40.621628],[-3.502706,40.621498],[-3.502422,40.61992],[-3.503451,40.619607],[-3.503701,40.620357],[-3.507079,40.619703],[-3.509703,40.618545],[-3.513961,40.618081],[-3.515341,40.617703],[-3.515638,40.617235],[-3.516397,40.617485],[-3.520308,40.616053],[-3.523789,40.615693],[-3.524433,40.613986],[-3.527357,40.614051],[-3.527532,40.613737],[-3.528983,40.61431],[-3.529419,40.61353],[-3.532168,40.614478],[-3.532232,40.614291],[-3.533496,40.615734],[-3.534153,40.615463],[-3.535351,40.615595],[-3.535082,40.616261],[-3.536375,40.616367],[-3.536469,40.616052],[-3.537672,40.616155],[-3.543195,40.612452],[-3.543169,40.613231],[-3.545319,40.613583],[-3.549715,40.613422],[-3.549883,40.612644],[-3.551082,40.612668],[-3.551782,40.611491],[-3.553823,40.611253],[-3.555227,40.611581],[-3.555393,40.61114],[-3.557524,40.611663],[-3.55749,40.611962],[-3.559638,40.612268],[-3.559288,40.613838],[-3.560197,40.61405],[-3.560298,40.614542],[-3.559063,40.615584],[-3.558996,40.617624],[-3.559858,40.622873],[-3.559271,40.623847],[-3.558317,40.624639],[-3.558407,40.624835],[-3.560078,40.623844],[-3.560928,40.623697],[-3.560516,40.626115],[-3.560715,40.627211],[-3.563834,40.631765],[-3.564227,40.633019],[-3.563623,40.635713],[-3.561962,40.638837],[-3.561018,40.638903],[-3.560195,40.638533],[-3.560034,40.636424],[-3.558996,40.635658],[-3.557985,40.635553],[-3.556886,40.63582],[-3.556233,40.636302],[-3.555818,40.637086],[-3.555827,40.639024],[-3.55633,40.640077],[-3.557579,40.641896],[-3.558591,40.642299],[-3.559746,40.643314],[-3.560443,40.644662],[-3.559189,40.650541],[-3.555249,40.650884],[-3.552493,40.651736],[-3.554548,40.655646],[-3.555618,40.656562],[-3.554976,40.65838],[-3.55619,40.65969],[-3.556744,40.660951],[-3.548353,40.660392],[-3.546337,40.661772],[-3.546292,40.663034],[-3.542663,40.660814],[-3.540284,40.661178],[-3.53264,40.664219],[-3.532354,40.666083],[-3.52725,40.667926],[-3.525234,40.670375],[-3.516774,40.671776],[-3.508489,40.670754],[-3.502735,40.671069],[-3.496929,40.670956],[-3.492282,40.670293],[-3.49098,40.670505],[-3.491162,40.669067],[-3.486544,40.669046],[-3.484736,40.668068],[-3.482793,40.667953],[-3.48118,40.664279]]]}},{"type":"Feature","id":"municipio-060","properties":{"nombre":"Fuentidueña de Tajo","tipo":"municipio","contexto":"Comunidad de Madrid"},"geometry":{"type":"Polygon","coordinates":[[[-3.204597,40.10926],[-3.204463,40.115416],[-3.201946,40.120464],[-3.203263,40.127895],[-3.203174,40.130142],[-3.203051,40.132423],[-3.202333,40.135578],[-3.200561,40.139133],[-3.199777,40.142771],[-3.199673,40.146331],[-3.20061,40.149711],[-3.200278,40.151685],[-3.198902,40.154766],[-3.196814,40.157212],[-3.189759,40.156732],[-3.186338,40.157188],[-3.18313,40.156913],[-3.180397,40.157849],[-3.179905,40.159158],[-3.177335,40.158861],[-3.17582,40.157439],[-3.172739,40.155624],[-3.172562,40.155229],[-3.167057,40.155956],[-3.166295,40.155421],[-3.160299,40.155831],[-3.158661,40.155578],[-3.153527,40.159034],[-3.151703,40.161045],[-3.149764,40.161526],[-3.146647,40.157845],[-3.145198,40.157011],[-3.143773,40.153583],[-3.141264,40.151571],[-3.139686,40.148997],[-3.138932,40.145858],[-3.13928,40.141766],[-3.138394,40.139055],[-3.132508,40.132291],[-3.130334,40.128974],[-3.127929,40.126314],[-3.131065,40.125459],[-3.133995,40.125136],[-3.134022,40.124474],[-3.131196,40.118132],[-3.127697,40.113408],[-3.12523,40.110839],[-3.123479,40.10808],[-3.119038,40.10633],[-3.111496,40.102539],[-3.108277,40.100157],[-3.107432,40.097554],[-3.107512,40.095821],[-3.10964,40.090466],[-3.111622,40.081809],[-3.114515,40.073884],[-3.115512,40.072098],[-3.11621,40.069711],[-3.11668,40.065537],[-3.118189,40.061429],[-3.121975,40.061593],[-3.125088,40.062191],[-3.129092,40.062152],[-3.1327,40.062637],[-3.134117,40.062451],[-3.140833,40.063198],[-3.145239,40.064843],[-3.149613,40.066024],[-3.152704,40.065691],[-3.157942,40.064475],[-3.160844,40.06469],[-3.161601,40.064879],[-3.161234,40.069181],[-3.162008,40.070515],[-3.162893,40.070853],[-3.161631,40.074749],[-3.162558,40.076963],[-3.163166,40.083709],[-3.163914,40.083696],[-3.168047,40.085139],[-3.168028,40.086405],[-3.166746,40.088499],[-3.166082,40.090748],[-3.166446,40.09111],[-3.168487,40.090629],[-3.170984,40.0907],[-3.174917,40.09148],[-3.176134,40.09137],[-3.177562,40.092163],[-3.178313,40.09215],[-3.17959,40.091374],[-3.180552,40.090323],[-3.180403,40.089274],[-3.18104,40.08821],[-3.180469,40.087955],[-3.178633,40.088081],[-3.17623,40.087486],[-3.176187,40.08705],[-3.177995,40.0853],[-3.180072,40.084316],[-3.181012,40.084392],[-3.183035,40.085486],[-3.183636,40.085523],[-3.184444,40.083391],[-3.18559,40.081893],[-3.186078,40.081665],[-3.187297,40.081686],[-3.187964,40.082017],[-3.19001,40.083601],[-3.191959,40.085655],[-3.194846,40.086861],[-3.195869,40.086965],[-3.198365,40.085373],[-3.201036,40.085587],[-3.200742,40.088058],[-3.201226,40.089319],[-3.201873,40.095421],[-3.201202,40.096984],[-3.202267,40.106815],[-3.204597,40.10926]]]}},{"type":"Feature","id":"municipio-061","properties":{"nombre":"Galapagar","tipo":"municipio","contexto":"Comunidad de Madrid"},"geometry":{"type":"Polygon","coordinates":[[[-4.044557,40.583155],[-4.043577,40.588077],[-4.043217,40.588812],[-4.040219,40.59123],[-4.040319,40.591665],[-4.039458,40.592821],[-4.038334,40.591954],[-4.036603,40.593738],[-4.035566,40.595292],[-4.034373,40.598191],[-4.034806,40.599908],[-4.034529,40.601591],[-4.033949,40.602174],[-4.03482,40.608251],[-4.040283,40.611886],[-4.041861,40.61204],[-4.042296,40.612452],[-4.039907,40.615958],[-4.037285,40.618664],[-4.03509,40.620358],[-4.034295,40.621619],[-4.035697,40.623579],[-4.037089,40.624441],[-4.034961,40.626173],[-4.033308,40.628053],[-4.032973,40.630049],[-4.031808,40.630242],[-4.028734,40.629879],[-4.025388,40.630317],[-4.025612,40.628632],[-4.025072,40.628184],[-4.026588,40.625302],[-4.021663,40.620206],[-4.018543,40.618671],[-4.011674,40.616628],[-4.005917,40.61619],[-4.00434,40.616278],[-4.000849,40.617089],[-3.997532,40.617374],[-3.994352,40.618447],[-3.990825,40.618788],[-3.989947,40.619179],[-3.983202,40.619394],[-3.980206,40.620022],[-3.978998,40.621959],[-3.978072,40.622651],[-3.977346,40.623794],[-3.974788,40.62592],[-3.973956,40.627103],[-3.972251,40.627304],[-3.96968,40.628846],[-3.968225,40.629002],[-3.967673,40.629386],[-3.964743,40.629317],[-3.963484,40.629587],[-3.962952,40.630191],[-3.961558,40.630652],[-3.9612,40.631309],[-3.960608,40.631331],[-3.958427,40.633025],[-3.958086,40.632853],[-3.957935,40.632135],[-3.958491,40.624155],[-3.96004,40.619094],[-3.958837,40.617171],[-3.959232,40.60966],[-3.959071,40.60167],[-3.95459,40.598862],[-3.951221,40.595499],[-3.95201,40.593853],[-3.953039,40.592688],[-3.954585,40.588431],[-3.955971,40.585762],[-3.956601,40.583624],[-3.956179,40.583574],[-3.958862,40.579711],[-3.959555,40.579606],[-3.959317,40.578927],[-3.959498,40.577875],[-3.95909,40.577359],[-3.959661,40.576949],[-3.957623,40.573105],[-3.956998,40.570603],[-3.957177,40.569499],[-3.956414,40.567661],[-3.957376,40.56622],[-3.957952,40.564338],[-3.95704,40.562404],[-3.954594,40.561493],[-3.954083,40.561036],[-3.953779,40.560292],[-3.954408,40.558639],[-3.95417,40.557837],[-3.953,40.557124],[-3.951673,40.557071],[-3.951541,40.55803],[-3.951778,40.558399],[-3.950746,40.559168],[-3.950749,40.559993],[-3.949536,40.560248],[-3.947519,40.559225],[-3.947131,40.556803],[-3.945795,40.555775],[-3.945135,40.553343],[-3.945915,40.546831],[-3.949782,40.539737],[-3.949323,40.53896],[-3.947686,40.537968],[-3.947553,40.53683],[-3.947102,40.536001],[-3.944826,40.534823],[-3.943091,40.53329],[-3.941386,40.532304],[-3.940368,40.531471],[-3.939601,40.530271],[-3.939906,40.527931],[-3.938945,40.525807],[-3.940229,40.522997],[-3.940495,40.521266],[-3.939776,40.520062],[-3.93962,40.518903],[-3.940159,40.517713],[-3.942043,40.516103],[-3.942189,40.51517],[-3.941815,40.514015],[-3.940705,40.512678],[-3.938819,40.512442],[-3.937437,40.511624],[-3.937892,40.51094],[-3.939923,40.509479],[-3.940201,40.508993],[-3.940078,40.508466],[-3.942401,40.507894],[-3.945107,40.508532],[-3.945309,40.508848],[-3.944819,40.509591],[-3.945164,40.50987],[-3.945732,40.508995],[-3.946368,40.509541],[-3.948875,40.51037],[-3.950405,40.510075],[-3.951103,40.510775],[-3.951335,40.511897],[-3.952059,40.511278],[-3.952275,40.511958],[-3.952876,40.511985],[-3.953908,40.512576],[-3.954243,40.513834],[-3.95543,40.513762],[-3.956033,40.514526],[-3.956821,40.514746],[-3.957191,40.515243],[-3.957441,40.515041],[-3.957807,40.515441],[-3.958397,40.515512],[-3.958968,40.516009],[-3.95964,40.515563],[-3.960519,40.515981],[-3.962497,40.515916],[-3.963661,40.51683],[-3.963687,40.517185],[-3.964525,40.518054],[-3.965068,40.518069],[-3.966434,40.518941],[-3.96778,40.518763],[-3.969526,40.519002],[-3.971361,40.51819],[-3.975163,40.51834],[-3.98268,40.517301],[-3.984586,40.516638],[-3.984478,40.517586],[-3.986128,40.519248],[-3.985575,40.51997],[-3.986179,40.520235],[-3.986798,40.521149],[-3.987581,40.521388],[-3.987871,40.522108],[-3.988793,40.52262],[-3.988258,40.52367],[-3.989273,40.52485],[-3.990581,40.525064],[-3.990305,40.525581],[-3.989208,40.525827],[-3.989109,40.526073],[-3.989989,40.526871],[-3.990909,40.526983],[-3.991101,40.527274],[-3.990775,40.528051],[-3.989932,40.528402],[-3.989791,40.52922],[-3.988791,40.529466],[-3.988727,40.530018],[-3.989847,40.530454],[-3.990679,40.531322],[-3.991925,40.531772],[-3.991743,40.532713],[-3.992008,40.533069],[-3.995388,40.534805],[-3.995107,40.53729],[-3.996967,40.537608],[-3.997163,40.538032],[-3.996994,40.538581],[-3.997686,40.540076],[-3.99732,40.540791],[-3.999091,40.542697],[-3.999453,40.544563],[-3.99978,40.544966],[-4.000462,40.545001],[-4.000873,40.545631],[-4.000715,40.54703],[-4.000087,40.548072],[-4.000396,40.549214],[-3.999682,40.54997],[-4.005088,40.555309],[-4.007091,40.557981],[-4.005256,40.561448],[-4.010789,40.564042],[-4.013133,40.567023],[-4.025539,40.573747],[-4.026156,40.578311],[-4.027043,40.578553],[-4.028827,40.580083],[-4.031488,40.583157],[-4.036478,40.582959],[-4.042799,40.584125],[-4.043191,40.583137],[-4.044557,40.583155]]]}},{"type":"Feature","id":"municipio-062","properties":{"nombre":"Garganta de los Montes","tipo":"municipio","contexto":"Comunidad de Madrid"},"geometry":{"type":"Polygon","coordinates":[[[-3.725303,40.935012],[-3.722714,40.934687],[-3.721076,40.93549],[-3.719111,40.935668],[-3.717572,40.936649],[-3.716437,40.937974],[-3.713283,40.939405],[-3.713732,40.94106],[-3.715266,40.942345],[-3.717142,40.94284],[-3.716616,40.943305],[-3.714734,40.943756],[-3.71252,40.945052],[-3.709766,40.944795],[-3.70748,40.945367],[-3.706807,40.94594],[-3.707424,40.947223],[-3.706786,40.947893],[-3.703598,40.94804],[-3.701911,40.948516],[-3.700556,40.949291],[-3.697586,40.949831],[-3.697005,40.950327],[-3.696427,40.953184],[-3.695448,40.954021],[-3.689817,40.953644],[-3.686133,40.954966],[-3.68536,40.956594],[-3.685341,40.957327],[-3.685954,40.95883],[-3.684901,40.962797],[-3.683405,40.964055],[-3.679229,40.964971],[-3.679065,40.965461],[-3.679662,40.966794],[-3.67955,40.967424],[-3.67805,40.967286],[-3.675931,40.967864],[-3.674502,40.968595],[-3.673483,40.969817],[-3.674327,40.970722],[-3.674259,40.97144],[-3.672237,40.972222],[-3.670865,40.970212],[-3.668397,40.970291],[-3.667952,40.971216],[-3.667945,40.972672],[-3.669639,40.974578],[-3.669703,40.97514],[-3.667446,40.977465],[-3.66569,40.978645],[-3.664466,40.978427],[-3.660852,40.975547],[-3.65895,40.975468],[-3.656963,40.976354],[-3.657135,40.974078],[-3.656489,40.973541],[-3.652083,40.976417],[-3.649004,40.976975],[-3.647522,40.976464],[-3.648216,40.974523],[-3.651193,40.970883],[-3.652602,40.967883],[-3.653524,40.964934],[-3.653439,40.963352],[-3.654006,40.962264],[-3.654088,40.959534],[-3.652726,40.959684],[-3.650491,40.958649],[-3.647937,40.955702],[-3.644461,40.9537],[-3.646888,40.944521],[-3.646184,40.942837],[-3.647442,40.938535],[-3.651033,40.93254],[-3.65468,40.928142],[-3.662264,40.924381],[-3.66258,40.923925],[-3.662564,40.922918],[-3.663111,40.922243],[-3.663178,40.921471],[-3.662851,40.918387],[-3.667758,40.912083],[-3.66951,40.906721],[-3.674715,40.893652],[-3.67533,40.892196],[-3.676496,40.891454],[-3.676781,40.88978],[-3.677674,40.888018],[-3.679186,40.887153],[-3.68099,40.885429],[-3.691508,40.880996],[-3.692919,40.880987],[-3.693987,40.880447],[-3.695803,40.880635],[-3.696158,40.882217],[-3.697276,40.884445],[-3.700059,40.888364],[-3.701566,40.888804],[-3.706704,40.891511],[-3.709943,40.892461],[-3.712136,40.895272],[-3.715414,40.896304],[-3.716427,40.8982],[-3.717087,40.90183],[-3.718233,40.90401],[-3.718464,40.905685],[-3.716863,40.909203],[-3.717354,40.910649],[-3.717802,40.913762],[-3.717352,40.916835],[-3.720042,40.922707],[-3.721214,40.924189],[-3.724622,40.927152],[-3.724353,40.929815],[-3.725303,40.935012]]]}},{"type":"Feature","id":"municipio-063","properties":{"nombre":"Gargantilla del Lozoya y Pinilla de Buitrago","tipo":"municipio","contexto":"Comunidad de Madrid"},"geometry":{"type":"Polygon","coordinates":[[[-3.65424,40.980445],[-3.656993,40.978939],[-3.657258,40.978161],[-3.656882,40.976468],[-3.657237,40.976079],[-3.65895,40.975468],[-3.661192,40.97569],[-3.664818,40.978616],[-3.66569,40.978645],[-3.66649,40.978221],[-3.669743,40.974989],[-3.667945,40.972672],[-3.667952,40.971216],[-3.668397,40.970291],[-3.670865,40.970212],[-3.672237,40.972222],[-3.674259,40.97144],[-3.674327,40.970722],[-3.673483,40.969817],[-3.674502,40.968595],[-3.675931,40.967864],[-3.67805,40.967286],[-3.67955,40.967424],[-3.679662,40.966794],[-3.679065,40.965461],[-3.679229,40.964971],[-3.683405,40.964055],[-3.684901,40.962797],[-3.685954,40.95883],[-3.685341,40.957327],[-3.68536,40.956594],[-3.686133,40.954966],[-3.689817,40.953644],[-3.695448,40.954021],[-3.696427,40.953184],[-3.697005,40.950327],[-3.697586,40.949831],[-3.700556,40.949291],[-3.701911,40.948516],[-3.703598,40.94804],[-3.706786,40.947893],[-3.707424,40.947223],[-3.706807,40.94594],[-3.70748,40.945367],[-3.709766,40.944795],[-3.71252,40.945052],[-3.714734,40.943756],[-3.716616,40.943305],[-3.717142,40.94284],[-3.715266,40.942345],[-3.713732,40.94106],[-3.713257,40.939431],[-3.716437,40.937974],[-3.717572,40.936649],[-3.718937,40.935742],[-3.721076,40.93549],[-3.722714,40.934687],[-3.724639,40.935036],[-3.726965,40.935055],[-3.729303,40.935939],[-3.732043,40.9365],[-3.734358,40.93641],[-3.734809,40.938798],[-3.734702,40.939227],[-3.73419,40.939552],[-3.734042,40.940384],[-3.73686,40.94169],[-3.736806,40.942224],[-3.737521,40.942938],[-3.737069,40.94723],[-3.735306,40.949982],[-3.738765,40.959097],[-3.736108,40.962242],[-3.736064,40.962996],[-3.739315,40.965922],[-3.741398,40.9696],[-3.741894,40.971801],[-3.741651,40.972539],[-3.740321,40.97297],[-3.738129,40.974289],[-3.738667,40.974979],[-3.734793,40.976126],[-3.728201,40.97864],[-3.726539,40.979657],[-3.725062,40.97934],[-3.718091,40.979705],[-3.714705,40.979187],[-3.71145,40.98054],[-3.71017,40.983065],[-3.700596,40.986189],[-3.687307,40.991283],[-3.679324,40.992099],[-3.676543,40.99327],[-3.676117,40.992281],[-3.674557,40.990559],[-3.672706,40.991831],[-3.671204,40.993491],[-3.666344,40.995747],[-3.665592,40.995329],[-3.668303,40.992987],[-3.668715,40.992171],[-3.667039,40.989945],[-3.666192,40.988245],[-3.662858,40.986936],[-3.659517,40.986788],[-3.657776,40.983818],[-3.656401,40.982245],[-3.65424,40.980445]]]}},{"type":"Feature","id":"municipio-064","properties":{"nombre":"Gascones","tipo":"municipio","contexto":"Comunidad de Madrid"},"geometry":{"type":"Polygon","coordinates":[[[-3.721423,41.065032],[-3.720382,41.065603],[-3.719977,41.067118],[-3.716607,41.071144],[-3.713989,41.073208],[-3.711452,41.074491],[-3.707126,41.07602],[-3.706195,41.07686],[-3.692317,41.061022],[-3.679612,41.054453],[-3.672062,41.041982],[-3.661778,41.037429],[-3.655744,41.033312],[-3.652065,41.031707],[-3.650622,41.03316],[-3.648826,41.03322],[-3.646909,41.032626],[-3.646267,41.032927],[-3.64542,41.032851],[-3.643363,41.031962],[-3.642388,41.031832],[-3.642117,41.031252],[-3.64148,41.030952],[-3.641393,41.030094],[-3.640156,41.029364],[-3.638815,41.029094],[-3.637653,41.02927],[-3.636765,41.028843],[-3.635781,41.028951],[-3.63373,41.027845],[-3.633544,41.025588],[-3.633977,41.024502],[-3.634537,41.020894],[-3.634913,41.020706],[-3.635392,41.019397],[-3.635893,41.018988],[-3.635514,41.018639],[-3.635424,41.018019],[-3.634167,41.017439],[-3.634715,41.015842],[-3.63452,41.014328],[-3.63563,41.013628],[-3.635001,41.012769],[-3.633687,41.012219],[-3.633118,41.007884],[-3.634128,41.00333],[-3.635449,41.002659],[-3.635878,41.001869],[-3.636198,41.002112],[-3.63709,41.00177],[-3.639205,41.001578],[-3.64105,41.001806],[-3.642017,41.003759],[-3.642535,41.004219],[-3.645605,41.002572],[-3.647951,41.003742],[-3.648826,41.003157],[-3.649917,41.001867],[-3.649773,41.000727],[-3.652079,41.001594],[-3.651963,41.001873],[-3.652355,41.002559],[-3.653012,41.002862],[-3.652352,41.005275],[-3.652952,41.0058],[-3.652217,41.006281],[-3.652784,41.006169],[-3.653358,41.006691],[-3.65413,41.006822],[-3.654148,41.007487],[-3.655416,41.007758],[-3.657596,41.007596],[-3.659088,41.008635],[-3.661374,41.009566],[-3.665067,41.010008],[-3.667008,41.011043],[-3.669839,41.014173],[-3.671419,41.01757],[-3.672561,41.019243],[-3.672804,41.020878],[-3.673247,41.021851],[-3.673545,41.021686],[-3.677176,41.023863],[-3.678528,41.025511],[-3.681137,41.027479],[-3.683198,41.027875],[-3.683496,41.029469],[-3.686711,41.028868],[-3.687614,41.029269],[-3.688505,41.031246],[-3.697969,41.040135],[-3.707277,41.051395],[-3.707379,41.053916],[-3.710181,41.058345],[-3.716793,41.062653],[-3.721423,41.065032]]]}},{"type":"Feature","id":"municipio-065","properties":{"nombre":"Getafe","tipo":"municipio","contexto":"Comunidad de Madrid"},"geometry":{"type":"Polygon","coordinates":[[[-3.761743,40.294208],[-3.760432,40.299995],[-3.760893,40.301087],[-3.754176,40.307364],[-3.744835,40.317251],[-3.741548,40.325136],[-3.735463,40.32896],[-3.731968,40.331813],[-3.724926,40.334986],[-3.723666,40.333553],[-3.720169,40.330807],[-3.714445,40.328059],[-3.712908,40.325629],[-3.712543,40.323494],[-3.710078,40.323401],[-3.703125,40.322121],[-3.696162,40.322218],[-3.692999,40.320053],[-3.689862,40.321363],[-3.685067,40.322256],[-3.681817,40.323956],[-3.680957,40.324604],[-3.680508,40.32562],[-3.679214,40.326331],[-3.678001,40.326458],[-3.674285,40.326067],[-3.670152,40.324974],[-3.669184,40.325165],[-3.667372,40.326193],[-3.666726,40.32714],[-3.665047,40.328458],[-3.663834,40.329034],[-3.661255,40.327737],[-3.659889,40.327753],[-3.650276,40.332412],[-3.650018,40.332276],[-3.649156,40.333416],[-3.644535,40.330862],[-3.643032,40.329264],[-3.64037,40.327906],[-3.635996,40.325068],[-3.634966,40.324172],[-3.635161,40.324027],[-3.63043,40.320773],[-3.625992,40.319225],[-3.624692,40.320427],[-3.623534,40.31985],[-3.620008,40.319118],[-3.615965,40.317762],[-3.613877,40.315589],[-3.611151,40.314313],[-3.598259,40.312065],[-3.587435,40.312791],[-3.580656,40.313791],[-3.577968,40.313891],[-3.576126,40.314886],[-3.577101,40.311715],[-3.575759,40.307674],[-3.575903,40.304704],[-3.57558,40.300906],[-3.574561,40.298002],[-3.573173,40.295667],[-3.570036,40.291784],[-3.570396,40.291269],[-3.571263,40.290862],[-3.571033,40.288944],[-3.571505,40.28712],[-3.573163,40.28792],[-3.573892,40.288004],[-3.574721,40.287612],[-3.575716,40.288099],[-3.578784,40.286376],[-3.581035,40.286937],[-3.581212,40.285756],[-3.582289,40.28527],[-3.583383,40.285338],[-3.584962,40.284602],[-3.585753,40.285187],[-3.587459,40.28476],[-3.588045,40.284304],[-3.591813,40.283806],[-3.594182,40.285518],[-3.596605,40.284985],[-3.596058,40.279202],[-3.596195,40.276227],[-3.594828,40.274246],[-3.599087,40.27226],[-3.602999,40.271133],[-3.612139,40.269159],[-3.612877,40.268622],[-3.614722,40.268351],[-3.614765,40.267834],[-3.622908,40.266375],[-3.622535,40.269828],[-3.623689,40.270935],[-3.627491,40.276855],[-3.629826,40.277308],[-3.631794,40.278491],[-3.635498,40.283618],[-3.636891,40.285941],[-3.638193,40.291692],[-3.639597,40.291844],[-3.642758,40.291454],[-3.64382,40.292308],[-3.646453,40.292818],[-3.64758,40.292406],[-3.649892,40.292671],[-3.652595,40.291321],[-3.656033,40.289037],[-3.659305,40.28882],[-3.660915,40.287955],[-3.661801,40.287822],[-3.662456,40.2868],[-3.662487,40.28576],[-3.663693,40.285044],[-3.664527,40.284117],[-3.666574,40.282972],[-3.668408,40.282682],[-3.671997,40.280294],[-3.672065,40.279823],[-3.672836,40.279338],[-3.673542,40.276838],[-3.675928,40.276351],[-3.676583,40.275493],[-3.678817,40.27546],[-3.679253,40.274717],[-3.680138,40.274411],[-3.680623,40.273777],[-3.683007,40.274318],[-3.687187,40.272743],[-3.68882,40.27258],[-3.689285,40.272287],[-3.690224,40.270683],[-3.691591,40.270491],[-3.692202,40.269691],[-3.693298,40.269932],[-3.694403,40.268988],[-3.695779,40.268835],[-3.697328,40.269249],[-3.698353,40.268271],[-3.701671,40.267451],[-3.703893,40.267866],[-3.705177,40.267591],[-3.706567,40.267754],[-3.707931,40.267572],[-3.708931,40.266978],[-3.711461,40.266903],[-3.71402,40.267344],[-3.714985,40.267936],[-3.716155,40.267886],[-3.718811,40.268671],[-3.719554,40.269152],[-3.719872,40.269856],[-3.72291,40.269731],[-3.724316,40.270816],[-3.726126,40.271546],[-3.726799,40.271558],[-3.727225,40.272159],[-3.728381,40.272487],[-3.729296,40.272199],[-3.730644,40.27248],[-3.73354,40.272176],[-3.735091,40.272523],[-3.736372,40.272175],[-3.737162,40.270867],[-3.742769,40.271017],[-3.745546,40.272886],[-3.747785,40.273875],[-3.747578,40.274339],[-3.748727,40.274796],[-3.748307,40.27539],[-3.75216,40.276651],[-3.752648,40.277043],[-3.754838,40.277437],[-3.761743,40.294208]]]}},{"type":"Feature","id":"municipio-066","properties":{"nombre":"Griñón","tipo":"municipio","contexto":"Comunidad de Madrid"},"geometry":{"type":"Polygon","coordinates":[[[-3.884333,40.231983],[-3.882009,40.233036],[-3.880898,40.232836],[-3.880071,40.233008],[-3.87934,40.232335],[-3.878399,40.230285],[-3.877634,40.229315],[-3.871499,40.22787],[-3.867894,40.225744],[-3.865941,40.229209],[-3.864356,40.231137],[-3.862776,40.230446],[-3.860636,40.233626],[-3.86013,40.233445],[-3.857348,40.236298],[-3.856234,40.238098],[-3.853795,40.238051],[-3.851524,40.236844],[-3.85145,40.236355],[-3.849151,40.23579],[-3.847849,40.234741],[-3.84576,40.234696],[-3.843065,40.233266],[-3.843293,40.232257],[-3.841952,40.231707],[-3.840275,40.229616],[-3.837678,40.23001],[-3.829646,40.229495],[-3.827171,40.228427],[-3.82127,40.227087],[-3.820997,40.227714],[-3.819422,40.228496],[-3.818188,40.229708],[-3.816358,40.228259],[-3.814906,40.227736],[-3.812885,40.229848],[-3.810747,40.231134],[-3.807606,40.229419],[-3.806171,40.224429],[-3.804508,40.222181],[-3.803362,40.220001],[-3.806787,40.215432],[-3.814631,40.2109],[-3.816072,40.209055],[-3.81758,40.208229],[-3.8211,40.205163],[-3.826122,40.205427],[-3.826334,40.203755],[-3.830136,40.20262],[-3.835989,40.201966],[-3.840771,40.203236],[-3.843974,40.203296],[-3.84477,40.201759],[-3.848454,40.201114],[-3.851193,40.201054],[-3.853125,40.200343],[-3.857687,40.199569],[-3.862612,40.199553],[-3.866534,40.201271],[-3.867489,40.200203],[-3.869081,40.201077],[-3.865341,40.203785],[-3.866942,40.205823],[-3.867481,40.208205],[-3.869757,40.211789],[-3.873831,40.220076],[-3.876933,40.22296],[-3.877943,40.22521],[-3.884333,40.231983]]]}},{"type":"Feature","id":"municipio-067","properties":{"nombre":"Guadalix de la Sierra","tipo":"municipio","contexto":"Comunidad de Madrid"},"geometry":{"type":"Polygon","coordinates":[[[-3.608561,40.779662],[-3.613066,40.775499],[-3.619373,40.773941],[-3.625433,40.771607],[-3.627821,40.771903],[-3.628496,40.771734],[-3.631323,40.769266],[-3.631865,40.768407],[-3.632415,40.765798],[-3.631865,40.764089],[-3.63353,40.762502],[-3.637758,40.760077],[-3.636504,40.75768],[-3.641884,40.755565],[-3.642864,40.754349],[-3.65215,40.74721],[-3.65707,40.742841],[-3.663603,40.738912],[-3.666793,40.737947],[-3.670892,40.735313],[-3.673234,40.733307],[-3.673704,40.732451],[-3.67412,40.73003],[-3.675832,40.728383],[-3.67846,40.729135],[-3.681153,40.728832],[-3.68338,40.729918],[-3.684263,40.730062],[-3.686988,40.730218],[-3.687165,40.729489],[-3.690218,40.728322],[-3.690906,40.728516],[-3.691139,40.729315],[-3.692234,40.729572],[-3.694716,40.729507],[-3.695814,40.728945],[-3.695687,40.728602],[-3.69677,40.727994],[-3.697008,40.727704],[-3.696934,40.726992],[-3.698193,40.726699],[-3.698944,40.726123],[-3.699945,40.726172],[-3.703187,40.72556],[-3.705058,40.725791],[-3.706574,40.725415],[-3.706945,40.725017],[-3.707127,40.727389],[-3.71037,40.729307],[-3.723579,40.742768],[-3.741896,40.765217],[-3.743608,40.76677],[-3.737189,40.769286],[-3.740576,40.774671],[-3.741019,40.777507],[-3.737317,40.783359],[-3.735932,40.78467],[-3.73315,40.788248],[-3.731496,40.78902],[-3.722676,40.797377],[-3.721176,40.796103],[-3.720262,40.795793],[-3.719753,40.794951],[-3.716158,40.794633],[-3.714996,40.795387],[-3.715194,40.796209],[-3.709405,40.798529],[-3.701434,40.799809],[-3.691343,40.802413],[-3.687522,40.802676],[-3.683613,40.803447],[-3.680085,40.803478],[-3.67428,40.802438],[-3.666118,40.803404],[-3.659619,40.804866],[-3.658016,40.804511],[-3.656871,40.804765],[-3.652472,40.803697],[-3.649277,40.797945],[-3.64678,40.794698],[-3.644609,40.792692],[-3.638555,40.788448],[-3.634067,40.786117],[-3.632139,40.783117],[-3.626371,40.782284],[-3.625805,40.781976],[-3.618535,40.785455],[-3.613949,40.785396],[-3.610229,40.785892],[-3.609328,40.781246],[-3.608561,40.779662]]]}},{"type":"Feature","id":"municipio-068","properties":{"nombre":"Guadarrama","tipo":"municipio","contexto":"Comunidad de Madrid"},"geometry":{"type":"Polygon","coordinates":[[[-4.173546,40.667163],[-4.173521,40.673976],[-4.172744,40.677651],[-4.171567,40.680626],[-4.1641,40.687488],[-4.160317,40.689755],[-4.157146,40.692086],[-4.154617,40.692747],[-4.15285,40.692487],[-4.150525,40.692728],[-4.145673,40.694651],[-4.144371,40.695842],[-4.145318,40.697968],[-4.142145,40.702762],[-4.141255,40.707083],[-4.140593,40.70823],[-4.140202,40.710308],[-4.138032,40.714262],[-4.136276,40.716794],[-4.13606,40.717746],[-4.132705,40.719758],[-4.130499,40.723057],[-4.129707,40.723674],[-4.125692,40.724494],[-4.122881,40.71902],[-4.117912,40.711446],[-4.111506,40.706642],[-4.108877,40.704176],[-4.105868,40.703325],[-4.098931,40.703536],[-4.097708,40.704421],[-4.096695,40.706402],[-4.094463,40.707467],[-4.092692,40.706732],[-4.091599,40.705718],[-4.081887,40.699415],[-4.081269,40.700233],[-4.081061,40.701939],[-4.079906,40.702393],[-4.077915,40.701899],[-4.076769,40.700868],[-4.076227,40.69848],[-4.073276,40.700114],[-4.061567,40.700223],[-4.059631,40.69855],[-4.058845,40.691716],[-4.05762,40.689183],[-4.057742,40.688411],[-4.058192,40.687866],[-4.05833,40.681735],[-4.057678,40.681199],[-4.05752,40.679329],[-4.055586,40.676182],[-4.054777,40.672855],[-4.052537,40.668647],[-4.052601,40.66777],[-4.054703,40.665079],[-4.053656,40.665045],[-4.050362,40.663775],[-4.045055,40.662528],[-4.047663,40.659675],[-4.046916,40.656104],[-4.044768,40.653994],[-4.042724,40.652563],[-4.039229,40.649149],[-4.03696,40.647471],[-4.03579,40.645547],[-4.030176,40.641346],[-4.030503,40.639114],[-4.02604,40.632752],[-4.029616,40.630355],[-4.029667,40.629863],[-4.031778,40.63024],[-4.032828,40.630131],[-4.032876,40.630865],[-4.031484,40.635343],[-4.031627,40.638256],[-4.032585,40.640025],[-4.037123,40.644137],[-4.038749,40.645141],[-4.049666,40.649419],[-4.051405,40.650631],[-4.052807,40.652727],[-4.056396,40.654133],[-4.060295,40.653728],[-4.06997,40.64979],[-4.094767,40.650202],[-4.111269,40.654197],[-4.115905,40.653056],[-4.119255,40.652975],[-4.131293,40.655229],[-4.142922,40.652648],[-4.147055,40.652057],[-4.167942,40.647912],[-4.169345,40.649522],[-4.169239,40.650099],[-4.167141,40.651231],[-4.166574,40.652663],[-4.168535,40.655736],[-4.168932,40.656831],[-4.168874,40.663333],[-4.169959,40.664512],[-4.173546,40.667163]]]}},{"type":"Feature","id":"municipio-070","properties":{"nombre":"Horcajo de la Sierra-Aoslos","tipo":"municipio","contexto":"Comunidad de Madrid"},"geometry":{"type":"Polygon","coordinates":[[[-3.555762,41.091142],[-3.557992,41.084533],[-3.559023,41.083829],[-3.559891,41.081596],[-3.560821,41.080521],[-3.563158,41.074058],[-3.56269,41.069849],[-3.564123,41.066706],[-3.563938,41.065617],[-3.564186,41.064856],[-3.563194,41.059057],[-3.571803,41.058783],[-3.577722,41.059008],[-3.580634,41.059497],[-3.584977,41.058588],[-3.586183,41.057936],[-3.587129,41.056889],[-3.586529,41.054704],[-3.586292,41.0524],[-3.586199,41.0486],[-3.586493,41.046765],[-3.586849,41.045974],[-3.58737,41.04587],[-3.587403,41.045422],[-3.588656,41.04463],[-3.587411,41.043446],[-3.587908,41.044066],[-3.589249,41.044066],[-3.591079,41.044788],[-3.592772,41.047978],[-3.596131,41.049552],[-3.600198,41.05087],[-3.604664,41.054255],[-3.606929,41.056712],[-3.607157,41.063619],[-3.609608,41.067227],[-3.609408,41.074641],[-3.609068,41.076359],[-3.607103,41.076725],[-3.604821,41.077616],[-3.605824,41.078709],[-3.604862,41.07926],[-3.605343,41.081052],[-3.606446,41.081412],[-3.605522,41.082138],[-3.607414,41.083526],[-3.606492,41.084172],[-3.607499,41.08623],[-3.606421,41.086789],[-3.606248,41.087753],[-3.606623,41.088337],[-3.605771,41.08955],[-3.605852,41.091248],[-3.604134,41.090807],[-3.602635,41.090843],[-3.60223,41.091022],[-3.602035,41.09165],[-3.600704,41.092024],[-3.60055,41.092319],[-3.601172,41.092494],[-3.601423,41.093337],[-3.60136,41.093708],[-3.600617,41.09419],[-3.601107,41.095162],[-3.599775,41.096137],[-3.599167,41.095282],[-3.598198,41.095431],[-3.595133,41.09714],[-3.59345,41.098592],[-3.588712,41.09845],[-3.587439,41.098878],[-3.578248,41.10571],[-3.57338,41.108148],[-3.569504,41.110846],[-3.566006,41.113893],[-3.564387,41.114328],[-3.562281,41.113273],[-3.558903,41.108865],[-3.556951,41.104294],[-3.55696,41.100474],[-3.5576,41.09682],[-3.555975,41.094015],[-3.555762,41.091142]]]}},{"type":"Feature","id":"municipio-071","properties":{"nombre":"Horcajuelo de la Sierra","tipo":"municipio","contexto":"Comunidad de Madrid"},"geometry":{"type":"Polygon","coordinates":[[[-3.564387,41.114328],[-3.561635,41.114803],[-3.557016,41.117103],[-3.554018,41.120843],[-3.549609,41.124234],[-3.548109,41.126781],[-3.547849,41.12904],[-3.548566,41.132631],[-3.547335,41.134743],[-3.541648,41.134444],[-3.536521,41.131922],[-3.533514,41.132571],[-3.526125,41.128575],[-3.523187,41.123617],[-3.521943,41.119459],[-3.524423,41.11543],[-3.525154,41.109044],[-3.522806,41.093028],[-3.523823,41.085643],[-3.524639,41.084775],[-3.528382,41.078738],[-3.529669,41.075437],[-3.538692,41.061103],[-3.539967,41.060596],[-3.540534,41.05891],[-3.542177,41.050417],[-3.543664,41.048723],[-3.545075,41.04828],[-3.544935,41.047354],[-3.546831,41.046823],[-3.547419,41.046245],[-3.546552,41.044889],[-3.546985,41.043726],[-3.547294,41.043513],[-3.547894,41.044152],[-3.549169,41.044076],[-3.549321,41.043404],[-3.547789,41.042772],[-3.548756,41.040561],[-3.551245,41.039313],[-3.551898,41.037982],[-3.552759,41.037296],[-3.552955,41.037299],[-3.552485,41.038375],[-3.552685,41.039641],[-3.552121,41.043356],[-3.551344,41.044379],[-3.551105,41.046384],[-3.552073,41.046034],[-3.555694,41.04798],[-3.558154,41.048051],[-3.56148,41.048773],[-3.562241,41.049517],[-3.561937,41.052837],[-3.562891,41.054507],[-3.5624,41.05638],[-3.563049,41.057915],[-3.564186,41.064803],[-3.563938,41.065617],[-3.564123,41.066706],[-3.562687,41.069876],[-3.563158,41.074058],[-3.560821,41.080521],[-3.559891,41.081596],[-3.559023,41.083829],[-3.557992,41.084533],[-3.555762,41.091142],[-3.555975,41.094015],[-3.5576,41.09682],[-3.55696,41.100474],[-3.556951,41.104294],[-3.558903,41.108865],[-3.562281,41.113273],[-3.564387,41.114328]]]}},{"type":"Feature","id":"municipio-072","properties":{"nombre":"Hoyo de Manzanares","tipo":"municipio","contexto":"Comunidad de Madrid"},"geometry":{"type":"Polygon","coordinates":[[[-3.953065,40.597438],[-3.950528,40.600329],[-3.947139,40.608149],[-3.946734,40.610845],[-3.944878,40.612927],[-3.944179,40.614826],[-3.940836,40.620345],[-3.93954,40.62177],[-3.937944,40.62255],[-3.933543,40.625775],[-3.932562,40.627036],[-3.928352,40.630257],[-3.926209,40.633271],[-3.923779,40.635085],[-3.92112,40.638199],[-3.9203,40.638756],[-3.912909,40.641785],[-3.907996,40.642993],[-3.903021,40.645366],[-3.89358,40.650903],[-3.890526,40.651884],[-3.886304,40.652503],[-3.876813,40.651055],[-3.87537,40.649251],[-3.872863,40.647904],[-3.867788,40.646291],[-3.865619,40.645968],[-3.86414,40.645332],[-3.862174,40.643239],[-3.860118,40.641821],[-3.859964,40.640464],[-3.858863,40.638852],[-3.857275,40.635305],[-3.856135,40.634055],[-3.854685,40.630969],[-3.854457,40.63011],[-3.854537,40.628297],[-3.853411,40.622899],[-3.852497,40.62034],[-3.852291,40.617813],[-3.851074,40.61205],[-3.850344,40.611032],[-3.848742,40.611005],[-3.846944,40.611385],[-3.845137,40.612245],[-3.845275,40.606331],[-3.845057,40.603903],[-3.842438,40.592541],[-3.844638,40.591935],[-3.845658,40.591361],[-3.848758,40.590959],[-3.850238,40.59044],[-3.854969,40.587999],[-3.85541,40.588215],[-3.8585,40.587905],[-3.859927,40.588185],[-3.861305,40.588898],[-3.863534,40.589502],[-3.864902,40.590412],[-3.865967,40.591788],[-3.867377,40.592163],[-3.8739,40.591152],[-3.876174,40.58998],[-3.87611,40.589269],[-3.876847,40.588625],[-3.883686,40.585277],[-3.883602,40.585754],[-3.885606,40.586791],[-3.89011,40.588125],[-3.897619,40.588608],[-3.903395,40.589417],[-3.911899,40.591741],[-3.916015,40.59223],[-3.91866,40.593548],[-3.92378,40.593401],[-3.926265,40.593716],[-3.929527,40.59462],[-3.929596,40.595161],[-3.930813,40.59536],[-3.941186,40.595408],[-3.944193,40.596005],[-3.947895,40.596053],[-3.953065,40.597438]]]}},{"type":"Feature","id":"municipio-073","properties":{"nombre":"Humanes de Madrid","tipo":"municipio","contexto":"Comunidad de Madrid"},"geometry":{"type":"Polygon","coordinates":[[[-3.853748,40.247234],[-3.853274,40.251171],[-3.851264,40.253492],[-3.849987,40.25568],[-3.849575,40.257491],[-3.847414,40.262345],[-3.844887,40.265609],[-3.84294,40.268725],[-3.841234,40.273181],[-3.840059,40.275083],[-3.839358,40.276958],[-3.837581,40.276732],[-3.835343,40.277034],[-3.830236,40.277032],[-3.827303,40.277442],[-3.819628,40.276943],[-3.811554,40.277004],[-3.810688,40.276862],[-3.809591,40.270138],[-3.806889,40.260765],[-3.805209,40.258088],[-3.802985,40.25537],[-3.800122,40.247681],[-3.798979,40.245899],[-3.796187,40.238884],[-3.801363,40.238191],[-3.803198,40.235395],[-3.803468,40.235407],[-3.804105,40.233349],[-3.807606,40.229419],[-3.810747,40.231134],[-3.812885,40.229848],[-3.814906,40.227736],[-3.816358,40.228259],[-3.818188,40.229708],[-3.819422,40.228496],[-3.820997,40.227714],[-3.82127,40.227087],[-3.827171,40.228427],[-3.829646,40.229495],[-3.837678,40.23001],[-3.840275,40.229616],[-3.841952,40.231707],[-3.843293,40.232257],[-3.843065,40.233266],[-3.84576,40.234696],[-3.847849,40.234741],[-3.849151,40.23579],[-3.85145,40.236355],[-3.851877,40.239252],[-3.852884,40.24133],[-3.853516,40.244156],[-3.853748,40.247234]]]}},{"type":"Feature","id":"municipio-001","properties":{"nombre":"La Acebeda","tipo":"municipio","contexto":"Comunidad de Madrid"},"geometry":{"type":"Polygon","coordinates":[[[-3.676065,41.086696],[-3.672172,41.092001],[-3.66754,41.095232],[-3.666721,41.096107],[-3.663822,41.097811],[-3.655708,41.104675],[-3.652304,41.106475],[-3.651058,41.107763],[-3.65069,41.110572],[-3.648738,41.114763],[-3.646743,41.117054],[-3.646294,41.118387],[-3.64637,41.120022],[-3.64502,41.121291],[-3.640772,41.120019],[-3.63795,41.120627],[-3.633454,41.120893],[-3.632429,41.120795],[-3.63115,41.120233],[-3.629879,41.11844],[-3.624655,41.11598],[-3.622996,41.114383],[-3.6158,41.109147],[-3.615424,41.107978],[-3.615444,41.106883],[-3.614162,41.105408],[-3.612944,41.104674],[-3.611011,41.102222],[-3.609539,41.102255],[-3.606251,41.100377],[-3.605087,41.100315],[-3.602758,41.098481],[-3.6026,41.097221],[-3.600687,41.096957],[-3.599775,41.096137],[-3.601107,41.095162],[-3.600617,41.09419],[-3.60136,41.093708],[-3.601423,41.093337],[-3.60119,41.092519],[-3.600645,41.092399],[-3.600594,41.092129],[-3.602069,41.091629],[-3.60223,41.091022],[-3.60258,41.090852],[-3.604134,41.090807],[-3.605852,41.091248],[-3.605771,41.08955],[-3.606623,41.088337],[-3.606248,41.087753],[-3.606421,41.086789],[-3.607491,41.086271],[-3.606491,41.084186],[-3.607412,41.083501],[-3.605522,41.082138],[-3.606446,41.081412],[-3.605343,41.081052],[-3.604862,41.07926],[-3.605824,41.078709],[-3.604821,41.077616],[-3.607103,41.076725],[-3.609068,41.076359],[-3.609045,41.077241],[-3.610484,41.077764],[-3.611413,41.078716],[-3.611088,41.079275],[-3.613962,41.079899],[-3.617762,41.07853],[-3.617838,41.077959],[-3.616386,41.076307],[-3.614242,41.075051],[-3.614438,41.074279],[-3.61377,41.073045],[-3.614194,41.072051],[-3.616074,41.069865],[-3.619767,41.070002],[-3.625484,41.070856],[-3.628132,41.068857],[-3.634319,41.070533],[-3.643187,41.073906],[-3.648217,41.074106],[-3.652757,41.075432],[-3.656721,41.077671],[-3.659468,41.078428],[-3.663879,41.08032],[-3.667321,41.081366],[-3.674566,41.085037],[-3.676065,41.086696]]]}},{"type":"Feature","id":"municipio-030","properties":{"nombre":"La Cabrera","tipo":"municipio","contexto":"Comunidad de Madrid"},"geometry":{"type":"Polygon","coordinates":[[[-3.650423,40.879747],[-3.644301,40.879269],[-3.639276,40.879346],[-3.63419,40.880758],[-3.626129,40.882205],[-3.62208,40.882723],[-3.619037,40.881993],[-3.615007,40.883203],[-3.609928,40.885336],[-3.598997,40.888736],[-3.598325,40.884793],[-3.594425,40.8781],[-3.592337,40.876086],[-3.591265,40.875451],[-3.590503,40.873764],[-3.58757,40.871572],[-3.586115,40.868953],[-3.586209,40.867995],[-3.578344,40.859057],[-3.575259,40.856947],[-3.571699,40.853289],[-3.571011,40.850992],[-3.573446,40.849628],[-3.574565,40.849553],[-3.576548,40.848519],[-3.584548,40.847299],[-3.587708,40.847261],[-3.599251,40.845834],[-3.604707,40.84218],[-3.607247,40.842456],[-3.613318,40.841794],[-3.619051,40.840478],[-3.622082,40.841124],[-3.624999,40.841346],[-3.630405,40.844365],[-3.635383,40.846511],[-3.636702,40.847627],[-3.640337,40.849615],[-3.642808,40.85181],[-3.643074,40.856608],[-3.644113,40.859672],[-3.645321,40.866744],[-3.646482,40.868107],[-3.647635,40.870201],[-3.648003,40.874593],[-3.647873,40.876056],[-3.650423,40.879747]]]}},{"type":"Feature","id":"municipio-069","properties":{"nombre":"La Hiruela","tipo":"municipio","contexto":"Comunidad de Madrid"},"geometry":{"type":"Polygon","coordinates":[[[-3.485757,41.068742],[-3.48496,41.069458],[-3.482707,41.070641],[-3.480574,41.071329],[-3.479533,41.071339],[-3.479274,41.072313],[-3.479595,41.074045],[-3.479407,41.076701],[-3.478623,41.078644],[-3.480662,41.080731],[-3.482244,41.083023],[-3.484155,41.084185],[-3.484396,41.086528],[-3.478808,41.090809],[-3.475154,41.095267],[-3.474601,41.094698],[-3.474749,41.093587],[-3.474488,41.093286],[-3.473353,41.093224],[-3.470065,41.092307],[-3.467079,41.090807],[-3.465496,41.090504],[-3.464571,41.089377],[-3.461769,41.089066],[-3.460903,41.088277],[-3.459123,41.087931],[-3.458454,41.087181],[-3.456544,41.087058],[-3.455591,41.085456],[-3.455866,41.084841],[-3.455534,41.084108],[-3.45379,41.083545],[-3.453077,41.08276],[-3.450785,41.081774],[-3.449596,41.081981],[-3.448944,41.081804],[-3.448596,41.081473],[-3.448419,41.080644],[-3.445398,41.081077],[-3.444235,41.082436],[-3.4425,41.081922],[-3.44064,41.081829],[-3.440472,41.081303],[-3.4397,41.08107],[-3.438727,41.082158],[-3.437614,41.082223],[-3.436494,41.083477],[-3.4355,41.084023],[-3.434108,41.083552],[-3.431405,41.084317],[-3.43032,41.083606],[-3.429489,41.084447],[-3.428422,41.083048],[-3.426088,41.083087],[-3.425708,41.08242],[-3.427091,41.081864],[-3.427655,41.081268],[-3.427719,41.080709],[-3.42707,41.079349],[-3.427597,41.078319],[-3.426968,41.077406],[-3.426709,41.076354],[-3.425308,41.076122],[-3.425811,41.07518],[-3.425525,41.074768],[-3.426395,41.074232],[-3.425509,41.073927],[-3.425143,41.073212],[-3.426358,41.071851],[-3.425135,41.071804],[-3.425466,41.070986],[-3.426284,41.07044],[-3.42617,41.069421],[-3.427055,41.06899],[-3.425988,41.067469],[-3.426214,41.066624],[-3.426045,41.065576],[-3.427855,41.064551],[-3.428483,41.063446],[-3.429837,41.063105],[-3.431088,41.062405],[-3.430785,41.061535],[-3.431069,41.059693],[-3.431553,41.059093],[-3.431276,41.05834],[-3.432584,41.057173],[-3.433393,41.056902],[-3.434138,41.056054],[-3.434418,41.054758],[-3.435614,41.053712],[-3.435255,41.052668],[-3.435575,41.051531],[-3.434752,41.050143],[-3.434729,41.049461],[-3.438278,41.046781],[-3.438968,41.043968],[-3.438935,41.04267],[-3.441758,41.043502],[-3.458594,41.05005],[-3.467177,41.048088],[-3.465273,41.055738],[-3.466403,41.056069],[-3.472242,41.05987],[-3.475203,41.063625],[-3.478682,41.064723],[-3.480964,41.065916],[-3.482603,41.065223],[-3.483389,41.064427],[-3.485184,41.063776],[-3.485757,41.068742]]]}},{"type":"Feature","id":"municipio-138","properties":{"nombre":"La Serna del Monte","tipo":"municipio","contexto":"Comunidad de Madrid"},"geometry":{"type":"Polygon","coordinates":[[[-3.637234,41.029059],[-3.634833,41.030203],[-3.634163,41.031084],[-3.634326,41.031376],[-3.633773,41.033043],[-3.632003,41.033864],[-3.626613,41.044746],[-3.623048,41.050377],[-3.624973,41.061668],[-3.624689,41.064954],[-3.62656,41.067839],[-3.628132,41.068857],[-3.625484,41.070856],[-3.619767,41.070002],[-3.616074,41.069865],[-3.617114,41.067872],[-3.618997,41.066708],[-3.619301,41.066245],[-3.619056,41.06515],[-3.619271,41.06324],[-3.618626,41.062206],[-3.617987,41.062298],[-3.617523,41.062008],[-3.617207,41.060827],[-3.617887,41.057898],[-3.61737,41.056151],[-3.619883,41.054588],[-3.62019,41.052602],[-3.621136,41.051396],[-3.622167,41.050703],[-3.622367,41.049159],[-3.620829,41.048288],[-3.619761,41.046057],[-3.619649,41.044463],[-3.617856,41.042799],[-3.616887,41.042408],[-3.616841,41.041338],[-3.616254,41.039853],[-3.616388,41.034692],[-3.615067,41.033557],[-3.613582,41.03101],[-3.612321,41.024723],[-3.610954,41.024697],[-3.60832,41.02311],[-3.612489,41.018419],[-3.614973,41.014317],[-3.618035,41.012974],[-3.618258,41.017058],[-3.619228,41.021285],[-3.620879,41.022177],[-3.623505,41.02269],[-3.6238,41.023101],[-3.623375,41.024119],[-3.624093,41.024622],[-3.624455,41.024187],[-3.625716,41.024357],[-3.627276,41.022333],[-3.628871,41.021025],[-3.632682,41.020246],[-3.634537,41.020894],[-3.633977,41.024502],[-3.633544,41.025588],[-3.633824,41.026851],[-3.63361,41.027651],[-3.635673,41.028917],[-3.637234,41.029059]]]}},{"type":"Feature","id":"municipio-127","properties":{"nombre":"Las Rozas de Madrid","tipo":"municipio","contexto":"Comunidad de Madrid"},"geometry":{"type":"Polygon","coordinates":[[[-3.833173,40.487779],[-3.833312,40.485976],[-3.834234,40.484041],[-3.835083,40.482559],[-3.836013,40.482059],[-3.836668,40.480864],[-3.836466,40.48059],[-3.837398,40.475745],[-3.836726,40.475123],[-3.838905,40.475622],[-3.842675,40.477067],[-3.861349,40.480408],[-3.871791,40.48284],[-3.873134,40.483519],[-3.875925,40.483536],[-3.876001,40.483979],[-3.877659,40.483481],[-3.878052,40.484309],[-3.880624,40.485333],[-3.881542,40.485395],[-3.881996,40.485006],[-3.891882,40.487855],[-3.892502,40.487671],[-3.89609,40.49038],[-3.895352,40.490752],[-3.902722,40.494361],[-3.905802,40.495],[-3.907042,40.496401],[-3.907488,40.497859],[-3.908136,40.498369],[-3.908295,40.498984],[-3.910243,40.501295],[-3.911183,40.501162],[-3.913278,40.501627],[-3.914931,40.501086],[-3.917842,40.501264],[-3.921433,40.499719],[-3.922792,40.499675],[-3.923333,40.500093],[-3.923628,40.499093],[-3.92442,40.499836],[-3.926216,40.499901],[-3.926548,40.499646],[-3.926471,40.498904],[-3.926894,40.498755],[-3.927891,40.49917],[-3.929776,40.499322],[-3.931377,40.498926],[-3.931817,40.499119],[-3.932112,40.49968],[-3.933791,40.499943],[-3.93377,40.501011],[-3.935071,40.502408],[-3.934335,40.504777],[-3.934899,40.505725],[-3.935044,40.506979],[-3.935615,40.507807],[-3.935602,40.508993],[-3.936911,40.509125],[-3.939045,40.507981],[-3.939942,40.508334],[-3.940201,40.508993],[-3.939923,40.509479],[-3.937892,40.51094],[-3.937437,40.511624],[-3.938819,40.512442],[-3.940705,40.512678],[-3.941815,40.514015],[-3.942189,40.51517],[-3.942043,40.516103],[-3.940159,40.517713],[-3.93962,40.518903],[-3.939776,40.520062],[-3.940495,40.521266],[-3.940229,40.522997],[-3.938945,40.525807],[-3.939906,40.527931],[-3.939601,40.530271],[-3.940368,40.531471],[-3.941386,40.532304],[-3.943091,40.53329],[-3.944826,40.534823],[-3.947102,40.536001],[-3.947553,40.53683],[-3.947686,40.537968],[-3.949323,40.53896],[-3.949782,40.539737],[-3.946201,40.545979],[-3.945326,40.551349],[-3.943904,40.550663],[-3.9435,40.549918],[-3.943843,40.549162],[-3.942366,40.547847],[-3.941911,40.54831],[-3.941209,40.548561],[-3.940596,40.548245],[-3.939721,40.548861],[-3.937952,40.548822],[-3.936685,40.548389],[-3.934648,40.549962],[-3.934697,40.551299],[-3.935024,40.551653],[-3.934381,40.552189],[-3.933153,40.550832],[-3.932097,40.550569],[-3.931471,40.550843],[-3.931549,40.551714],[-3.93245,40.552167],[-3.932684,40.552742],[-3.931967,40.552834],[-3.931632,40.553048],[-3.93168,40.553412],[-3.930299,40.553857],[-3.931723,40.555294],[-3.932209,40.556183],[-3.931852,40.556468],[-3.932087,40.557071],[-3.930935,40.556715],[-3.930723,40.557411],[-3.93088,40.55823],[-3.931538,40.558485],[-3.932317,40.559482],[-3.932108,40.560008],[-3.931181,40.559757],[-3.929367,40.55787],[-3.92327,40.558336],[-3.922747,40.557741],[-3.919874,40.557629],[-3.911457,40.562213],[-3.909992,40.563296],[-3.908843,40.564668],[-3.905297,40.563437],[-3.896371,40.568028],[-3.89563,40.567637],[-3.894034,40.569906],[-3.891102,40.571534],[-3.890549,40.572637],[-3.88892,40.573465],[-3.885577,40.574456],[-3.888409,40.572224],[-3.888963,40.570859],[-3.887083,40.566456],[-3.88382,40.563837],[-3.883902,40.563147],[-3.884932,40.561745],[-3.884988,40.561029],[-3.882094,40.559637],[-3.878939,40.559574],[-3.875425,40.558798],[-3.87512,40.558119],[-3.873833,40.557569],[-3.87296,40.555229],[-3.872801,40.553409],[-3.872161,40.552271],[-3.870764,40.551125],[-3.86915,40.548345],[-3.869445,40.547415],[-3.867359,40.545544],[-3.86567,40.543403],[-3.865504,40.542387],[-3.865015,40.541835],[-3.864268,40.539627],[-3.863876,40.539239],[-3.863867,40.537547],[-3.863009,40.534665],[-3.860611,40.532909],[-3.859536,40.531281],[-3.858122,40.530123],[-3.858276,40.529343],[-3.857729,40.52788],[-3.856132,40.52693],[-3.853696,40.524418],[-3.854369,40.522572],[-3.854376,40.521354],[-3.853331,40.519513],[-3.851288,40.517647],[-3.851879,40.516732],[-3.852224,40.515471],[-3.853351,40.514535],[-3.854013,40.511997],[-3.852543,40.509787],[-3.849713,40.508825],[-3.849166,40.509031],[-3.837109,40.505892],[-3.838641,40.502819],[-3.839402,40.499385],[-3.834428,40.494066],[-3.834191,40.491939],[-3.833434,40.48984],[-3.833173,40.487779]]]}},{"type":"Feature","id":"municipio-074","properties":{"nombre":"Leganés","tipo":"municipio","contexto":"Comunidad de Madrid"},"geometry":{"type":"Polygon","coordinates":[[[-3.81844,40.329542],[-3.817203,40.330831],[-3.811334,40.33514],[-3.806438,40.338341],[-3.802493,40.339866],[-3.800893,40.341361],[-3.802101,40.341739],[-3.805121,40.347214],[-3.79841,40.35367],[-3.801853,40.355556],[-3.800557,40.356733],[-3.797088,40.35648],[-3.79076,40.358185],[-3.788096,40.358595],[-3.780318,40.361865],[-3.773431,40.360544],[-3.772354,40.359766],[-3.771149,40.359863],[-3.757707,40.357261],[-3.730557,40.363345],[-3.727115,40.364542],[-3.72346,40.365372],[-3.720891,40.365548],[-3.724926,40.334986],[-3.731968,40.331813],[-3.735463,40.32896],[-3.741548,40.325136],[-3.744835,40.317251],[-3.754176,40.307364],[-3.760893,40.301087],[-3.760432,40.299995],[-3.761743,40.294208],[-3.762716,40.294137],[-3.766804,40.294843],[-3.771311,40.293707],[-3.773366,40.292544],[-3.774551,40.292704],[-3.777502,40.294432],[-3.778466,40.295483],[-3.779808,40.295709],[-3.780223,40.29532],[-3.783142,40.295754],[-3.784009,40.296181],[-3.787016,40.296466],[-3.789251,40.296311],[-3.795246,40.298046],[-3.803482,40.29876],[-3.805701,40.3003],[-3.809411,40.301815],[-3.812193,40.303824],[-3.812257,40.305574],[-3.812622,40.306404],[-3.81296,40.312981],[-3.813726,40.316085],[-3.816319,40.322032],[-3.816918,40.324656],[-3.818088,40.327491],[-3.81844,40.329542]]]}},{"type":"Feature","id":"municipio-075","properties":{"nombre":"Loeches","tipo":"municipio","contexto":"Comunidad de Madrid"},"geometry":{"type":"Polygon","coordinates":[[[-3.465822,40.388492],[-3.46417,40.389336],[-3.462439,40.388733],[-3.461267,40.388676],[-3.459351,40.389594],[-3.458616,40.390242],[-3.458455,40.391064],[-3.455846,40.393898],[-3.454337,40.393198],[-3.451066,40.395117],[-3.449016,40.394961],[-3.449748,40.397378],[-3.447295,40.398512],[-3.445452,40.401203],[-3.444459,40.4009],[-3.44372,40.402485],[-3.441452,40.404085],[-3.441216,40.405023],[-3.440421,40.405209],[-3.441576,40.408156],[-3.441136,40.409448],[-3.44014,40.410077],[-3.440845,40.410758],[-3.441505,40.412528],[-3.439931,40.412551],[-3.439947,40.412243],[-3.434766,40.412772],[-3.431943,40.415509],[-3.432183,40.419261],[-3.436418,40.427519],[-3.43809,40.432338],[-3.435692,40.43182],[-3.429954,40.426247],[-3.427145,40.425251],[-3.425224,40.425149],[-3.421887,40.424473],[-3.42047,40.423911],[-3.413026,40.424852],[-3.411918,40.425794],[-3.408911,40.423291],[-3.407056,40.421317],[-3.405258,40.417162],[-3.402895,40.414547],[-3.401676,40.410807],[-3.400021,40.407601],[-3.392063,40.399746],[-3.389092,40.395445],[-3.38464,40.38993],[-3.380719,40.387103],[-3.378927,40.383467],[-3.376482,40.380972],[-3.374957,40.37862],[-3.371434,40.374902],[-3.368746,40.373189],[-3.365467,40.371648],[-3.363721,40.371546],[-3.362265,40.370463],[-3.360549,40.370942],[-3.359528,40.370506],[-3.355321,40.368032],[-3.353808,40.367864],[-3.35255,40.366513],[-3.356032,40.362251],[-3.361453,40.362172],[-3.366286,40.360824],[-3.371771,40.360564],[-3.372243,40.360277],[-3.372722,40.36067],[-3.37255,40.361635],[-3.374681,40.362916],[-3.376499,40.363282],[-3.380888,40.362189],[-3.383423,40.360868],[-3.385312,40.360634],[-3.390249,40.358993],[-3.394411,40.359782],[-3.398524,40.358745],[-3.400694,40.357661],[-3.403014,40.356905],[-3.403695,40.356237],[-3.404296,40.354697],[-3.405272,40.353414],[-3.408861,40.353005],[-3.409261,40.352121],[-3.41307,40.351606],[-3.415675,40.352225],[-3.426226,40.34971],[-3.426647,40.351335],[-3.432605,40.352289],[-3.435547,40.352045],[-3.437931,40.351216],[-3.440429,40.349889],[-3.442875,40.34946],[-3.445479,40.347762],[-3.447884,40.34571],[-3.452176,40.343132],[-3.453475,40.343264],[-3.452933,40.352822],[-3.451273,40.355003],[-3.451491,40.357792],[-3.452881,40.359839],[-3.454755,40.361752],[-3.455843,40.366559],[-3.458489,40.372977],[-3.459088,40.375297],[-3.45925,40.378948],[-3.459648,40.380225],[-3.461415,40.381141],[-3.464214,40.383362],[-3.462301,40.385034],[-3.463163,40.387028],[-3.465822,40.388492]]]}},{"type":"Feature","id":"municipio-087","properties":{"nombre":"Los Molinos","tipo":"municipio","contexto":"Comunidad de Madrid"},"geometry":{"type":"Polygon","coordinates":[[[-4.125814,40.727225],[-4.125207,40.729626],[-4.121569,40.733337],[-4.120763,40.735673],[-4.119495,40.736215],[-4.110444,40.743982],[-4.104089,40.747014],[-4.096991,40.747739],[-4.087101,40.737358],[-4.083185,40.734261],[-4.080307,40.731139],[-4.074337,40.726177],[-4.06787,40.723972],[-4.065714,40.722542],[-4.064896,40.718804],[-4.063684,40.717695],[-4.059135,40.714909],[-4.056599,40.714561],[-4.050438,40.714646],[-4.054254,40.713193],[-4.056214,40.711064],[-4.055987,40.71004],[-4.056163,40.708219],[-4.056553,40.707283],[-4.060174,40.703324],[-4.061567,40.700223],[-4.073276,40.700114],[-4.076227,40.69848],[-4.076769,40.700868],[-4.077915,40.701899],[-4.079906,40.702393],[-4.081061,40.701939],[-4.081269,40.700233],[-4.081887,40.699415],[-4.091599,40.705718],[-4.092692,40.706732],[-4.094463,40.707467],[-4.096695,40.706402],[-4.097708,40.704421],[-4.098816,40.703574],[-4.101795,40.703271],[-4.105868,40.703325],[-4.108877,40.704176],[-4.111506,40.706642],[-4.117912,40.711446],[-4.122881,40.71902],[-4.125692,40.724494],[-4.125814,40.727225]]]}},{"type":"Feature","id":"municipio-137","properties":{"nombre":"Los Santos de la Humosa","tipo":"municipio","contexto":"Comunidad de Madrid"},"geometry":{"type":"Polygon","coordinates":[[[-3.308817,40.502285],[-3.306977,40.504093],[-3.30616,40.505549],[-3.306358,40.506035],[-3.30761,40.50618],[-3.308675,40.506533],[-3.308759,40.506821],[-3.307856,40.507914],[-3.307744,40.508513],[-3.308135,40.509764],[-3.308146,40.511385],[-3.307552,40.512353],[-3.306468,40.513305],[-3.305378,40.513527],[-3.303647,40.511705],[-3.302279,40.511094],[-3.301315,40.511024],[-3.30061,40.511559],[-3.299914,40.512908],[-3.298957,40.513924],[-3.293895,40.516707],[-3.291506,40.517108],[-3.288423,40.516555],[-3.285833,40.516644],[-3.284918,40.517242],[-3.283909,40.52011],[-3.284039,40.521993],[-3.284772,40.52417],[-3.284177,40.525259],[-3.286073,40.524935],[-3.287696,40.524984],[-3.288035,40.525358],[-3.287495,40.526606],[-3.284638,40.528332],[-3.28985,40.53175],[-3.289323,40.531557],[-3.284348,40.535158],[-3.282904,40.533944],[-3.282054,40.535168],[-3.279515,40.53366],[-3.275514,40.533646],[-3.274646,40.535155],[-3.273258,40.536427],[-3.271731,40.536689],[-3.269935,40.536549],[-3.267432,40.537798],[-3.258887,40.539974],[-3.25829,40.540789],[-3.256205,40.541899],[-3.254053,40.542021],[-3.252803,40.541553],[-3.25122,40.542117],[-3.251254,40.543301],[-3.249915,40.544316],[-3.247968,40.543087],[-3.246852,40.542022],[-3.245748,40.540165],[-3.243288,40.537102],[-3.23543,40.532847],[-3.23406,40.532695],[-3.232474,40.532926],[-3.231186,40.531732],[-3.229929,40.532417],[-3.231461,40.534453],[-3.232352,40.536441],[-3.232664,40.538107],[-3.231978,40.539204],[-3.232225,40.539696],[-3.23141,40.539668],[-3.230455,40.539006],[-3.227061,40.536243],[-3.227704,40.535269],[-3.226701,40.532965],[-3.226771,40.532007],[-3.225495,40.530734],[-3.22515,40.529843],[-3.224478,40.529151],[-3.224409,40.527584],[-3.222857,40.525956],[-3.216925,40.523192],[-3.206915,40.519286],[-3.206421,40.518729],[-3.202173,40.516452],[-3.199955,40.514448],[-3.199628,40.511766],[-3.198814,40.508483],[-3.199227,40.506337],[-3.19892,40.503008],[-3.201048,40.499818],[-3.201268,40.498786],[-3.20971,40.50214],[-3.216297,40.503874],[-3.221332,40.504002],[-3.225254,40.504677],[-3.228358,40.501611],[-3.234036,40.500376],[-3.234293,40.499145],[-3.236559,40.497587],[-3.237506,40.497451],[-3.240782,40.495403],[-3.241942,40.492577],[-3.244294,40.49224],[-3.247205,40.490646],[-3.249167,40.489111],[-3.249636,40.487684],[-3.253476,40.486766],[-3.257256,40.484899],[-3.258325,40.483957],[-3.259765,40.484654],[-3.263892,40.484788],[-3.264813,40.485609],[-3.267743,40.485473],[-3.273316,40.486189],[-3.275786,40.488415],[-3.279232,40.490231],[-3.280752,40.490663],[-3.281329,40.492427],[-3.282958,40.493725],[-3.284086,40.494101],[-3.288137,40.495089],[-3.288996,40.494891],[-3.289165,40.494421],[-3.2922,40.494088],[-3.295554,40.494597],[-3.298768,40.494413],[-3.299758,40.49507],[-3.300581,40.496348],[-3.302327,40.497069],[-3.303099,40.496935],[-3.303696,40.497526],[-3.304264,40.497411],[-3.305206,40.497915],[-3.305905,40.49793],[-3.307042,40.498915],[-3.307514,40.500256],[-3.308817,40.502285]]]}},{"type":"Feature","id":"municipio-076","properties":{"nombre":"Lozoya","tipo":"municipio","contexto":"Comunidad de Madrid"},"geometry":{"type":"Polygon","coordinates":[[[-3.844507,40.982347],[-3.839277,40.983915],[-3.835172,40.984192],[-3.829094,40.986655],[-3.821225,40.984828],[-3.819423,40.985858],[-3.814002,40.986642],[-3.809442,40.98781],[-3.803138,40.992349],[-3.800026,40.993578],[-3.798649,40.993201],[-3.797157,40.993238],[-3.793498,40.994041],[-3.791288,40.995544],[-3.79043,40.995718],[-3.788884,40.998156],[-3.785425,41.000868],[-3.783931,41.000894],[-3.781366,41.000312],[-3.780668,41.001434],[-3.777187,41.004598],[-3.772603,41.010002],[-3.771082,41.01228],[-3.767645,41.008409],[-3.764002,41.00647],[-3.761476,41.005611],[-3.760018,41.003989],[-3.758011,41.000584],[-3.755492,40.993808],[-3.753854,40.992469],[-3.752202,40.991684],[-3.749831,40.990002],[-3.748502,40.98835],[-3.74711,40.988095],[-3.745931,40.987337],[-3.740984,40.981178],[-3.739894,40.978977],[-3.738667,40.974979],[-3.738129,40.974289],[-3.740034,40.973113],[-3.741733,40.97248],[-3.741892,40.971426],[-3.741398,40.9696],[-3.739315,40.965922],[-3.736064,40.962996],[-3.736108,40.962242],[-3.738765,40.959097],[-3.735306,40.949982],[-3.735965,40.949276],[-3.737155,40.946838],[-3.737527,40.942995],[-3.736806,40.942224],[-3.73686,40.94169],[-3.738723,40.941053],[-3.739846,40.939942],[-3.741433,40.939303],[-3.742054,40.939244],[-3.742961,40.939705],[-3.746977,40.936227],[-3.750987,40.9345],[-3.754559,40.931997],[-3.757904,40.930113],[-3.760398,40.92946],[-3.762476,40.928438],[-3.763698,40.927225],[-3.764344,40.927249],[-3.764921,40.926421],[-3.767195,40.925409],[-3.7725,40.925253],[-3.774361,40.924712],[-3.776818,40.922638],[-3.777873,40.920344],[-3.783614,40.916426],[-3.786318,40.913764],[-3.787031,40.913274],[-3.789393,40.913772],[-3.79609,40.918794],[-3.800783,40.923446],[-3.805542,40.927386],[-3.81729,40.938411],[-3.819656,40.941106],[-3.823528,40.943814],[-3.824508,40.944821],[-3.826946,40.945998],[-3.82769,40.946784],[-3.828389,40.948079],[-3.830514,40.950323],[-3.833235,40.95755],[-3.833807,40.961125],[-3.833576,40.964759],[-3.832911,40.967269],[-3.837351,40.974395],[-3.838847,40.97504],[-3.841711,40.980079],[-3.844507,40.982347]]]}},{"type":"Feature","id":"municipio-901","properties":{"nombre":"Lozoyuela-Navas-Sieteiglesias","tipo":"municipio","contexto":"Comunidad de Madrid"},"geometry":{"type":"Polygon","coordinates":[[[-3.67533,40.892196],[-3.66951,40.906721],[-3.667758,40.912083],[-3.662851,40.918387],[-3.663178,40.921471],[-3.663111,40.922243],[-3.662564,40.922918],[-3.66258,40.923925],[-3.662264,40.924381],[-3.65468,40.928142],[-3.651033,40.93254],[-3.647442,40.938535],[-3.646184,40.942837],[-3.646888,40.944521],[-3.644461,40.9537],[-3.638353,40.957213],[-3.63303,40.961042],[-3.629385,40.961546],[-3.62776,40.958497],[-3.624866,40.956113],[-3.622976,40.953097],[-3.621343,40.949256],[-3.619467,40.946688],[-3.618524,40.94624],[-3.612974,40.94156],[-3.608273,40.944291],[-3.605399,40.944733],[-3.604913,40.945429],[-3.60071,40.946877],[-3.597987,40.947268],[-3.593822,40.948936],[-3.593682,40.948668],[-3.588351,40.948243],[-3.584194,40.949127],[-3.58151,40.94622],[-3.581175,40.94532],[-3.571808,40.939899],[-3.570139,40.935725],[-3.569767,40.932905],[-3.570814,40.931097],[-3.573231,40.923915],[-3.576544,40.918857],[-3.575327,40.91821],[-3.574988,40.917259],[-3.572824,40.914944],[-3.572008,40.914504],[-3.571146,40.9116],[-3.568294,40.910121],[-3.568192,40.909297],[-3.568293,40.905537],[-3.568621,40.904246],[-3.570616,40.904175],[-3.571175,40.903253],[-3.572897,40.903137],[-3.572561,40.902101],[-3.573663,40.901232],[-3.582067,40.899269],[-3.594516,40.896839],[-3.599877,40.895051],[-3.602571,40.894447],[-3.601034,40.891109],[-3.599201,40.889097],[-3.599347,40.88867],[-3.609928,40.885336],[-3.615007,40.883203],[-3.619037,40.881993],[-3.62208,40.882723],[-3.626129,40.882205],[-3.63419,40.880758],[-3.639276,40.879346],[-3.644301,40.879269],[-3.650423,40.879747],[-3.65625,40.884849],[-3.663396,40.889407],[-3.665372,40.889954],[-3.66909,40.890438],[-3.67533,40.892196]]]}},{"type":"Feature","id":"municipio-078","properties":{"nombre":"Madarcos","tipo":"municipio","contexto":"Comunidad de Madrid"},"geometry":{"type":"Polygon","coordinates":[[[-3.588656,41.044578],[-3.587403,41.045422],[-3.587355,41.045883],[-3.586849,41.045974],[-3.586493,41.046765],[-3.586199,41.0486],[-3.586292,41.0524],[-3.586529,41.054704],[-3.587129,41.056889],[-3.586183,41.057936],[-3.584977,41.058588],[-3.580634,41.059497],[-3.577722,41.059008],[-3.571803,41.058783],[-3.563194,41.059057],[-3.562383,41.056234],[-3.562891,41.054507],[-3.561937,41.052837],[-3.562232,41.049486],[-3.561698,41.04884],[-3.559032,41.048307],[-3.559424,41.047972],[-3.558638,41.047015],[-3.55874,41.044454],[-3.554714,41.035959],[-3.557355,41.030446],[-3.557987,41.027987],[-3.558433,41.027417],[-3.55933,41.0271],[-3.560434,41.02519],[-3.561646,41.025075],[-3.562301,41.02606],[-3.564984,41.025908],[-3.565833,41.025305],[-3.568318,41.024875],[-3.569581,41.023651],[-3.575219,41.024003],[-3.578932,41.023165],[-3.57982,41.021317],[-3.580788,41.021753],[-3.582535,41.021964],[-3.583637,41.021603],[-3.586322,41.022473],[-3.586362,41.023408],[-3.585521,41.024192],[-3.584329,41.023883],[-3.582799,41.025794],[-3.580406,41.026171],[-3.580448,41.027831],[-3.579943,41.029824],[-3.580282,41.030537],[-3.581371,41.031463],[-3.585007,41.033231],[-3.584967,41.03358],[-3.583861,41.034526],[-3.582316,41.033843],[-3.581897,41.034034],[-3.58182,41.034392],[-3.585992,41.037798],[-3.586534,41.039376],[-3.587541,41.040823],[-3.586586,41.041804],[-3.586566,41.042183],[-3.587827,41.044065],[-3.588656,41.044578]]]}},{"type":"Feature","id":"municipio-079","properties":{"nombre":"Madrid","tipo":"municipio","contexto":"Comunidad de Madrid"},"geometry":{"type":"Polygon","coordinates":[[[-3.518126,40.40214],[-3.51856,40.400111],[-3.519598,40.397853],[-3.520407,40.392102],[-3.522589,40.391865],[-3.526891,40.389795],[-3.529151,40.389385],[-3.532085,40.391424],[-3.533634,40.391625],[-3.538148,40.388732],[-3.540599,40.386787],[-3.550026,40.377894],[-3.552545,40.374852],[-3.558232,40.366459],[-3.561383,40.363203],[-3.565224,40.360076],[-3.556851,40.357939],[-3.554251,40.356654],[-3.557011,40.355094],[-3.555121,40.354059],[-3.55769,40.352667],[-3.558914,40.35027],[-3.560741,40.349177],[-3.562157,40.347094],[-3.56536,40.344379],[-3.568246,40.340904],[-3.569945,40.337632],[-3.572738,40.33366],[-3.575281,40.331862],[-3.57952,40.32795],[-3.582487,40.326256],[-3.584363,40.322564],[-3.585071,40.320416],[-3.585074,40.318355],[-3.583817,40.315813],[-3.582409,40.316141],[-3.581886,40.315882],[-3.579282,40.315868],[-3.577796,40.314648],[-3.576126,40.314886],[-3.577968,40.313891],[-3.580656,40.313791],[-3.587435,40.312791],[-3.598259,40.312065],[-3.611151,40.314313],[-3.613877,40.315589],[-3.615965,40.317762],[-3.620008,40.319118],[-3.623534,40.31985],[-3.624692,40.320427],[-3.625992,40.319225],[-3.63043,40.320773],[-3.635161,40.324027],[-3.634966,40.324172],[-3.635996,40.325068],[-3.64037,40.327906],[-3.643032,40.329264],[-3.644535,40.330862],[-3.649156,40.333416],[-3.650018,40.332276],[-3.650276,40.332412],[-3.659889,40.327753],[-3.661255,40.327737],[-3.663834,40.329034],[-3.665047,40.328458],[-3.666726,40.32714],[-3.667372,40.326193],[-3.669184,40.325165],[-3.670152,40.324974],[-3.674285,40.326067],[-3.678001,40.326458],[-3.679214,40.326331],[-3.680508,40.32562],[-3.680957,40.324604],[-3.681817,40.323956],[-3.685067,40.322256],[-3.689862,40.321363],[-3.692999,40.320053],[-3.696162,40.322218],[-3.703125,40.322121],[-3.710078,40.323401],[-3.712543,40.323494],[-3.712908,40.325629],[-3.714445,40.328059],[-3.720169,40.330807],[-3.723666,40.333553],[-3.724926,40.334986],[-3.720891,40.365548],[-3.72346,40.365372],[-3.727115,40.364542],[-3.730557,40.363345],[-3.757707,40.357261],[-3.771149,40.359863],[-3.772354,40.359766],[-3.773431,40.360544],[-3.780318,40.361865],[-3.787841,40.358706],[-3.79503,40.361778],[-3.802858,40.363332],[-3.80693,40.366453],[-3.810515,40.363717],[-3.813289,40.369833],[-3.816648,40.37401],[-3.822767,40.380489],[-3.823729,40.382137],[-3.831927,40.392409],[-3.833456,40.395473],[-3.834162,40.396058],[-3.820564,40.396606],[-3.818265,40.395955],[-3.814852,40.394033],[-3.810862,40.392805],[-3.804257,40.392057],[-3.796466,40.392265],[-3.793789,40.393634],[-3.788587,40.393973],[-3.789394,40.392419],[-3.781485,40.394183],[-3.780109,40.395837],[-3.779675,40.396845],[-3.778114,40.397655],[-3.77765,40.399136],[-3.775853,40.400089],[-3.77456,40.400306],[-3.774343,40.402108],[-3.776351,40.404039],[-3.778366,40.407619],[-3.779438,40.412175],[-3.780579,40.414291],[-3.781394,40.417571],[-3.780356,40.421906],[-3.779116,40.42428],[-3.770782,40.429426],[-3.770829,40.444057],[-3.777524,40.443686],[-3.779484,40.444214],[-3.784686,40.444357],[-3.79009,40.442362],[-3.788784,40.445767],[-3.790219,40.44581],[-3.790336,40.44771],[-3.790957,40.447499],[-3.791388,40.449436],[-3.79342,40.453308],[-3.792966,40.453705],[-3.793111,40.454007],[-3.794661,40.455913],[-3.795465,40.456469],[-3.795296,40.457004],[-3.795819,40.457913],[-3.798892,40.459145],[-3.802474,40.462082],[-3.804136,40.463031],[-3.807329,40.463482],[-3.810116,40.464292],[-3.812894,40.463758],[-3.815172,40.463801],[-3.817408,40.464487],[-3.81987,40.464425],[-3.824777,40.464841],[-3.827122,40.466007],[-3.828975,40.466314],[-3.830922,40.465934],[-3.834353,40.464417],[-3.836915,40.466976],[-3.838257,40.467767],[-3.838134,40.470925],[-3.837383,40.472962],[-3.836115,40.474894],[-3.837398,40.475745],[-3.836466,40.48059],[-3.836668,40.480864],[-3.836013,40.482059],[-3.835083,40.482559],[-3.834234,40.484041],[-3.833312,40.485976],[-3.833173,40.487779],[-3.833434,40.48984],[-3.834191,40.491939],[-3.834428,40.494066],[-3.839402,40.499385],[-3.838641,40.502819],[-3.837109,40.505892],[-3.849166,40.509031],[-3.849713,40.508825],[-3.852543,40.509787],[-3.854013,40.511997],[-3.853351,40.514535],[-3.852224,40.515471],[-3.851879,40.516732],[-3.851288,40.517647],[-3.853331,40.519513],[-3.854376,40.521354],[-3.854369,40.522572],[-3.853696,40.524418],[-3.856132,40.52693],[-3.857729,40.52788],[-3.858276,40.529343],[-3.858122,40.530123],[-3.859536,40.531281],[-3.860611,40.532909],[-3.863009,40.534665],[-3.863867,40.537547],[-3.863876,40.539239],[-3.864268,40.539627],[-3.865015,40.541835],[-3.865504,40.542387],[-3.86567,40.543403],[-3.867359,40.545544],[-3.869445,40.547415],[-3.86915,40.548345],[-3.870764,40.551125],[-3.872161,40.552271],[-3.872801,40.553409],[-3.87296,40.555229],[-3.873833,40.557569],[-3.87512,40.558119],[-3.875425,40.558798],[-3.878939,40.559574],[-3.882094,40.559637],[-3.884816,40.560843],[-3.884932,40.561745],[-3.883902,40.563147],[-3.88382,40.563837],[-3.887083,40.566456],[-3.888963,40.570859],[-3.888409,40.572224],[-3.885751,40.574128],[-3.883732,40.579096],[-3.883776,40.580319],[-3.884179,40.581281],[-3.883433,40.582531],[-3.883811,40.583381],[-3.883686,40.585277],[-3.876847,40.588625],[-3.87611,40.589269],[-3.876174,40.58998],[-3.875903,40.590176],[-3.8739,40.591152],[-3.867377,40.592163],[-3.865967,40.591788],[-3.864902,40.590412],[-3.863534,40.589502],[-3.861305,40.588898],[-3.859927,40.588185],[-3.8585,40.587905],[-3.85541,40.588215],[-3.854969,40.587999],[-3.850238,40.59044],[-3.848758,40.590959],[-3.845658,40.591361],[-3.843408,40.592376],[-3.841692,40.592671],[-3.837696,40.591357],[-3.835402,40.592115],[-3.833271,40.593528],[-3.82755,40.594694],[-3.822748,40.594395],[-3.820287,40.595011],[-3.816135,40.59501],[-3.814437,40.595417],[-3.813926,40.596137],[-3.812527,40.596905],[-3.806008,40.599867],[-3.809377,40.605025],[-3.810142,40.60665],[-3.812795,40.608162],[-3.811449,40.608717],[-3.810817,40.609385],[-3.809948,40.609439],[-3.809608,40.609869],[-3.809176,40.609313],[-3.808225,40.609168],[-3.806201,40.609511],[-3.806079,40.609257],[-3.806451,40.608641],[-3.806125,40.607916],[-3.804855,40.607187],[-3.80053,40.605901],[-3.800317,40.604834],[-3.803499,40.599052],[-3.803355,40.598882],[-3.801112,40.598888],[-3.799119,40.59849],[-3.79724,40.599702],[-3.796038,40.599902],[-3.789912,40.59899],[-3.789056,40.5991],[-3.786322,40.600384],[-3.785024,40.600479],[-3.783484,40.601768],[-3.782263,40.60146],[-3.781634,40.60081],[-3.779787,40.601169],[-3.778935,40.601744],[-3.778263,40.601732],[-3.774319,40.600547],[-3.768169,40.599661],[-3.765241,40.598398],[-3.764208,40.598323],[-3.759852,40.597009],[-3.758462,40.596092],[-3.757372,40.596062],[-3.753642,40.594759],[-3.752954,40.594766],[-3.750148,40.592439],[-3.749258,40.592711],[-3.74581,40.592204],[-3.740817,40.590646],[-3.739686,40.589301],[-3.738565,40.586943],[-3.737269,40.58607],[-3.733157,40.585266],[-3.729809,40.58509],[-3.720662,40.582219],[-3.71942,40.582125],[-3.717252,40.582898],[-3.714538,40.582657],[-3.713,40.583294],[-3.711494,40.58305],[-3.707885,40.583757],[-3.707632,40.58315],[-3.705397,40.58298],[-3.705385,40.584697],[-3.701959,40.586951],[-3.696332,40.589879],[-3.69201,40.597393],[-3.690575,40.601431],[-3.687417,40.606809],[-3.685083,40.608661],[-3.679224,40.611175],[-3.674656,40.61641],[-3.671213,40.617472],[-3.666835,40.619581],[-3.666552,40.620064],[-3.666974,40.622535],[-3.668521,40.625917],[-3.668349,40.628892],[-3.665758,40.63377],[-3.662394,40.637875],[-3.661674,40.639492],[-3.65848,40.642054],[-3.655694,40.64328],[-3.652214,40.642658],[-3.648756,40.641401],[-3.644479,40.63809],[-3.638824,40.638403],[-3.636702,40.636778],[-3.636221,40.635127],[-3.634582,40.633465],[-3.632929,40.630693],[-3.630146,40.628285],[-3.629654,40.62681],[-3.630212,40.625812],[-3.628852,40.622339],[-3.629493,40.620576],[-3.628657,40.619414],[-3.628598,40.618125],[-3.628282,40.617645],[-3.626939,40.616906],[-3.623916,40.616501],[-3.622601,40.615909],[-3.619873,40.611904],[-3.618011,40.611265],[-3.61782,40.610173],[-3.618391,40.608959],[-3.6168,40.606971],[-3.61716,40.606037],[-3.617111,40.605161],[-3.616097,40.603048],[-3.616486,40.602072],[-3.616365,40.601523],[-3.615307,40.600715],[-3.614276,40.600586],[-3.610578,40.598765],[-3.608743,40.598454],[-3.606931,40.596837],[-3.605212,40.59646],[-3.60473,40.595791],[-3.60477,40.594296],[-3.60337,40.59303],[-3.60185,40.592391],[-3.601916,40.591001],[-3.60298,40.589009],[-3.605018,40.587755],[-3.606424,40.585117],[-3.611909,40.581901],[-3.616368,40.580492],[-3.62501,40.573615],[-3.627983,40.573597],[-3.631124,40.574863],[-3.632453,40.574501],[-3.634658,40.574466],[-3.639727,40.575107],[-3.642647,40.576421],[-3.650317,40.577424],[-3.650919,40.577968],[-3.652727,40.581086],[-3.654509,40.586094],[-3.656304,40.588997],[-3.658969,40.590508],[-3.660319,40.591671],[-3.663735,40.592328],[-3.66719,40.592119],[-3.682191,40.584945],[-3.685859,40.582916],[-3.687249,40.582581],[-3.688603,40.582613],[-3.690694,40.580976],[-3.691843,40.580469],[-3.699428,40.578637],[-3.701589,40.57864],[-3.701591,40.578315],[-3.700027,40.578205],[-3.698195,40.576894],[-3.6973,40.57601],[-3.697012,40.574816],[-3.694952,40.57369],[-3.693515,40.572072],[-3.69263,40.571582],[-3.692392,40.570706],[-3.690725,40.569173],[-3.690407,40.569835],[-3.689397,40.570358],[-3.689561,40.568691],[-3.688955,40.567165],[-3.686969,40.563149],[-3.685751,40.559647],[-3.682408,40.553831],[-3.682121,40.552906],[-3.682477,40.551325],[-3.6819,40.54999],[-3.680238,40.548734],[-3.678796,40.546887],[-3.67874,40.545382],[-3.678169,40.543396],[-3.677449,40.542336],[-3.675624,40.540782],[-3.674084,40.538188],[-3.672057,40.537372],[-3.670223,40.535024],[-3.669324,40.53438],[-3.671015,40.532063],[-3.675724,40.528381],[-3.676528,40.527245],[-3.677207,40.526992],[-3.675067,40.525575],[-3.672029,40.524366],[-3.667651,40.525008],[-3.665944,40.524476],[-3.66562,40.522958],[-3.666239,40.521125],[-3.66287,40.520033],[-3.659158,40.513593],[-3.658599,40.511669],[-3.657885,40.511461],[-3.65617,40.513097],[-3.654533,40.512788],[-3.652381,40.511438],[-3.652448,40.511122],[-3.649034,40.510794],[-3.648015,40.510426],[-3.645848,40.508421],[-3.644841,40.507882],[-3.642105,40.508212],[-3.633276,40.507651],[-3.631125,40.508435],[-3.628284,40.50842],[-3.625848,40.509382],[-3.625071,40.509476],[-3.622944,40.509048],[-3.620976,40.510152],[-3.618221,40.510108],[-3.615074,40.510959],[-3.614265,40.510728],[-3.614179,40.510183],[-3.613432,40.509596],[-3.611077,40.508855],[-3.609374,40.507392],[-3.606625,40.505887],[-3.606229,40.505491],[-3.60577,40.504008],[-3.602837,40.501334],[-3.602415,40.501277],[-3.601324,40.501719],[-3.60021,40.501794],[-3.597858,40.501239],[-3.593268,40.501407],[-3.58912,40.504515],[-3.58683,40.505379],[-3.584716,40.50672],[-3.582904,40.508457],[-3.577951,40.510371],[-3.57588,40.510414],[-3.572048,40.512405],[-3.564996,40.512056],[-3.561755,40.511157],[-3.561668,40.510687],[-3.558383,40.511256],[-3.554259,40.511336],[-3.555129,40.508567],[-3.554947,40.505459],[-3.555213,40.503154],[-3.553406,40.50246],[-3.553606,40.501948],[-3.553305,40.499993],[-3.552408,40.499007],[-3.550237,40.497775],[-3.544164,40.495678],[-3.541778,40.494088],[-3.541792,40.492767],[-3.541261,40.491601],[-3.540989,40.488587],[-3.536947,40.486436],[-3.537283,40.484393],[-3.535807,40.482233],[-3.534883,40.479931],[-3.534345,40.472953],[-3.533948,40.472001],[-3.532879,40.471422],[-3.53084,40.471282],[-3.526951,40.470425],[-3.524971,40.469114],[-3.52519,40.467479],[-3.52869,40.463589],[-3.529554,40.46074],[-3.529027,40.458377],[-3.527024,40.45668],[-3.526465,40.45543],[-3.527092,40.454819],[-3.528444,40.454406],[-3.529896,40.454335],[-3.531152,40.454726],[-3.532064,40.454694],[-3.532954,40.454222],[-3.534001,40.453153],[-3.534519,40.452486],[-3.534492,40.451914],[-3.531148,40.446873],[-3.533834,40.446252],[-3.535496,40.446478],[-3.534991,40.444957],[-3.535585,40.444708],[-3.538409,40.445011],[-3.537975,40.444312],[-3.540829,40.444634],[-3.541355,40.443627],[-3.54521,40.442616],[-3.551772,40.44169],[-3.559104,40.438446],[-3.561072,40.437958],[-3.564124,40.438061],[-3.566322,40.437434],[-3.568548,40.436211],[-3.573802,40.437672],[-3.575946,40.436743],[-3.575109,40.434102],[-3.579124,40.433624],[-3.579137,40.433156],[-3.576975,40.429835],[-3.576326,40.42968],[-3.577483,40.426013],[-3.575254,40.425574],[-3.576278,40.423893],[-3.577649,40.420247],[-3.579532,40.417338],[-3.578056,40.41499],[-3.57764,40.413663],[-3.5729,40.411768],[-3.570916,40.411962],[-3.568406,40.412946],[-3.564125,40.413532],[-3.558715,40.413074],[-3.555505,40.412027],[-3.553403,40.411688],[-3.550488,40.411942],[-3.549284,40.412324],[-3.539768,40.410492],[-3.539666,40.411592],[-3.53829,40.411427],[-3.537573,40.412474],[-3.536213,40.412518],[-3.536124,40.412909],[-3.53563,40.413151],[-3.535167,40.414415],[-3.532803,40.414114],[-3.530226,40.414715],[-3.53119,40.420084],[-3.525184,40.416342],[-3.524496,40.415336],[-3.52249,40.414038],[-3.521693,40.413107],[-3.519181,40.408885],[-3.519154,40.405377],[-3.518203,40.403128],[-3.518126,40.40214]]]}},{"type":"Feature","id":"municipio-080","properties":{"nombre":"Majadahonda","tipo":"municipio","contexto":"Comunidad de Madrid"},"geometry":{"type":"Polygon","coordinates":[[[-3.944893,40.455209],[-3.944666,40.455811],[-3.944884,40.456286],[-3.944541,40.456897],[-3.940698,40.459349],[-3.938603,40.461481],[-3.938826,40.463089],[-3.939679,40.465121],[-3.938532,40.46656],[-3.93678,40.468067],[-3.937233,40.468743],[-3.937392,40.470535],[-3.938455,40.473489],[-3.938052,40.476595],[-3.936519,40.477844],[-3.936152,40.47936],[-3.937041,40.483001],[-3.93699,40.484486],[-3.936561,40.485914],[-3.936785,40.486355],[-3.936519,40.488451],[-3.935987,40.489284],[-3.935935,40.490297],[-3.936058,40.491349],[-3.936911,40.493024],[-3.936089,40.495084],[-3.935654,40.497905],[-3.935015,40.498946],[-3.933791,40.499943],[-3.932112,40.49968],[-3.931817,40.499119],[-3.931377,40.498926],[-3.929776,40.499322],[-3.927891,40.49917],[-3.926894,40.498755],[-3.926471,40.498904],[-3.926548,40.499646],[-3.926216,40.499901],[-3.92442,40.499836],[-3.923628,40.499093],[-3.923333,40.500093],[-3.922792,40.499675],[-3.921433,40.499719],[-3.917842,40.501264],[-3.914931,40.501086],[-3.913278,40.501627],[-3.911183,40.501162],[-3.910243,40.501295],[-3.908295,40.498984],[-3.908136,40.498369],[-3.907488,40.497859],[-3.907042,40.496401],[-3.905802,40.495],[-3.902722,40.494361],[-3.895352,40.490752],[-3.89609,40.49038],[-3.892502,40.487671],[-3.891882,40.487855],[-3.881996,40.485006],[-3.881542,40.485395],[-3.880624,40.485333],[-3.878052,40.484309],[-3.877659,40.483481],[-3.876001,40.483979],[-3.875925,40.483536],[-3.873134,40.483519],[-3.871791,40.48284],[-3.861349,40.480408],[-3.842675,40.477067],[-3.838905,40.475622],[-3.836726,40.475123],[-3.836115,40.474894],[-3.837383,40.472962],[-3.838134,40.470925],[-3.838257,40.467767],[-3.836915,40.466976],[-3.834353,40.464417],[-3.842984,40.460512],[-3.846523,40.457803],[-3.849582,40.452142],[-3.849889,40.448961],[-3.848486,40.445351],[-3.855944,40.445374],[-3.861784,40.443895],[-3.877766,40.444589],[-3.882403,40.445456],[-3.884387,40.446797],[-3.889967,40.44964],[-3.891106,40.451011],[-3.896212,40.455202],[-3.897905,40.455976],[-3.899111,40.456197],[-3.902557,40.453913],[-3.904867,40.45192],[-3.906508,40.448223],[-3.906874,40.446484],[-3.909457,40.442843],[-3.911094,40.443343],[-3.919696,40.442654],[-3.923352,40.441875],[-3.925708,40.442726],[-3.930475,40.447144],[-3.930706,40.448348],[-3.9331,40.449955],[-3.943359,40.454533],[-3.944859,40.454857],[-3.944893,40.455209]]]}},{"type":"Feature","id":"municipio-082","properties":{"nombre":"Manzanares el Real","tipo":"municipio","contexto":"Comunidad de Madrid"},"geometry":{"type":"MultiPolygon","coordinates":[[[[-3.933089,40.724649],[-3.936824,40.715363],[-3.938532,40.713824],[-3.940725,40.712553],[-3.940879,40.714403],[-3.942904,40.715829],[-3.94868,40.717759],[-3.949835,40.716961],[-3.951558,40.721758],[-3.948481,40.723189],[-3.93859,40.726968],[-3.938663,40.72717],[-3.937141,40.726975],[-3.935457,40.725728],[-3.934175,40.726182],[-3.93335,40.725472],[-3.933089,40.724649]]],[[[-3.800586,40.711173],[-3.801301,40.711423],[-3.802913,40.709547],[-3.804436,40.710809],[-3.804872,40.71054],[-3.805958,40.710795],[-3.806383,40.709597],[-3.806828,40.70932],[-3.807498,40.70954],[-3.808586,40.708726],[-3.808649,40.70829],[-3.810104,40.706414],[-3.811263,40.706003],[-3.81479,40.703735],[-3.818022,40.700256],[-3.818924,40.698877],[-3.820696,40.695385],[-3.820578,40.69349],[-3.821179,40.692267],[-3.822617,40.691063],[-3.824092,40.690851],[-3.825205,40.689029],[-3.826773,40.687317],[-3.82701,40.686106],[-3.82843,40.683125],[-3.830053,40.680704],[-3.835229,40.683522],[-3.838705,40.685019],[-3.839096,40.686734],[-3.842057,40.686843],[-3.848811,40.686197],[-3.849809,40.685185],[-3.854098,40.684911],[-3.861155,40.686297],[-3.862107,40.686202],[-3.863496,40.685835],[-3.865077,40.683854],[-3.867743,40.681672],[-3.87088,40.680963],[-3.875721,40.681153],[-3.87819,40.681807],[-3.878491,40.681381],[-3.881253,40.681424],[-3.882573,40.6806],[-3.883879,40.680208],[-3.88535,40.680257],[-3.888964,40.679453],[-3.890646,40.679548],[-3.891032,40.67922],[-3.891745,40.679345],[-3.892812,40.680543],[-3.896332,40.681989],[-3.897243,40.682904],[-3.899252,40.68322],[-3.899989,40.682997],[-3.90106,40.682142],[-3.901234,40.679349],[-3.902254,40.679342],[-3.913044,40.687537],[-3.911044,40.689733],[-3.90804,40.693912],[-3.907923,40.694536],[-3.905611,40.696816],[-3.902489,40.699275],[-3.8955,40.702364],[-3.893437,40.7029],[-3.891764,40.704363],[-3.891673,40.704782],[-3.893869,40.709256],[-3.893218,40.714436],[-3.89752,40.71853],[-3.898603,40.723457],[-3.901005,40.73],[-3.903549,40.731781],[-3.90566,40.736537],[-3.906924,40.738614],[-3.912171,40.739591],[-3.912486,40.740062],[-3.921023,40.743234],[-3.922743,40.745015],[-3.925117,40.746625],[-3.928832,40.748489],[-3.933491,40.75232],[-3.942064,40.755185],[-3.946997,40.758393],[-3.949945,40.760995],[-3.951843,40.76351],[-3.955059,40.764882],[-3.960267,40.765661],[-3.965122,40.768198],[-3.968015,40.767962],[-3.968603,40.767111],[-3.970846,40.769273],[-3.972776,40.77052],[-3.972496,40.77481],[-3.971518,40.776892],[-3.97411,40.779042],[-3.974582,40.781098],[-3.975823,40.783958],[-3.979676,40.784555],[-3.979172,40.786074],[-3.978119,40.787418],[-3.975866,40.787726],[-3.973204,40.78931],[-3.968615,40.790868],[-3.964528,40.791924],[-3.963024,40.791498],[-3.962653,40.792667],[-3.960083,40.794873],[-3.950515,40.794661],[-3.947283,40.795494],[-3.938601,40.796017],[-3.934957,40.797639],[-3.932879,40.799464],[-3.931218,40.800507],[-3.92134,40.800289],[-3.919153,40.799832],[-3.913649,40.800699],[-3.912019,40.80131],[-3.910199,40.802426],[-3.903079,40.80437],[-3.898493,40.80467],[-3.897109,40.805311],[-3.893167,40.805776],[-3.890999,40.806494],[-3.888351,40.806614],[-3.885356,40.807576],[-3.882911,40.805877],[-3.879107,40.805293],[-3.874124,40.808928],[-3.870949,40.810219],[-3.866083,40.813927],[-3.864403,40.814124],[-3.861837,40.815007],[-3.854517,40.81454],[-3.851229,40.813317],[-3.844055,40.81355],[-3.838152,40.812218],[-3.838389,40.808965],[-3.835393,40.800082],[-3.834643,40.79845],[-3.830201,40.793094],[-3.830161,40.789647],[-3.828568,40.784071],[-3.828485,40.781454],[-3.826449,40.775194],[-3.825368,40.772596],[-3.825099,40.772532],[-3.822724,40.756549],[-3.820391,40.750832],[-3.82014,40.749728],[-3.820082,40.745507],[-3.819412,40.743887],[-3.818357,40.738541],[-3.814929,40.739198],[-3.813032,40.7336],[-3.807821,40.723844],[-3.807156,40.720759],[-3.803311,40.716973],[-3.801606,40.715874],[-3.800586,40.711173]]]]}},{"type":"Feature","id":"municipio-083","properties":{"nombre":"Meco","tipo":"municipio","contexto":"Comunidad de Madrid"},"geometry":{"type":"Polygon","coordinates":[[[-3.363494,40.56171],[-3.363057,40.56284],[-3.360209,40.56556],[-3.358079,40.566733],[-3.357009,40.569194],[-3.354204,40.568421],[-3.353597,40.567956],[-3.352413,40.569264],[-3.353836,40.569678],[-3.350536,40.572778],[-3.349268,40.573589],[-3.347028,40.572636],[-3.345887,40.573016],[-3.345347,40.574265],[-3.346632,40.575538],[-3.341485,40.579018],[-3.343478,40.580534],[-3.344651,40.580126],[-3.346836,40.581234],[-3.347536,40.580965],[-3.348259,40.581738],[-3.346198,40.583126],[-3.342122,40.585228],[-3.343034,40.586805],[-3.340246,40.589451],[-3.340966,40.589758],[-3.339795,40.591531],[-3.340681,40.592206],[-3.339701,40.592642],[-3.33822,40.591332],[-3.33706,40.591798],[-3.336342,40.594426],[-3.338364,40.596826],[-3.334906,40.598325],[-3.334074,40.599458],[-3.332125,40.59997],[-3.330716,40.600921],[-3.327751,40.598928],[-3.330335,40.597369],[-3.328007,40.594945],[-3.328275,40.594836],[-3.321164,40.589682],[-3.316084,40.584073],[-3.308339,40.579124],[-3.305146,40.578004],[-3.303939,40.57855],[-3.302687,40.578288],[-3.302865,40.577962],[-3.299943,40.576397],[-3.297701,40.574398],[-3.296348,40.575207],[-3.292608,40.573016],[-3.289559,40.572158],[-3.28706,40.572325],[-3.286778,40.572605],[-3.287093,40.572129],[-3.284069,40.568977],[-3.28527,40.567812],[-3.287115,40.565158],[-3.283095,40.563596],[-3.284787,40.561428],[-3.288396,40.558639],[-3.284828,40.555718],[-3.286396,40.554152],[-3.283102,40.550964],[-3.285553,40.548483],[-3.285034,40.547513],[-3.290646,40.54442],[-3.291914,40.543291],[-3.293056,40.541407],[-3.294062,40.540627],[-3.295005,40.538983],[-3.297127,40.537521],[-3.28985,40.53175],[-3.293656,40.528774],[-3.29413,40.529173],[-3.296898,40.52832],[-3.299847,40.530851],[-3.300473,40.532564],[-3.300956,40.532759],[-3.302593,40.531465],[-3.304855,40.533103],[-3.305926,40.531836],[-3.30631,40.531723],[-3.30692,40.529859],[-3.308057,40.529036],[-3.309271,40.528847],[-3.31185,40.527281],[-3.314252,40.525741],[-3.315748,40.524357],[-3.316255,40.524405],[-3.316681,40.523972],[-3.320215,40.523074],[-3.323142,40.52128],[-3.33015,40.525989],[-3.339528,40.530135],[-3.339907,40.530684],[-3.346223,40.53165],[-3.349081,40.531498],[-3.350765,40.531813],[-3.350417,40.532964],[-3.35254,40.539707],[-3.354566,40.542619],[-3.355,40.544405],[-3.355923,40.545729],[-3.357252,40.549472],[-3.359076,40.550607],[-3.360065,40.551949],[-3.357635,40.552674],[-3.362281,40.558471],[-3.360667,40.560301],[-3.363494,40.56171]]]}},{"type":"Feature","id":"municipio-084","properties":{"nombre":"Mejorada del Campo","tipo":"municipio","contexto":"Comunidad de Madrid"},"geometry":{"type":"Polygon","coordinates":[[[-3.439931,40.412551],[-3.441505,40.412528],[-3.440845,40.410758],[-3.44014,40.410077],[-3.441136,40.409448],[-3.441576,40.408156],[-3.440421,40.405209],[-3.441216,40.405023],[-3.441452,40.404085],[-3.44372,40.402485],[-3.444459,40.4009],[-3.445452,40.401203],[-3.447295,40.398512],[-3.449748,40.397378],[-3.449016,40.394961],[-3.451066,40.395117],[-3.454337,40.393198],[-3.455846,40.393898],[-3.458455,40.391064],[-3.458616,40.390242],[-3.459351,40.389594],[-3.461267,40.388676],[-3.462439,40.388733],[-3.46417,40.389336],[-3.465822,40.388492],[-3.465052,40.386934],[-3.465901,40.38658],[-3.466415,40.38709],[-3.469617,40.384735],[-3.474245,40.382025],[-3.478163,40.380658],[-3.484615,40.378938],[-3.489017,40.378075],[-3.491792,40.378337],[-3.500293,40.377966],[-3.500528,40.37923],[-3.501616,40.380586],[-3.503478,40.381792],[-3.505121,40.381963],[-3.505995,40.382636],[-3.50509,40.384608],[-3.504901,40.38428],[-3.500497,40.385244],[-3.50073,40.387311],[-3.501804,40.387505],[-3.502811,40.388325],[-3.502924,40.389924],[-3.501693,40.390425],[-3.502387,40.392907],[-3.503786,40.391866],[-3.504841,40.389246],[-3.506652,40.388602],[-3.506804,40.389099],[-3.50528,40.392164],[-3.505495,40.393459],[-3.50862,40.395403],[-3.509145,40.395363],[-3.509212,40.395984],[-3.508941,40.397474],[-3.507663,40.399301],[-3.504797,40.402293],[-3.50077,40.405801],[-3.50075,40.406264],[-3.50131,40.406952],[-3.503172,40.40726],[-3.503127,40.407848],[-3.501979,40.409199],[-3.500572,40.409627],[-3.497011,40.409353],[-3.496488,40.409577],[-3.495883,40.411032],[-3.494893,40.411882],[-3.492734,40.411986],[-3.489596,40.413398],[-3.487875,40.413719],[-3.485697,40.413022],[-3.484544,40.413105],[-3.483601,40.413441],[-3.483209,40.41426],[-3.475057,40.416378],[-3.472281,40.416338],[-3.46917,40.417956],[-3.461529,40.418927],[-3.45703,40.419013],[-3.453184,40.420264],[-3.452545,40.421644],[-3.449282,40.421588],[-3.442119,40.418684],[-3.439931,40.412551]]]}},{"type":"Feature","id":"municipio-085","properties":{"nombre":"Miraflores de la Sierra","tipo":"municipio","contexto":"Comunidad de Madrid"},"geometry":{"type":"Polygon","coordinates":[[[-3.830229,40.831005],[-3.815358,40.840718],[-3.808352,40.847834],[-3.802403,40.84724],[-3.798242,40.849004],[-3.796179,40.846708],[-3.791797,40.846947],[-3.789402,40.846532],[-3.789618,40.845559],[-3.786732,40.844089],[-3.786389,40.843668],[-3.78677,40.843345],[-3.786263,40.842795],[-3.786391,40.84171],[-3.785848,40.841532],[-3.785536,40.840815],[-3.785042,40.840503],[-3.78497,40.8393],[-3.785577,40.838454],[-3.784748,40.837587],[-3.78471,40.83712],[-3.783168,40.83682],[-3.782219,40.835953],[-3.781498,40.834509],[-3.780612,40.83375],[-3.780763,40.832761],[-3.779812,40.83247],[-3.779794,40.830922],[-3.778431,40.83045],[-3.778038,40.829538],[-3.776713,40.829196],[-3.776235,40.828587],[-3.774938,40.827863],[-3.773827,40.826476],[-3.773495,40.825458],[-3.768764,40.825432],[-3.764526,40.823622],[-3.759056,40.820625],[-3.75459,40.81737],[-3.752219,40.815108],[-3.746898,40.811554],[-3.747268,40.810876],[-3.747218,40.810326],[-3.746266,40.809178],[-3.745547,40.808977],[-3.74487,40.808197],[-3.744855,40.807794],[-3.745406,40.807441],[-3.745448,40.807079],[-3.742608,40.805997],[-3.74138,40.804806],[-3.739639,40.805316],[-3.739089,40.804774],[-3.737112,40.805245],[-3.736198,40.804796],[-3.734301,40.804925],[-3.732694,40.802979],[-3.72931,40.802175],[-3.727582,40.801013],[-3.726556,40.801042],[-3.72455,40.80035],[-3.724377,40.798239],[-3.722676,40.797377],[-3.731496,40.78902],[-3.73315,40.788248],[-3.735932,40.78467],[-3.737317,40.783359],[-3.741019,40.777507],[-3.740576,40.774671],[-3.737189,40.769286],[-3.743608,40.76677],[-3.741896,40.765217],[-3.723579,40.742768],[-3.71037,40.729307],[-3.713143,40.728522],[-3.723898,40.729874],[-3.72705,40.731184],[-3.731303,40.730384],[-3.733604,40.730919],[-3.732818,40.731942],[-3.733376,40.735707],[-3.734471,40.737329],[-3.736877,40.739808],[-3.738615,40.743411],[-3.739357,40.744401],[-3.740009,40.746171],[-3.742506,40.747708],[-3.74329,40.747743],[-3.749448,40.752529],[-3.750889,40.754432],[-3.756432,40.758526],[-3.759379,40.760175],[-3.760679,40.761829],[-3.76472,40.7614],[-3.768278,40.763953],[-3.77138,40.764017],[-3.775099,40.766444],[-3.780726,40.76897],[-3.784992,40.769846],[-3.788916,40.769606],[-3.790199,40.772054],[-3.799033,40.77241],[-3.805415,40.77499],[-3.80764,40.775401],[-3.808491,40.776868],[-3.811562,40.779896],[-3.812316,40.782277],[-3.813924,40.783937],[-3.814298,40.785021],[-3.814897,40.785498],[-3.815364,40.78668],[-3.813988,40.78778],[-3.815581,40.795183],[-3.81783,40.798251],[-3.821445,40.801723],[-3.825132,40.804435],[-3.827194,40.805258],[-3.828335,40.807623],[-3.828944,40.810408],[-3.828459,40.81237],[-3.829353,40.813553],[-3.826207,40.815322],[-3.828067,40.815395],[-3.830114,40.818277],[-3.830229,40.831005]]]}},{"type":"Feature","id":"municipio-088","properties":{"nombre":"Montejo de la Sierra","tipo":"municipio","contexto":"Comunidad de Madrid"},"geometry":{"type":"Polygon","coordinates":[[[-3.547932,41.138754],[-3.544905,41.142207],[-3.544267,41.145939],[-3.541098,41.149667],[-3.532822,41.146976],[-3.532293,41.145787],[-3.532189,41.144593],[-3.530654,41.143145],[-3.529962,41.141783],[-3.52879,41.140539],[-3.52674,41.140089],[-3.526035,41.139145],[-3.522854,41.13968],[-3.521379,41.138937],[-3.516441,41.138781],[-3.515931,41.138339],[-3.515873,41.137735],[-3.515447,41.137509],[-3.512523,41.137668],[-3.510551,41.137268],[-3.509262,41.136395],[-3.509149,41.135727],[-3.508096,41.134583],[-3.507845,41.133706],[-3.506746,41.132907],[-3.506618,41.131811],[-3.505802,41.131024],[-3.505565,41.130266],[-3.504292,41.129855],[-3.503496,41.128428],[-3.502437,41.127757],[-3.501723,41.126735],[-3.501393,41.12454],[-3.500429,41.123417],[-3.500536,41.121818],[-3.500121,41.121261],[-3.499344,41.120925],[-3.499831,41.120485],[-3.499757,41.120075],[-3.498263,41.119052],[-3.498204,41.118202],[-3.49682,41.117545],[-3.496736,41.116565],[-3.495367,41.115991],[-3.495027,41.114546],[-3.494094,41.113547],[-3.494235,41.11303],[-3.495343,41.112239],[-3.495427,41.111877],[-3.49487,41.111542],[-3.493718,41.111746],[-3.493006,41.111308],[-3.493913,41.110333],[-3.49401,41.109876],[-3.492962,41.108061],[-3.492847,41.107032],[-3.492108,41.106433],[-3.490096,41.105907],[-3.48963,41.105515],[-3.489066,41.103876],[-3.489883,41.102461],[-3.49096,41.10201],[-3.491167,41.100934],[-3.491944,41.100308],[-3.489935,41.098965],[-3.490465,41.098308],[-3.490405,41.097191],[-3.488211,41.096509],[-3.48828,41.095982],[-3.488933,41.095202],[-3.488836,41.094375],[-3.488055,41.093999],[-3.485392,41.093754],[-3.484144,41.094256],[-3.483114,41.093452],[-3.481837,41.09327],[-3.478417,41.093823],[-3.476098,41.095191],[-3.475154,41.095267],[-3.478808,41.090809],[-3.484396,41.086528],[-3.484155,41.084185],[-3.482244,41.083023],[-3.480513,41.080552],[-3.478625,41.078688],[-3.479407,41.076701],[-3.479595,41.074045],[-3.479274,41.072313],[-3.479503,41.071393],[-3.480574,41.071329],[-3.482707,41.070641],[-3.48496,41.069458],[-3.485757,41.068742],[-3.485184,41.063776],[-3.4926,41.056601],[-3.497862,41.056416],[-3.49987,41.05573],[-3.501431,41.056466],[-3.503711,41.056728],[-3.504476,41.056257],[-3.504333,41.05553],[-3.504871,41.054456],[-3.504611,41.052863],[-3.506283,41.053056],[-3.507628,41.05382],[-3.510659,41.051207],[-3.513997,41.050832],[-3.518215,41.05083],[-3.523085,41.049227],[-3.524643,41.049306],[-3.526695,41.049934],[-3.530053,41.051639],[-3.533119,41.051969],[-3.535246,41.052004],[-3.536913,41.051406],[-3.542177,41.050417],[-3.540534,41.05891],[-3.539967,41.060596],[-3.538692,41.061103],[-3.529669,41.075437],[-3.528382,41.078738],[-3.524639,41.084775],[-3.523823,41.085643],[-3.522806,41.093028],[-3.525154,41.109044],[-3.524423,41.11543],[-3.521943,41.119459],[-3.523187,41.123617],[-3.526125,41.128575],[-3.533514,41.132571],[-3.536521,41.131922],[-3.541648,41.134444],[-3.547335,41.134743],[-3.547932,41.138754]]]}},{"type":"Feature","id":"municipio-089","properties":{"nombre":"Moraleja de Enmedio","tipo":"municipio","contexto":"Comunidad de Madrid"},"geometry":{"type":"Polygon","coordinates":[[[-3.943386,40.261886],[-3.942992,40.262379],[-3.942523,40.262438],[-3.940603,40.26185],[-3.940464,40.262132],[-3.94091,40.262501],[-3.939343,40.262684],[-3.939194,40.262043],[-3.938277,40.260984],[-3.937686,40.259712],[-3.935296,40.259427],[-3.934011,40.258627],[-3.933876,40.257911],[-3.932141,40.256855],[-3.930747,40.256472],[-3.928502,40.25698],[-3.925447,40.256969],[-3.917066,40.260929],[-3.915691,40.260815],[-3.914111,40.259586],[-3.914315,40.25859],[-3.913527,40.256925],[-3.912089,40.256275],[-3.908424,40.258913],[-3.905875,40.259931],[-3.9053,40.259647],[-3.904348,40.259931],[-3.899061,40.265323],[-3.898355,40.266775],[-3.897974,40.266721],[-3.89709,40.26776],[-3.894454,40.269684],[-3.887407,40.275955],[-3.885948,40.278164],[-3.885177,40.280179],[-3.884849,40.280262],[-3.887046,40.282071],[-3.887336,40.283151],[-3.885666,40.283223],[-3.87746,40.286357],[-3.876073,40.287155],[-3.877004,40.288297],[-3.874005,40.289351],[-3.872854,40.288576],[-3.871382,40.28816],[-3.870371,40.288314],[-3.869032,40.288074],[-3.862973,40.288628],[-3.851881,40.287107],[-3.851597,40.287782],[-3.851018,40.288034],[-3.849458,40.288114],[-3.846408,40.287569],[-3.846705,40.286977],[-3.845922,40.286682],[-3.84244,40.28585],[-3.841046,40.285802],[-3.840718,40.285021],[-3.840636,40.283571],[-3.839851,40.282171],[-3.839284,40.279443],[-3.838667,40.278108],[-3.841234,40.273181],[-3.84294,40.268725],[-3.844887,40.265609],[-3.847473,40.26223],[-3.849575,40.257491],[-3.849987,40.25568],[-3.851264,40.253492],[-3.853332,40.251028],[-3.853748,40.247234],[-3.853516,40.244156],[-3.852884,40.24133],[-3.851916,40.239399],[-3.851524,40.236844],[-3.853795,40.238051],[-3.856234,40.238098],[-3.857348,40.236298],[-3.86013,40.233445],[-3.860636,40.233626],[-3.862776,40.230446],[-3.864356,40.231137],[-3.865941,40.229209],[-3.867894,40.225744],[-3.871499,40.22787],[-3.877634,40.229315],[-3.878399,40.230285],[-3.87934,40.232335],[-3.880106,40.233017],[-3.880898,40.232836],[-3.882009,40.233036],[-3.884333,40.231983],[-3.885906,40.232286],[-3.88701,40.232138],[-3.888432,40.232798],[-3.889752,40.232791],[-3.890557,40.232553],[-3.891389,40.231587],[-3.900103,40.232516],[-3.904164,40.234759],[-3.906647,40.238111],[-3.908329,40.238691],[-3.911318,40.241562],[-3.912503,40.2422],[-3.913377,40.242331],[-3.914657,40.243969],[-3.916794,40.243596],[-3.918703,40.244745],[-3.924103,40.245702],[-3.925088,40.24655],[-3.926088,40.248663],[-3.926703,40.248803],[-3.927637,40.24874],[-3.929173,40.247864],[-3.931617,40.247276],[-3.933435,40.247459],[-3.936934,40.24968],[-3.93758,40.251681],[-3.93885,40.252297],[-3.938891,40.255703],[-3.938314,40.256778],[-3.938382,40.2577],[-3.940223,40.259865],[-3.943386,40.261886]]]}},{"type":"Feature","id":"municipio-090","properties":{"nombre":"Moralzarzal","tipo":"municipio","contexto":"Comunidad de Madrid"},"geometry":{"type":"MultiPolygon","coordinates":[[[[-3.873821,40.657256],[-3.875372,40.653088],[-3.87976,40.651572],[-3.886304,40.652503],[-3.890526,40.651884],[-3.89358,40.650903],[-3.903021,40.645366],[-3.907996,40.642993],[-3.912909,40.641785],[-3.9203,40.638756],[-3.92112,40.638199],[-3.923779,40.635085],[-3.926209,40.633271],[-3.928352,40.630257],[-3.932562,40.627036],[-3.933543,40.625775],[-3.937944,40.62255],[-3.93954,40.62177],[-3.940836,40.620345],[-3.944179,40.614826],[-3.944878,40.612927],[-3.946734,40.610845],[-3.947139,40.608149],[-3.950528,40.600329],[-3.953065,40.597438],[-3.956097,40.600018],[-3.959071,40.60167],[-3.959232,40.60966],[-3.958837,40.617171],[-3.96004,40.619094],[-3.958491,40.624155],[-3.957935,40.632135],[-3.958086,40.632853],[-3.956628,40.634757],[-3.952886,40.63774],[-3.949936,40.641352],[-3.947,40.643134],[-3.94653,40.644409],[-3.947584,40.647058],[-3.947638,40.649136],[-3.948249,40.651084],[-3.947713,40.652379],[-3.94921,40.657141],[-3.950282,40.65759],[-3.959246,40.65832],[-3.963357,40.657966],[-3.966744,40.658183],[-3.969005,40.660232],[-3.971813,40.660903],[-3.97803,40.661751],[-3.983593,40.663566],[-3.986898,40.665024],[-3.993281,40.666679],[-3.993997,40.667419],[-3.994992,40.675165],[-3.995525,40.67743],[-3.995264,40.681103],[-3.994794,40.682411],[-3.994779,40.684801],[-3.995842,40.687745],[-3.997497,40.690427],[-3.992165,40.693612],[-3.988216,40.695535],[-3.986146,40.69846],[-3.98502,40.701985],[-3.981276,40.706074],[-3.979785,40.706782],[-3.977689,40.706759],[-3.975298,40.706305],[-3.97378,40.705808],[-3.973207,40.705283],[-3.972528,40.705132],[-3.971381,40.704041],[-3.970342,40.703689],[-3.969101,40.704627],[-3.968169,40.706047],[-3.967509,40.706346],[-3.964853,40.705915],[-3.963048,40.706856],[-3.960027,40.70696],[-3.957965,40.709674],[-3.951954,40.714894],[-3.951558,40.716182],[-3.94868,40.717759],[-3.942904,40.715829],[-3.940879,40.714403],[-3.940725,40.712553],[-3.941261,40.711563],[-3.945409,40.708189],[-3.950359,40.70315],[-3.951649,40.702326],[-3.951819,40.701551],[-3.95289,40.700287],[-3.952326,40.698342],[-3.952453,40.69301],[-3.951834,40.691825],[-3.949762,40.689545],[-3.948918,40.689338],[-3.944735,40.686517],[-3.93714,40.683324],[-3.934134,40.68152],[-3.929773,40.68026],[-3.926683,40.679941],[-3.924337,40.677498],[-3.920449,40.676933],[-3.919176,40.677427],[-3.917586,40.67917],[-3.913155,40.682472],[-3.908892,40.684465],[-3.907985,40.68353],[-3.905984,40.682214],[-3.909125,40.680432],[-3.9109,40.678612],[-3.919235,40.672846],[-3.920294,40.672755],[-3.918262,40.668237],[-3.916747,40.663691],[-3.918047,40.664159],[-3.92091,40.664227],[-3.922265,40.664666],[-3.929026,40.663724],[-3.929523,40.660806],[-3.930337,40.659358],[-3.928686,40.657143],[-3.927106,40.654372],[-3.927519,40.651836],[-3.923016,40.64982],[-3.919246,40.648578],[-3.912902,40.649466],[-3.909079,40.650961],[-3.905364,40.653175],[-3.904168,40.656339],[-3.905127,40.659121],[-3.905791,40.66299],[-3.905789,40.665187],[-3.906382,40.666721],[-3.906056,40.668377],[-3.903449,40.669642],[-3.898562,40.669995],[-3.896987,40.669483],[-3.892451,40.667535],[-3.889905,40.66591],[-3.884935,40.663445],[-3.880743,40.660578],[-3.873821,40.657256]]],[[[-3.902487,40.677555],[-3.903225,40.675415],[-3.902786,40.674307],[-3.90659,40.673182],[-3.907256,40.675566],[-3.907426,40.677643],[-3.903397,40.679003],[-3.902705,40.678615],[-3.902487,40.677555]]]]}},{"type":"Feature","id":"municipio-091","properties":{"nombre":"Morata de Tajuña","tipo":"municipio","contexto":"Comunidad de Madrid"},"geometry":{"type":"Polygon","coordinates":[[[-3.505849,40.239302],[-3.504261,40.240735],[-3.504713,40.242311],[-3.503339,40.242548],[-3.50107,40.245329],[-3.499656,40.246226],[-3.499341,40.246855],[-3.499762,40.247777],[-3.502149,40.248498],[-3.502314,40.25023],[-3.503189,40.250615],[-3.502753,40.2522],[-3.501873,40.252518],[-3.502472,40.254171],[-3.500352,40.256123],[-3.496104,40.253358],[-3.495108,40.251676],[-3.492066,40.251133],[-3.491193,40.252831],[-3.490333,40.253677],[-3.48704,40.253037],[-3.485737,40.253134],[-3.485015,40.254419],[-3.48268,40.256879],[-3.481115,40.256151],[-3.478916,40.256068],[-3.476879,40.256401],[-3.472664,40.255377],[-3.470128,40.255341],[-3.466001,40.25592],[-3.462559,40.256773],[-3.460127,40.257657],[-3.459141,40.258297],[-3.455984,40.258288],[-3.452804,40.257332],[-3.447393,40.257553],[-3.441537,40.258218],[-3.434838,40.257887],[-3.426107,40.255718],[-3.423262,40.254701],[-3.414718,40.253225],[-3.411582,40.251992],[-3.405921,40.245645],[-3.405536,40.24433],[-3.402927,40.242636],[-3.402225,40.241197],[-3.400399,40.239886],[-3.399831,40.237184],[-3.398304,40.23436],[-3.397167,40.231223],[-3.395196,40.224258],[-3.394509,40.219016],[-3.39572,40.216938],[-3.398639,40.215007],[-3.404016,40.208146],[-3.408246,40.206646],[-3.412394,40.204061],[-3.416116,40.202914],[-3.419456,40.20127],[-3.42093,40.201093],[-3.423033,40.196935],[-3.427387,40.201457],[-3.429955,40.201551],[-3.43836,40.200309],[-3.44666,40.201073],[-3.453095,40.20232],[-3.453086,40.203992],[-3.451608,40.205696],[-3.451668,40.206695],[-3.450999,40.207643],[-3.451737,40.208142],[-3.452774,40.209797],[-3.453695,40.210406],[-3.462181,40.213135],[-3.463709,40.212635],[-3.472096,40.213288],[-3.476035,40.213064],[-3.479514,40.213744],[-3.482808,40.215252],[-3.486115,40.215434],[-3.488728,40.216401],[-3.49098,40.216628],[-3.49404,40.217978],[-3.495948,40.217964],[-3.498298,40.216969],[-3.498261,40.217959],[-3.497609,40.219155],[-3.497598,40.220488],[-3.49932,40.222235],[-3.499735,40.224123],[-3.50093,40.225414],[-3.50065,40.226457],[-3.501258,40.228303],[-3.502052,40.229288],[-3.504315,40.233695],[-3.504878,40.23614],[-3.504479,40.237282],[-3.505849,40.239302]]]}},{"type":"Feature","id":"municipio-092","properties":{"nombre":"Móstoles","tipo":"municipio","contexto":"Comunidad de Madrid"},"geometry":{"type":"MultiPolygon","coordinates":[[[[-3.916395,40.292149],[-3.916469,40.2899],[-3.918008,40.28934],[-3.919213,40.289484],[-3.920839,40.290125],[-3.922723,40.290135],[-3.925633,40.291503],[-3.927529,40.291196],[-3.930166,40.291655],[-3.932387,40.290918],[-3.934599,40.291062],[-3.936101,40.290071],[-3.937819,40.291182],[-3.939181,40.291565],[-3.942061,40.291682],[-3.941523,40.292723],[-3.93804,40.29185],[-3.933398,40.294271],[-3.928919,40.295978],[-3.927147,40.29543],[-3.926155,40.295582],[-3.925815,40.295298],[-3.925236,40.29555],[-3.923076,40.295484],[-3.922154,40.295034],[-3.920306,40.293014],[-3.918945,40.292135],[-3.916395,40.292149]]],[[[-3.94537,40.323162],[-3.943845,40.324592],[-3.940969,40.326329],[-3.93973,40.327671],[-3.934642,40.330305],[-3.933815,40.332011],[-3.932404,40.333469],[-3.932434,40.333967],[-3.934544,40.337825],[-3.922518,40.339858],[-3.917866,40.338805],[-3.916434,40.34045],[-3.913426,40.34282],[-3.905742,40.344468],[-3.903396,40.346655],[-3.898662,40.349503],[-3.896539,40.348888],[-3.88595,40.352623],[-3.881089,40.354024],[-3.879786,40.353654],[-3.873093,40.352963],[-3.867618,40.353645],[-3.866541,40.35141],[-3.867046,40.347132],[-3.863722,40.34506],[-3.859259,40.343596],[-3.858587,40.340348],[-3.858882,40.338897],[-3.859623,40.336042],[-3.860289,40.336262],[-3.861147,40.335944],[-3.858161,40.333401],[-3.8554,40.334743],[-3.854248,40.332004],[-3.853467,40.332631],[-3.847861,40.326131],[-3.848547,40.325692],[-3.847915,40.324055],[-3.843972,40.324218],[-3.843516,40.323532],[-3.843617,40.320121],[-3.841551,40.316539],[-3.841645,40.31477],[-3.842112,40.314562],[-3.84305,40.314876],[-3.842355,40.312664],[-3.841885,40.308544],[-3.842995,40.308218],[-3.843278,40.307636],[-3.842464,40.306074],[-3.843741,40.305411],[-3.844039,40.304384],[-3.84382,40.302718],[-3.844548,40.302491],[-3.846616,40.303168],[-3.848236,40.301853],[-3.849321,40.300396],[-3.848128,40.299667],[-3.847426,40.298288],[-3.846432,40.297179],[-3.844447,40.29545],[-3.84326,40.294798],[-3.843004,40.293459],[-3.843775,40.291748],[-3.842381,40.287949],[-3.841046,40.285802],[-3.84244,40.28585],[-3.845753,40.286629],[-3.846705,40.286977],[-3.846408,40.287569],[-3.849458,40.288114],[-3.851018,40.288034],[-3.851597,40.287782],[-3.851881,40.287107],[-3.862973,40.288628],[-3.869032,40.288074],[-3.870371,40.288314],[-3.871382,40.28816],[-3.872854,40.288576],[-3.873928,40.289353],[-3.877004,40.288297],[-3.881184,40.292362],[-3.883259,40.291439],[-3.886806,40.291449],[-3.889764,40.294765],[-3.889903,40.296282],[-3.890498,40.296951],[-3.892317,40.302155],[-3.894644,40.301609],[-3.896045,40.304231],[-3.898633,40.304646],[-3.901131,40.304543],[-3.902302,40.304827],[-3.905277,40.303808],[-3.907392,40.301926],[-3.908037,40.300032],[-3.90973,40.298829],[-3.911378,40.296381],[-3.91146,40.295188],[-3.912961,40.294871],[-3.915745,40.293048],[-3.915761,40.296898],[-3.915345,40.298671],[-3.917395,40.300279],[-3.918266,40.302372],[-3.91895,40.302754],[-3.92071,40.302952],[-3.921959,40.302442],[-3.923859,40.302631],[-3.926546,40.301617],[-3.928242,40.301472],[-3.928964,40.300992],[-3.930153,40.301166],[-3.93205,40.299933],[-3.932441,40.299293],[-3.933238,40.299415],[-3.932981,40.298949],[-3.933835,40.29893],[-3.934059,40.29834],[-3.934915,40.298287],[-3.938294,40.297035],[-3.941761,40.29718],[-3.941409,40.301399],[-3.941496,40.305055],[-3.942071,40.306067],[-3.944758,40.308607],[-3.945217,40.309714],[-3.944649,40.312295],[-3.943001,40.316482],[-3.942677,40.318004],[-3.944211,40.322016],[-3.94537,40.323162]]]]}},{"type":"Feature","id":"municipio-093","properties":{"nombre":"Navacerrada","tipo":"municipio","contexto":"Comunidad de Madrid"},"geometry":{"type":"MultiPolygon","coordinates":[[[[-4.042219,40.721398],[-4.041307,40.722439],[-4.038578,40.723905],[-4.038611,40.724566],[-4.03725,40.727893],[-4.037352,40.730277],[-4.035856,40.730899],[-4.035094,40.731929],[-4.032819,40.733564],[-4.031949,40.734817],[-4.031102,40.735259],[-4.03197,40.735932],[-4.033309,40.737769],[-4.032727,40.739011],[-4.035074,40.739996],[-4.036115,40.740115],[-4.035992,40.743223],[-4.033743,40.746083],[-4.034446,40.749284],[-4.030852,40.749711],[-4.023161,40.751579],[-4.018126,40.752367],[-4.012246,40.756067],[-4.009489,40.756946],[-4.007875,40.757905],[-4.006278,40.760303],[-4.005566,40.761986],[-4.004718,40.76638],[-4.003017,40.770865],[-4.000442,40.775167],[-3.995779,40.77986],[-3.997049,40.782655],[-3.996507,40.784312],[-3.996774,40.785977],[-3.99716,40.786696],[-3.998941,40.787487],[-4.001151,40.787871],[-4.002854,40.788649],[-3.98975,40.785472],[-3.984227,40.785948],[-3.979676,40.784555],[-3.975823,40.783958],[-3.974582,40.781098],[-3.97411,40.779042],[-3.971518,40.776892],[-3.972496,40.77481],[-3.972776,40.77052],[-3.970846,40.769273],[-3.968603,40.767111],[-3.977328,40.762074],[-3.981787,40.754628],[-3.983191,40.745261],[-3.982539,40.743843],[-3.982556,40.742069],[-3.984118,40.739914],[-3.987612,40.733048],[-3.992479,40.727532],[-3.995713,40.725379],[-3.997727,40.721716],[-3.999827,40.719346],[-4.002499,40.718112],[-4.003404,40.711782],[-4.004857,40.710528],[-4.006998,40.711184],[-4.010719,40.713081],[-4.012898,40.713169],[-4.018482,40.71528],[-4.026972,40.717385],[-4.028228,40.717941],[-4.032779,40.717813],[-4.036343,40.717257],[-4.038513,40.717742],[-4.040468,40.718666],[-4.042219,40.721398]]],[[[-4.007085,40.780055],[-4.0071,40.778793],[-4.009122,40.776099],[-4.012942,40.770075],[-4.015984,40.767656],[-4.017733,40.765027],[-4.020525,40.762016],[-4.024137,40.761121],[-4.026359,40.761909],[-4.030858,40.762137],[-4.029191,40.766756],[-4.0294,40.767396],[-4.027465,40.769371],[-4.026673,40.769336],[-4.022557,40.77271],[-4.022462,40.775499],[-4.022857,40.777649],[-4.02478,40.779667],[-4.021317,40.781192],[-4.01517,40.782995],[-4.012515,40.784348],[-4.007653,40.787908],[-4.010087,40.784878],[-4.007324,40.781129],[-4.007085,40.780055]]]]}},{"type":"Feature","id":"municipio-094","properties":{"nombre":"Navalafuente","tipo":"municipio","contexto":"Comunidad de Madrid"},"geometry":{"type":"Polygon","coordinates":[[[-3.701836,40.815325],[-3.701281,40.816852],[-3.700994,40.822575],[-3.701306,40.824387],[-3.698878,40.825145],[-3.694787,40.825831],[-3.692414,40.826957],[-3.691103,40.827082],[-3.685365,40.829913],[-3.6806,40.83093],[-3.679881,40.831406],[-3.678496,40.833078],[-3.668383,40.833431],[-3.665611,40.8328],[-3.661116,40.832531],[-3.652957,40.83351],[-3.653334,40.831405],[-3.65331,40.828076],[-3.652963,40.826586],[-3.651322,40.825617],[-3.651863,40.823749],[-3.65475,40.817666],[-3.654057,40.813143],[-3.655319,40.810581],[-3.655633,40.808647],[-3.65932,40.806103],[-3.659423,40.804962],[-3.666118,40.803404],[-3.67428,40.802438],[-3.680085,40.803478],[-3.683613,40.803447],[-3.687522,40.802676],[-3.691343,40.802413],[-3.701434,40.799809],[-3.701238,40.808552],[-3.701836,40.815325]]]}},{"type":"Feature","id":"municipio-095","properties":{"nombre":"Navalagamella","tipo":"municipio","contexto":"Comunidad de Madrid"},"geometry":{"type":"Polygon","coordinates":[[[-4.17727,40.448884],[-4.17575,40.45348],[-4.174155,40.454738],[-4.174475,40.455444],[-4.175569,40.455829],[-4.175276,40.458922],[-4.175047,40.459504],[-4.174528,40.459841],[-4.17452,40.460658],[-4.173422,40.461885],[-4.172433,40.462205],[-4.172019,40.463421],[-4.171144,40.464078],[-4.169969,40.464605],[-4.16864,40.46434],[-4.168146,40.464633],[-4.167365,40.464587],[-4.165868,40.465091],[-4.16529,40.465746],[-4.164018,40.466129],[-4.16344,40.466772],[-4.162475,40.467118],[-4.161951,40.466997],[-4.162493,40.468498],[-4.162329,40.470088],[-4.159258,40.47757],[-4.157025,40.479114],[-4.15599,40.481498],[-4.155982,40.482472],[-4.154643,40.483528],[-4.152883,40.4856],[-4.153663,40.487066],[-4.153331,40.489571],[-4.15202,40.49186],[-4.152375,40.493205],[-4.145714,40.502302],[-4.145931,40.502536],[-4.144041,40.503741],[-4.141229,40.506229],[-4.132346,40.518673],[-4.127885,40.522424],[-4.126882,40.521315],[-4.126536,40.519608],[-4.12533,40.518017],[-4.12494,40.515095],[-4.123795,40.513786],[-4.123224,40.511721],[-4.122512,40.511216],[-4.122805,40.51014],[-4.122272,40.509763],[-4.122443,40.508943],[-4.121912,40.508056],[-4.12483,40.506248],[-4.125568,40.50504],[-4.12332,40.503465],[-4.122356,40.502027],[-4.121315,40.501724],[-4.120196,40.500832],[-4.120408,40.499745],[-4.11829,40.498606],[-4.118632,40.495328],[-4.119466,40.494802],[-4.119795,40.493437],[-4.119669,40.493055],[-4.117793,40.491857],[-4.117779,40.491286],[-4.118266,40.490338],[-4.117508,40.490102],[-4.115021,40.491037],[-4.114467,40.491009],[-4.113981,40.490411],[-4.115342,40.488698],[-4.114522,40.487879],[-4.112169,40.48754],[-4.108709,40.486406],[-4.110736,40.482514],[-4.111246,40.480921],[-4.109206,40.481296],[-4.108446,40.481171],[-4.10814,40.480841],[-4.108062,40.479462],[-4.106585,40.479064],[-4.103864,40.477728],[-4.103994,40.477361],[-4.104875,40.477012],[-4.105464,40.476255],[-4.106128,40.473346],[-4.105599,40.472555],[-4.105232,40.471217],[-4.101413,40.469117],[-4.09722,40.466216],[-4.095613,40.467044],[-4.095831,40.466205],[-4.09446,40.464846],[-4.095289,40.464039],[-4.095889,40.462884],[-4.096117,40.458957],[-4.094815,40.457294],[-4.093942,40.456777],[-4.094153,40.455041],[-4.092501,40.450772],[-4.091103,40.448708],[-4.089243,40.447123],[-4.086445,40.445582],[-4.081011,40.44401],[-4.078457,40.440966],[-4.077552,40.440468],[-4.077768,40.440029],[-4.077641,40.4385],[-4.076588,40.437352],[-4.07635,40.436873],[-4.07663,40.436619],[-4.075951,40.43603],[-4.076164,40.435842],[-4.075994,40.435487],[-4.075257,40.434965],[-4.074735,40.433504],[-4.073958,40.433254],[-4.073787,40.43166],[-4.07328,40.430721],[-4.073509,40.430222],[-4.073261,40.429125],[-4.072351,40.428179],[-4.072366,40.427458],[-4.071813,40.427129],[-4.071682,40.426373],[-4.071071,40.425428],[-4.071682,40.424582],[-4.071008,40.424024],[-4.07104,40.423543],[-4.0736,40.42253],[-4.075576,40.422389],[-4.079091,40.421479],[-4.080165,40.420344],[-4.080452,40.41916],[-4.080948,40.418926],[-4.083325,40.419666],[-4.085944,40.419223],[-4.087537,40.418263],[-4.088674,40.418716],[-4.089782,40.418638],[-4.091306,40.418164],[-4.093113,40.416308],[-4.093958,40.415854],[-4.095804,40.416817],[-4.096921,40.41655],[-4.097524,40.415944],[-4.097847,40.414756],[-4.097579,40.414172],[-4.097739,40.413935],[-4.104174,40.412158],[-4.111603,40.406648],[-4.112681,40.405286],[-4.113514,40.400817],[-4.113587,40.396863],[-4.111359,40.390001],[-4.115488,40.386644],[-4.11873,40.380446],[-4.120014,40.378663],[-4.12069,40.378088],[-4.121777,40.377708],[-4.123537,40.378474],[-4.125098,40.377927],[-4.127078,40.376787],[-4.130783,40.373863],[-4.132791,40.373043],[-4.134359,40.371857],[-4.13588,40.371129],[-4.137812,40.368172],[-4.146502,40.364545],[-4.146948,40.364698],[-4.147567,40.366282],[-4.146244,40.367445],[-4.146466,40.368457],[-4.147438,40.36949],[-4.147683,40.370573],[-4.149431,40.371854],[-4.150214,40.374937],[-4.151159,40.376382],[-4.152377,40.376784],[-4.153189,40.377715],[-4.15343,40.378783],[-4.154108,40.379767],[-4.154052,40.381555],[-4.156229,40.383638],[-4.157404,40.384193],[-4.158543,40.385557],[-4.159577,40.388038],[-4.159053,40.390175],[-4.15989,40.392255],[-4.162276,40.393404],[-4.163933,40.395141],[-4.163625,40.396066],[-4.162786,40.396142],[-4.162062,40.396856],[-4.161138,40.397234],[-4.160884,40.39805],[-4.160334,40.398576],[-4.160382,40.399736],[-4.161879,40.400346],[-4.16196,40.400688],[-4.160168,40.400959],[-4.159252,40.401864],[-4.158466,40.403368],[-4.1591,40.404084],[-4.159304,40.404859],[-4.158823,40.405099],[-4.157275,40.404953],[-4.156479,40.40531],[-4.156981,40.407021],[-4.15519,40.408617],[-4.156131,40.411344],[-4.155203,40.412479],[-4.155222,40.413289],[-4.157032,40.414864],[-4.158093,40.414404],[-4.158819,40.41441],[-4.158598,40.415184],[-4.159756,40.416164],[-4.160736,40.416007],[-4.16126,40.417739],[-4.161018,40.419457],[-4.159453,40.419678],[-4.159039,40.420197],[-4.158074,40.420545],[-4.158156,40.421775],[-4.15962,40.423465],[-4.160844,40.423217],[-4.161267,40.424089],[-4.16164,40.424149],[-4.16192,40.424616],[-4.162939,40.424959],[-4.163907,40.424697],[-4.164201,40.424994],[-4.16457,40.425629],[-4.164204,40.426347],[-4.163371,40.426805],[-4.162717,40.426629],[-4.162751,40.427932],[-4.161877,40.428171],[-4.161837,40.42859],[-4.164947,40.430094],[-4.164594,40.431384],[-4.16484,40.432107],[-4.167234,40.433909],[-4.167496,40.434533],[-4.168645,40.434822],[-4.16969,40.436229],[-4.169735,40.437511],[-4.170108,40.438444],[-4.169739,40.440015],[-4.17179,40.443528],[-4.172869,40.44656],[-4.17727,40.448884]]]}},{"type":"Feature","id":"municipio-096","properties":{"nombre":"Navalcarnero","tipo":"municipio","contexto":"Comunidad de Madrid"},"geometry":{"type":"Polygon","coordinates":[[[-4.087907,40.287136],[-4.087595,40.289419],[-4.085734,40.291552],[-4.085525,40.292319],[-4.085749,40.29344],[-4.087368,40.294074],[-4.087731,40.298763],[-4.086521,40.299821],[-4.08605,40.302138],[-4.085476,40.30272],[-4.084764,40.304305],[-4.082553,40.309987],[-4.08219,40.311313],[-4.082508,40.312452],[-4.082319,40.314839],[-4.081493,40.317419],[-4.079679,40.318291],[-4.077224,40.321599],[-4.077173,40.322483],[-4.076222,40.324215],[-4.076134,40.325487],[-4.075489,40.326521],[-4.074971,40.32881],[-4.075908,40.329724],[-4.072489,40.332949],[-4.070963,40.334909],[-4.068566,40.335027],[-4.067695,40.33476],[-4.066372,40.335099],[-4.062927,40.334832],[-4.061502,40.334401],[-4.058773,40.334329],[-4.050805,40.334825],[-4.049848,40.334222],[-4.046379,40.333468],[-4.045038,40.332598],[-4.03399,40.332944],[-4.028559,40.333461],[-4.026415,40.333238],[-4.02441,40.333412],[-4.018105,40.33558],[-4.010787,40.337079],[-4.006388,40.339388],[-4.006453,40.33778],[-4.004339,40.335697],[-4.002917,40.333131],[-3.99885,40.332083],[-3.997146,40.331972],[-3.996933,40.331146],[-3.992728,40.3294],[-3.990572,40.327378],[-3.981701,40.32373],[-3.97827,40.324086],[-3.97396,40.321681],[-3.970536,40.320612],[-3.96834,40.31706],[-3.967059,40.315799],[-3.966097,40.313918],[-3.963277,40.310605],[-3.96092,40.308832],[-3.959324,40.306718],[-3.957309,40.304902],[-3.952613,40.303506],[-3.949198,40.301388],[-3.947019,40.300623],[-3.944034,40.300744],[-3.941508,40.300164],[-3.941761,40.29718],[-3.941551,40.296731],[-3.941731,40.295817],[-3.941523,40.292723],[-3.942661,40.290007],[-3.941794,40.287574],[-3.942128,40.284893],[-3.943206,40.281582],[-3.946785,40.277575],[-3.948415,40.275028],[-3.948925,40.273261],[-3.948842,40.272619],[-3.947604,40.271214],[-3.947769,40.269479],[-3.946717,40.267272],[-3.948072,40.262535],[-3.946748,40.26215],[-3.946069,40.261535],[-3.945513,40.261689],[-3.945395,40.26107],[-3.945038,40.26088],[-3.944258,40.261089],[-3.943386,40.261886],[-3.940004,40.259632],[-3.938382,40.2577],[-3.938314,40.256778],[-3.938891,40.255703],[-3.93885,40.252297],[-3.93758,40.251681],[-3.936934,40.24968],[-3.942256,40.251056],[-3.951739,40.251315],[-3.951269,40.250246],[-3.951877,40.248705],[-3.95105,40.247556],[-3.9494,40.246228],[-3.948987,40.244268],[-3.949027,40.243836],[-3.951938,40.243719],[-3.951407,40.24232],[-3.950999,40.23815],[-3.947715,40.231706],[-3.947433,40.228187],[-3.946922,40.225674],[-3.946378,40.224598],[-3.950348,40.22571],[-3.950521,40.22612],[-3.95626,40.226673],[-3.961987,40.229709],[-3.962811,40.231632],[-3.966877,40.234442],[-3.968192,40.235826],[-3.968955,40.239587],[-3.970292,40.241711],[-3.970287,40.244595],[-3.970838,40.246612],[-3.971991,40.24792],[-3.972149,40.25006],[-3.975498,40.252051],[-3.985397,40.253334],[-3.997076,40.255384],[-4.000436,40.256427],[-4.003507,40.256424],[-4.009715,40.253031],[-4.014802,40.250837],[-4.01784,40.249914],[-4.019804,40.249798],[-4.024028,40.248969],[-4.025961,40.249583],[-4.041869,40.24971],[-4.052085,40.251529],[-4.05697,40.253863],[-4.062538,40.257735],[-4.066219,40.261522],[-4.072894,40.265451],[-4.075374,40.265208],[-4.080455,40.26694],[-4.081014,40.267675],[-4.080925,40.268748],[-4.081462,40.270126],[-4.083547,40.272417],[-4.084209,40.274925],[-4.084589,40.278311],[-4.085827,40.279911],[-4.087699,40.283731],[-4.087907,40.287136]]]}},{"type":"Feature","id":"municipio-097","properties":{"nombre":"Navarredonda y San Mamés","tipo":"municipio","contexto":"Comunidad de Madrid"},"geometry":{"type":"Polygon","coordinates":[[[-3.771082,41.01228],[-3.770013,41.013703],[-3.767296,41.015976],[-3.766922,41.01894],[-3.765918,41.020829],[-3.759049,41.027071],[-3.755544,41.027931],[-3.748644,41.036133],[-3.731189,41.03085],[-3.711918,41.02666],[-3.710909,41.022012],[-3.702462,41.015355],[-3.70015,41.010732],[-3.690907,41.003579],[-3.689135,40.999703],[-3.688075,40.998625],[-3.687254,40.998829],[-3.686485,40.998206],[-3.686504,40.99723],[-3.686251,40.996849],[-3.681908,40.993462],[-3.679324,40.992099],[-3.687307,40.991283],[-3.700596,40.986189],[-3.71017,40.983065],[-3.71145,40.98054],[-3.714705,40.979187],[-3.718091,40.979705],[-3.725062,40.97934],[-3.726539,40.979657],[-3.728201,40.97864],[-3.734793,40.976126],[-3.738667,40.974979],[-3.739894,40.978977],[-3.740984,40.981178],[-3.745711,40.987128],[-3.74711,40.988095],[-3.748502,40.98835],[-3.749831,40.990002],[-3.752202,40.991684],[-3.753854,40.992469],[-3.755492,40.993808],[-3.757754,41.000029],[-3.760107,41.0041],[-3.761476,41.005611],[-3.764002,41.00647],[-3.767645,41.008409],[-3.771082,41.01228]]]}},{"type":"Feature","id":"municipio-099","properties":{"nombre":"Navas del Rey","tipo":"municipio","contexto":"Comunidad de Madrid"},"geometry":{"type":"Polygon","coordinates":[[[-4.227559,40.388239],[-4.228757,40.38365],[-4.230029,40.380283],[-4.235349,40.373313],[-4.237615,40.364445],[-4.236747,40.362007],[-4.236011,40.360655],[-4.235222,40.359932],[-4.234149,40.357542],[-4.232759,40.355686],[-4.232311,40.354251],[-4.232298,40.35013],[-4.232032,40.34844],[-4.232397,40.3475],[-4.232238,40.342822],[-4.232631,40.340892],[-4.231587,40.336222],[-4.231627,40.333635],[-4.232232,40.332779],[-4.231845,40.332573],[-4.232641,40.331143],[-4.233103,40.328636],[-4.23641,40.326489],[-4.239293,40.328504],[-4.242617,40.330319],[-4.243667,40.331295],[-4.244734,40.331019],[-4.247657,40.329363],[-4.2483,40.330116],[-4.24921,40.332133],[-4.249523,40.334734],[-4.250423,40.335877],[-4.256356,40.337977],[-4.260267,40.338399],[-4.261936,40.339614],[-4.264457,40.342563],[-4.269854,40.345543],[-4.270981,40.346573],[-4.27406,40.347847],[-4.276708,40.34975],[-4.280178,40.350032],[-4.281462,40.350539],[-4.282234,40.351499],[-4.282981,40.35612],[-4.283292,40.356639],[-4.286258,40.357533],[-4.289672,40.359273],[-4.290619,40.359507],[-4.29276,40.359424],[-4.294981,40.360127],[-4.296441,40.361482],[-4.297835,40.364788],[-4.298578,40.365741],[-4.299947,40.36649],[-4.302778,40.366557],[-4.304658,40.367487],[-4.303298,40.369054],[-4.303583,40.369868],[-4.303333,40.370444],[-4.301537,40.372202],[-4.300986,40.372596],[-4.300043,40.372692],[-4.299671,40.373117],[-4.299619,40.374021],[-4.298867,40.37486],[-4.298703,40.375676],[-4.296989,40.376057],[-4.298617,40.377769],[-4.298788,40.37863],[-4.300873,40.379202],[-4.301467,40.379702],[-4.301232,40.38036],[-4.302303,40.381245],[-4.302233,40.381967],[-4.305814,40.383461],[-4.30582,40.384425],[-4.304983,40.386151],[-4.305287,40.386893],[-4.305033,40.387669],[-4.304197,40.388392],[-4.304202,40.390154],[-4.303649,40.390718],[-4.304288,40.391928],[-4.302734,40.394372],[-4.302781,40.396644],[-4.302172,40.398746],[-4.302616,40.400947],[-4.303595,40.401751],[-4.304828,40.401955],[-4.307054,40.40203],[-4.308494,40.401661],[-4.309274,40.402126],[-4.310412,40.401618],[-4.31226,40.402239],[-4.313213,40.401186],[-4.315355,40.401617],[-4.317208,40.400338],[-4.318495,40.40083],[-4.319667,40.40183],[-4.322809,40.406342],[-4.32289,40.406946],[-4.321545,40.408135],[-4.321101,40.408973],[-4.320913,40.409764],[-4.321089,40.410309],[-4.323131,40.411393],[-4.324936,40.412795],[-4.326276,40.412795],[-4.326845,40.414238],[-4.326683,40.414861],[-4.324878,40.416639],[-4.324003,40.418302],[-4.318835,40.420235],[-4.304302,40.423753],[-4.296657,40.425888],[-4.282139,40.427342],[-4.27818,40.42812],[-4.273762,40.428224],[-4.262531,40.424156],[-4.262763,40.41947],[-4.261484,40.416271],[-4.254804,40.408036],[-4.246378,40.395812],[-4.24341,40.395258],[-4.241114,40.395713],[-4.231263,40.391283],[-4.227559,40.388239]]]}},{"type":"Feature","id":"municipio-100","properties":{"nombre":"Nuevo Baztán","tipo":"municipio","contexto":"Comunidad de Madrid"},"geometry":{"type":"Polygon","coordinates":[[[-3.219319,40.403049],[-3.220889,40.400364],[-3.222439,40.399491],[-3.223471,40.398378],[-3.223753,40.397337],[-3.22337,40.395673],[-3.225783,40.395274],[-3.226938,40.394746],[-3.228421,40.393541],[-3.229116,40.392221],[-3.229106,40.388209],[-3.227281,40.385194],[-3.227826,40.38309],[-3.228709,40.382081],[-3.22844,40.380927],[-3.228534,40.378874],[-3.231747,40.372984],[-3.232159,40.37117],[-3.230728,40.367338],[-3.230934,40.366326],[-3.230447,40.36508],[-3.230479,40.364044],[-3.230725,40.363163],[-3.232346,40.360545],[-3.234142,40.359026],[-3.233942,40.358339],[-3.234416,40.357722],[-3.236685,40.356457],[-3.241285,40.358008],[-3.241975,40.355529],[-3.242286,40.355241],[-3.243323,40.354542],[-3.243655,40.354739],[-3.244867,40.354574],[-3.247427,40.353285],[-3.247599,40.352545],[-3.248255,40.351648],[-3.248766,40.351422],[-3.268467,40.346966],[-3.269288,40.346832],[-3.269417,40.347148],[-3.272932,40.346413],[-3.279918,40.346183],[-3.277862,40.351713],[-3.271906,40.358928],[-3.270427,40.360242],[-3.275468,40.3672],[-3.276995,40.370513],[-3.279172,40.373966],[-3.279102,40.375525],[-3.276968,40.377202],[-3.273743,40.38052],[-3.276226,40.384476],[-3.277831,40.388556],[-3.278736,40.393568],[-3.278568,40.394413],[-3.273479,40.397423],[-3.27132,40.398322],[-3.256978,40.393031],[-3.227083,40.401847],[-3.220885,40.403028],[-3.219319,40.403049]]]}},{"type":"Feature","id":"municipio-101","properties":{"nombre":"Olmeda de las Fuentes","tipo":"municipio","contexto":"Comunidad de Madrid"},"geometry":{"type":"Polygon","coordinates":[[[-3.234219,40.358806],[-3.232346,40.360545],[-3.230558,40.363568],[-3.230423,40.364948],[-3.230934,40.366326],[-3.23071,40.367254],[-3.232159,40.37117],[-3.231747,40.372984],[-3.228534,40.378874],[-3.22844,40.380927],[-3.228725,40.382],[-3.227826,40.38309],[-3.227335,40.385442],[-3.224808,40.385126],[-3.223017,40.385323],[-3.22093,40.38612],[-3.21808,40.386597],[-3.218562,40.387171],[-3.213973,40.389294],[-3.206258,40.391105],[-3.201854,40.391161],[-3.197454,40.387628],[-3.19491,40.385984],[-3.188923,40.380893],[-3.185498,40.379562],[-3.184242,40.37843],[-3.183649,40.374511],[-3.181222,40.37402],[-3.176821,40.374167],[-3.177431,40.373517],[-3.175552,40.367206],[-3.176119,40.364343],[-3.17651,40.363875],[-3.176863,40.362349],[-3.176701,40.361488],[-3.177158,40.360095],[-3.178073,40.359392],[-3.184119,40.358232],[-3.187876,40.356526],[-3.189953,40.355012],[-3.192013,40.354006],[-3.196595,40.352446],[-3.198714,40.350608],[-3.20454,40.344023],[-3.211944,40.347107],[-3.22299,40.352876],[-3.223292,40.353866],[-3.224726,40.354257],[-3.22591,40.356038],[-3.22995,40.357616],[-3.230124,40.358083],[-3.231165,40.35856],[-3.233942,40.358339],[-3.234219,40.358806]]]}},{"type":"Feature","id":"municipio-102","properties":{"nombre":"Orusco de Tajuña","tipo":"municipio","contexto":"Comunidad de Madrid"},"geometry":{"type":"Polygon","coordinates":[[[-3.252134,40.303479],[-3.250061,40.306092],[-3.240396,40.310071],[-3.232424,40.312276],[-3.225905,40.314613],[-3.222864,40.313483],[-3.216266,40.312882],[-3.212017,40.310333],[-3.211086,40.309167],[-3.207655,40.306246],[-3.206749,40.306447],[-3.205749,40.30618],[-3.20221,40.306325],[-3.192937,40.304751],[-3.184813,40.304717],[-3.181689,40.304277],[-3.180209,40.30206],[-3.181475,40.297672],[-3.181446,40.295017],[-3.180535,40.291888],[-3.181446,40.288513],[-3.184371,40.282662],[-3.18674,40.278994],[-3.186514,40.27532],[-3.18421,40.269708],[-3.192824,40.259275],[-3.194199,40.258153],[-3.197205,40.257547],[-3.200715,40.259728],[-3.206646,40.262738],[-3.207488,40.264161],[-3.21439,40.270507],[-3.218769,40.273132],[-3.222669,40.276339],[-3.231408,40.287036],[-3.236758,40.291078],[-3.245215,40.29604],[-3.250839,40.301085],[-3.251746,40.302372],[-3.252134,40.303479]]]}},{"type":"Feature","id":"municipio-104","properties":{"nombre":"Paracuellos de Jarama","tipo":"municipio","contexto":"Comunidad de Madrid"},"geometry":{"type":"Polygon","coordinates":[[[-3.566043,40.556508],[-3.565892,40.557251],[-3.565213,40.558176],[-3.563777,40.559124],[-3.561758,40.559291],[-3.56077,40.560368],[-3.560563,40.561513],[-3.561395,40.563569],[-3.559594,40.56407],[-3.559137,40.564902],[-3.558264,40.564998],[-3.558427,40.565475],[-3.558206,40.566484],[-3.558955,40.567612],[-3.56407,40.571018],[-3.564749,40.571971],[-3.561865,40.572196],[-3.560289,40.572922],[-3.558321,40.574467],[-3.557855,40.57548],[-3.55431,40.575399],[-3.544055,40.569783],[-3.543742,40.568126],[-3.544924,40.567755],[-3.546041,40.566338],[-3.546057,40.565548],[-3.550399,40.564655],[-3.548375,40.564022],[-3.547113,40.563213],[-3.546157,40.563102],[-3.542304,40.560954],[-3.539904,40.560082],[-3.538115,40.55856],[-3.534388,40.556654],[-3.533396,40.555862],[-3.529237,40.554385],[-3.526818,40.551341],[-3.521894,40.546384],[-3.517973,40.544151],[-3.516437,40.542395],[-3.513515,40.540794],[-3.513432,40.54026],[-3.510094,40.535745],[-3.509621,40.532584],[-3.508189,40.530892],[-3.50809,40.529836],[-3.503093,40.526119],[-3.502349,40.52387],[-3.50125,40.522843],[-3.50154,40.521838],[-3.50038,40.520864],[-3.500236,40.52043],[-3.498289,40.519222],[-3.497365,40.518202],[-3.496273,40.517687],[-3.494489,40.515448],[-3.492625,40.511627],[-3.490528,40.510511],[-3.48809,40.506532],[-3.486724,40.503315],[-3.485922,40.50239],[-3.48518,40.500354],[-3.482573,40.497604],[-3.481029,40.496856],[-3.479876,40.49524],[-3.476468,40.487925],[-3.488801,40.479998],[-3.497247,40.473164],[-3.499503,40.471824],[-3.510251,40.469042],[-3.512671,40.468736],[-3.51508,40.46963],[-3.528561,40.472303],[-3.53084,40.471282],[-3.532654,40.471381],[-3.533708,40.47178],[-3.534345,40.472953],[-3.534883,40.479931],[-3.535807,40.482233],[-3.537283,40.484393],[-3.536947,40.486436],[-3.540989,40.488587],[-3.541261,40.491601],[-3.541792,40.492767],[-3.541778,40.494088],[-3.544164,40.495678],[-3.550237,40.497775],[-3.552408,40.499007],[-3.553305,40.499993],[-3.553606,40.501948],[-3.553406,40.50246],[-3.555213,40.503154],[-3.554947,40.505459],[-3.555129,40.508567],[-3.554259,40.511336],[-3.55237,40.511192],[-3.553213,40.513397],[-3.555513,40.515731],[-3.5558,40.516699],[-3.554946,40.517798],[-3.551345,40.520085],[-3.550472,40.521587],[-3.550274,40.523102],[-3.550789,40.524325],[-3.551594,40.525124],[-3.55288,40.52592],[-3.556529,40.527395],[-3.557114,40.528056],[-3.557164,40.528773],[-3.556335,40.530323],[-3.556167,40.531387],[-3.55385,40.532192],[-3.550864,40.532386],[-3.549406,40.533315],[-3.548097,40.535073],[-3.547737,40.537429],[-3.549149,40.539315],[-3.54993,40.541941],[-3.550367,40.542287],[-3.55095,40.54239],[-3.553369,40.541562],[-3.555746,40.541497],[-3.557455,40.541848],[-3.556608,40.544853],[-3.556846,40.545711],[-3.56345,40.551015],[-3.565366,40.553521],[-3.566043,40.556508]]]}},{"type":"Feature","id":"municipio-106","properties":{"nombre":"Parla","tipo":"municipio","contexto":"Comunidad de Madrid"},"geometry":{"type":"Polygon","coordinates":[[[-3.807606,40.229419],[-3.804105,40.233349],[-3.803468,40.235407],[-3.803198,40.235395],[-3.801363,40.238191],[-3.796187,40.238884],[-3.798979,40.245899],[-3.800122,40.247681],[-3.800967,40.250241],[-3.798437,40.250531],[-3.798507,40.250904],[-3.796309,40.25108],[-3.793067,40.249877],[-3.789369,40.249807],[-3.781031,40.250615],[-3.776543,40.250675],[-3.775254,40.250483],[-3.774964,40.25015],[-3.766549,40.252841],[-3.764705,40.254103],[-3.763487,40.255735],[-3.761608,40.255701],[-3.761682,40.255207],[-3.758384,40.255108],[-3.755996,40.250424],[-3.75342,40.251232],[-3.751322,40.252335],[-3.750238,40.251391],[-3.748409,40.252207],[-3.746905,40.254537],[-3.742849,40.25375],[-3.735701,40.253072],[-3.73702,40.250921],[-3.737544,40.245839],[-3.73808,40.244847],[-3.737857,40.239939],[-3.739213,40.230255],[-3.738669,40.22743],[-3.737713,40.225722],[-3.737357,40.221253],[-3.738771,40.217291],[-3.73859,40.217274],[-3.738769,40.215994],[-3.733446,40.211063],[-3.735824,40.211636],[-3.736914,40.211182],[-3.738502,40.206406],[-3.739248,40.205026],[-3.743145,40.202594],[-3.744931,40.200916],[-3.74745,40.202872],[-3.75189,40.207173],[-3.752746,40.208356],[-3.756421,40.210773],[-3.759159,40.207252],[-3.761418,40.207834],[-3.765174,40.206829],[-3.769521,40.207471],[-3.774225,40.209808],[-3.775466,40.208478],[-3.777947,40.209617],[-3.779893,40.209484],[-3.78081,40.212645],[-3.784417,40.213571],[-3.785614,40.215813],[-3.790169,40.216753],[-3.791486,40.217337],[-3.790107,40.219871],[-3.789548,40.2219],[-3.790008,40.222159],[-3.79192,40.22229],[-3.792953,40.222661],[-3.795992,40.221928],[-3.797457,40.222067],[-3.798546,40.222759],[-3.799706,40.222866],[-3.80056,40.221834],[-3.802186,40.221223],[-3.803362,40.220001],[-3.804508,40.222181],[-3.806171,40.224429],[-3.807606,40.229419]]]}},{"type":"Feature","id":"municipio-107","properties":{"nombre":"Patones","tipo":"municipio","contexto":"Comunidad de Madrid"},"geometry":{"type":"Polygon","coordinates":[[[-3.439543,40.89092],[-3.439891,40.89031],[-3.441742,40.88907],[-3.443584,40.888387],[-3.444834,40.887104],[-3.444611,40.886497],[-3.443439,40.885606],[-3.44171,40.882711],[-3.440604,40.878629],[-3.440566,40.87528],[-3.442131,40.875043],[-3.446134,40.876704],[-3.448249,40.876432],[-3.450676,40.875134],[-3.452111,40.873493],[-3.452832,40.873227],[-3.454913,40.873261],[-3.458138,40.87209],[-3.464098,40.868937],[-3.466408,40.86816],[-3.472668,40.864097],[-3.472717,40.862465],[-3.471538,40.860654],[-3.465821,40.857039],[-3.467002,40.855385],[-3.470323,40.851924],[-3.473178,40.853789],[-3.47509,40.854631],[-3.478555,40.855196],[-3.479721,40.85473],[-3.480028,40.853982],[-3.482007,40.852635],[-3.484548,40.851475],[-3.486838,40.85083],[-3.492716,40.851481],[-3.498841,40.851757],[-3.501739,40.849592],[-3.507906,40.846241],[-3.508112,40.846965],[-3.509928,40.849083],[-3.509799,40.850007],[-3.510977,40.85057],[-3.512142,40.851765],[-3.513769,40.851775],[-3.514555,40.852368],[-3.515398,40.854254],[-3.514767,40.85501],[-3.515616,40.855752],[-3.51575,40.856572],[-3.516287,40.857211],[-3.51503,40.859046],[-3.515747,40.860527],[-3.517668,40.862484],[-3.518126,40.862546],[-3.518868,40.862137],[-3.519681,40.862258],[-3.519095,40.863037],[-3.519808,40.863382],[-3.519952,40.86373],[-3.519121,40.864166],[-3.520145,40.864831],[-3.520053,40.86582],[-3.521041,40.866261],[-3.520751,40.867358],[-3.524297,40.870636],[-3.525145,40.872075],[-3.524447,40.874062],[-3.524742,40.876126],[-3.523702,40.877456],[-3.523292,40.878951],[-3.520436,40.882343],[-3.518693,40.8855],[-3.517463,40.888017],[-3.51671,40.890955],[-3.516159,40.891964],[-3.514999,40.892579],[-3.513162,40.8949],[-3.518753,40.9066],[-3.518873,40.907884],[-3.518057,40.908406],[-3.516018,40.908431],[-3.512268,40.906644],[-3.510627,40.906205],[-3.508418,40.906088],[-3.504958,40.904609],[-3.502518,40.905179],[-3.501545,40.905115],[-3.499955,40.903966],[-3.496999,40.903444],[-3.496297,40.903979],[-3.495706,40.905312],[-3.494722,40.905755],[-3.494044,40.905601],[-3.492676,40.904529],[-3.490636,40.904041],[-3.489637,40.904937],[-3.489824,40.90578],[-3.490488,40.906094],[-3.492954,40.906121],[-3.494195,40.906521],[-3.496433,40.908588],[-3.496986,40.909528],[-3.49703,40.91022],[-3.495612,40.910517],[-3.49399,40.910221],[-3.492408,40.910472],[-3.49007,40.90963],[-3.487638,40.910972],[-3.486623,40.911137],[-3.48328,40.908767],[-3.481961,40.908428],[-3.481369,40.908741],[-3.481109,40.909574],[-3.482144,40.911334],[-3.481996,40.912245],[-3.480725,40.912747],[-3.47883,40.912837],[-3.47663,40.912408],[-3.477068,40.911604],[-3.478324,40.910939],[-3.477932,40.909711],[-3.476965,40.909279],[-3.475781,40.910902],[-3.474485,40.910978],[-3.473721,40.911995],[-3.470672,40.912202],[-3.469682,40.912908],[-3.467998,40.915112],[-3.468354,40.916506],[-3.469012,40.917432],[-3.468302,40.91836],[-3.467355,40.918594],[-3.462299,40.918001],[-3.461408,40.91761],[-3.461253,40.916944],[-3.463597,40.915012],[-3.463734,40.914244],[-3.46317,40.913618],[-3.461865,40.913559],[-3.459774,40.91487],[-3.458792,40.91514],[-3.457667,40.914991],[-3.455944,40.914259],[-3.453826,40.913962],[-3.448721,40.911537],[-3.445707,40.910428],[-3.444503,40.909239],[-3.44385,40.907765],[-3.444062,40.906849],[-3.444774,40.906236],[-3.450304,40.905341],[-3.452677,40.906047],[-3.456831,40.90825],[-3.458388,40.908433],[-3.45923,40.908126],[-3.460417,40.90695],[-3.460691,40.90582],[-3.459705,40.903825],[-3.458096,40.901851],[-3.457891,40.900751],[-3.458646,40.900061],[-3.460745,40.90031],[-3.461105,40.899771],[-3.460653,40.898518],[-3.458618,40.897534],[-3.456087,40.899264],[-3.454812,40.89948],[-3.453749,40.899326],[-3.452475,40.898453],[-3.452805,40.896873],[-3.45246,40.896329],[-3.44855,40.894677],[-3.447796,40.895024],[-3.446907,40.896204],[-3.445538,40.896132],[-3.445097,40.895804],[-3.44444,40.894246],[-3.443277,40.89296],[-3.442206,40.892277],[-3.439824,40.891396],[-3.439543,40.89092]]]}},{"type":"Feature","id":"municipio-108","properties":{"nombre":"Pedrezuela","tipo":"municipio","contexto":"Comunidad de Madrid"},"geometry":{"type":"Polygon","coordinates":[[[-3.677055,40.723284],[-3.675832,40.728383],[-3.67412,40.73003],[-3.673704,40.732451],[-3.673234,40.733307],[-3.669662,40.736213],[-3.666793,40.737947],[-3.663603,40.738912],[-3.65707,40.742841],[-3.65215,40.74721],[-3.642864,40.754349],[-3.641884,40.755565],[-3.636504,40.75768],[-3.637758,40.760077],[-3.63353,40.762502],[-3.631865,40.764089],[-3.632415,40.765798],[-3.631865,40.768407],[-3.631323,40.769266],[-3.628496,40.771734],[-3.627821,40.771903],[-3.625433,40.771607],[-3.619373,40.773941],[-3.613066,40.775499],[-3.608561,40.779662],[-3.604448,40.776373],[-3.604077,40.773032],[-3.598286,40.757956],[-3.594719,40.752575],[-3.59383,40.750557],[-3.592346,40.730722],[-3.591104,40.729013],[-3.592392,40.727298],[-3.594923,40.725139],[-3.597379,40.723787],[-3.599321,40.723767],[-3.602821,40.72158],[-3.605196,40.72058],[-3.607465,40.717666],[-3.607973,40.715685],[-3.607752,40.714924],[-3.607346,40.71458],[-3.613037,40.709897],[-3.617098,40.707311],[-3.619475,40.70736],[-3.618655,40.710724],[-3.617826,40.711744],[-3.618388,40.713395],[-3.618202,40.714252],[-3.617113,40.71593],[-3.618162,40.716382],[-3.618644,40.717123],[-3.619435,40.71754],[-3.619486,40.718136],[-3.620712,40.718592],[-3.622872,40.717883],[-3.624227,40.718348],[-3.628764,40.719033],[-3.635186,40.720929],[-3.639688,40.72169],[-3.643385,40.72194],[-3.646862,40.722761],[-3.649192,40.723726],[-3.651235,40.723945],[-3.656002,40.725254],[-3.660768,40.726053],[-3.66338,40.726016],[-3.669939,40.725123],[-3.677055,40.723284]]]}},{"type":"Feature","id":"municipio-109","properties":{"nombre":"Pelayos de la Presa","tipo":"municipio","contexto":"Comunidad de Madrid"},"geometry":{"type":"Polygon","coordinates":[[[-4.304658,40.367487],[-4.308325,40.364682],[-4.311123,40.360257],[-4.312842,40.35522],[-4.3148,40.353552],[-4.315451,40.350814],[-4.316782,40.349041],[-4.323023,40.344017],[-4.324678,40.343802],[-4.326617,40.34439],[-4.32776,40.344323],[-4.33239,40.346133],[-4.334991,40.347479],[-4.335912,40.346575],[-4.338586,40.350156],[-4.345635,40.354628],[-4.346063,40.36118],[-4.34707,40.362687],[-4.345548,40.364699],[-4.34284,40.367343],[-4.343005,40.367895],[-4.342473,40.367996],[-4.342183,40.367724],[-4.339702,40.369932],[-4.339157,40.370883],[-4.338287,40.37105],[-4.338522,40.372873],[-4.335715,40.375722],[-4.334938,40.376127],[-4.331123,40.375351],[-4.327527,40.371987],[-4.322991,40.370015],[-4.320259,40.369743],[-4.315759,40.370151],[-4.311616,40.369316],[-4.308706,40.368093],[-4.304658,40.367487]]]}},{"type":"Feature","id":"municipio-110","properties":{"nombre":"Perales de Tajuña","tipo":"municipio","contexto":"Comunidad de Madrid"},"geometry":{"type":"Polygon","coordinates":[[[-3.423262,40.254701],[-3.416757,40.25428],[-3.411752,40.255202],[-3.407576,40.257158],[-3.404372,40.255255],[-3.395766,40.248378],[-3.388476,40.25013],[-3.385344,40.254424],[-3.381086,40.257444],[-3.378934,40.259528],[-3.377605,40.261628],[-3.36852,40.265915],[-3.365129,40.266888],[-3.357354,40.270588],[-3.353381,40.271715],[-3.348381,40.273796],[-3.333912,40.264221],[-3.333906,40.26291],[-3.336845,40.254922],[-3.335638,40.252656],[-3.335426,40.248269],[-3.33573,40.246326],[-3.335431,40.243535],[-3.335686,40.242127],[-3.334879,40.240084],[-3.33415,40.238779],[-3.330969,40.236433],[-3.328977,40.234464],[-3.323228,40.229728],[-3.32225,40.22826],[-3.322918,40.227619],[-3.320193,40.22541],[-3.318034,40.224875],[-3.317512,40.223556],[-3.314892,40.221758],[-3.313045,40.221341],[-3.312686,40.2204],[-3.311274,40.219159],[-3.310053,40.218514],[-3.309867,40.217774],[-3.310447,40.216695],[-3.310167,40.215053],[-3.307083,40.211537],[-3.30672,40.209401],[-3.309537,40.202878],[-3.307505,40.19993],[-3.29798,40.190529],[-3.300061,40.18817],[-3.306801,40.185212],[-3.313679,40.183102],[-3.319676,40.178903],[-3.320356,40.177984],[-3.321459,40.179362],[-3.323508,40.18085],[-3.327898,40.182481],[-3.331562,40.184378],[-3.336169,40.187387],[-3.337533,40.187595],[-3.337968,40.188585],[-3.339634,40.190157],[-3.342042,40.193686],[-3.345479,40.195208],[-3.350868,40.198161],[-3.360544,40.198534],[-3.366035,40.19926],[-3.368479,40.19909],[-3.369924,40.199294],[-3.371328,40.200732],[-3.374115,40.202658],[-3.376087,40.205803],[-3.377648,40.207257],[-3.382757,40.21035],[-3.383665,40.211371],[-3.384928,40.211964],[-3.387017,40.217141],[-3.390984,40.218592],[-3.394509,40.219016],[-3.395196,40.224258],[-3.397167,40.231223],[-3.398304,40.23436],[-3.399831,40.237184],[-3.400399,40.239886],[-3.402225,40.241197],[-3.402927,40.242636],[-3.405536,40.24433],[-3.405921,40.245645],[-3.411582,40.251992],[-3.414718,40.253225],[-3.423262,40.254701]]]}},{"type":"Feature","id":"municipio-111","properties":{"nombre":"Pezuela de las Torres","tipo":"municipio","contexto":"Comunidad de Madrid"},"geometry":{"type":"Polygon","coordinates":[[[-3.229238,40.389502],[-3.229177,40.392007],[-3.228558,40.393369],[-3.22618,40.39514],[-3.22337,40.395673],[-3.223753,40.397337],[-3.223471,40.398378],[-3.222439,40.399491],[-3.220889,40.400364],[-3.217031,40.407699],[-3.215232,40.409399],[-3.215879,40.41217],[-3.216033,40.417933],[-3.214906,40.419466],[-3.214623,40.420797],[-3.21485,40.426234],[-3.213605,40.42857],[-3.212225,40.430388],[-3.212014,40.433374],[-3.211157,40.434431],[-3.21014,40.434593],[-3.207743,40.43707],[-3.203341,40.43905],[-3.201995,40.440158],[-3.200018,40.44047],[-3.198597,40.442252],[-3.190095,40.441252],[-3.185436,40.439918],[-3.182492,40.440026],[-3.177303,40.439194],[-3.174254,40.43796],[-3.173101,40.437124],[-3.17264,40.436263],[-3.169041,40.438788],[-3.162622,40.438515],[-3.159248,40.439039],[-3.158148,40.439543],[-3.155515,40.439424],[-3.154211,40.437131],[-3.154758,40.436736],[-3.153888,40.435687],[-3.153934,40.434983],[-3.152272,40.433171],[-3.150944,40.430959],[-3.151312,40.427129],[-3.15101,40.426438],[-3.150093,40.42523],[-3.147824,40.423578],[-3.147365,40.419587],[-3.144274,40.416698],[-3.142556,40.414169],[-3.142073,40.412457],[-3.137295,40.40869],[-3.130558,40.405185],[-3.134097,40.399749],[-3.134096,40.398221],[-3.134968,40.396132],[-3.134468,40.393951],[-3.135402,40.390105],[-3.137735,40.38876],[-3.143344,40.387534],[-3.143567,40.385827],[-3.143103,40.38513],[-3.143269,40.383779],[-3.141727,40.383347],[-3.141594,40.383089],[-3.141575,40.38169],[-3.14038,40.37983],[-3.140745,40.37778],[-3.139718,40.377514],[-3.139699,40.376669],[-3.138288,40.375543],[-3.145374,40.373678],[-3.150054,40.373109],[-3.150782,40.376269],[-3.154981,40.377664],[-3.160545,40.378659],[-3.166704,40.378144],[-3.168499,40.377736],[-3.173803,40.376135],[-3.176821,40.374167],[-3.182341,40.374101],[-3.183649,40.374511],[-3.184242,40.37843],[-3.185498,40.379562],[-3.188923,40.380893],[-3.19491,40.385984],[-3.197454,40.387628],[-3.201854,40.391161],[-3.206258,40.391105],[-3.213973,40.389294],[-3.218562,40.387171],[-3.21808,40.386597],[-3.22093,40.38612],[-3.223017,40.385323],[-3.224808,40.385126],[-3.227335,40.385442],[-3.229037,40.388023],[-3.229238,40.389502]]]}},{"type":"Feature","id":"municipio-112","properties":{"nombre":"Pinilla del Valle","tipo":"municipio","contexto":"Comunidad de Madrid"},"geometry":{"type":"Polygon","coordinates":[[[-3.880832,40.974126],[-3.879039,40.975202],[-3.873967,40.974794],[-3.870873,40.972357],[-3.869957,40.971079],[-3.863862,40.974648],[-3.86173,40.977448],[-3.859313,40.979191],[-3.847405,40.979376],[-3.844507,40.982347],[-3.841711,40.980079],[-3.838847,40.97504],[-3.837351,40.974395],[-3.832911,40.967269],[-3.833576,40.964759],[-3.833807,40.961125],[-3.833235,40.95755],[-3.830514,40.950323],[-3.828389,40.948079],[-3.827594,40.946667],[-3.826946,40.945998],[-3.824508,40.944821],[-3.823528,40.943814],[-3.819656,40.941106],[-3.81729,40.938411],[-3.805542,40.927386],[-3.800783,40.923446],[-3.79609,40.918794],[-3.789393,40.913772],[-3.787031,40.913274],[-3.785639,40.912352],[-3.785147,40.911681],[-3.787011,40.909633],[-3.788632,40.906443],[-3.791777,40.905179],[-3.795385,40.902457],[-3.798551,40.901308],[-3.798516,40.899798],[-3.798904,40.898602],[-3.799785,40.897039],[-3.80105,40.896384],[-3.801334,40.895599],[-3.802245,40.894967],[-3.803682,40.891228],[-3.80873,40.88821],[-3.808635,40.89208],[-3.816119,40.899036],[-3.822789,40.905848],[-3.82675,40.910828],[-3.827931,40.911449],[-3.828827,40.912526],[-3.83001,40.916908],[-3.828402,40.917091],[-3.829514,40.918804],[-3.831223,40.920082],[-3.831461,40.920621],[-3.832343,40.920845],[-3.833246,40.921866],[-3.835744,40.922534],[-3.837327,40.923644],[-3.837203,40.923923],[-3.838699,40.924567],[-3.840444,40.925899],[-3.841051,40.92831],[-3.84138,40.931254],[-3.842229,40.932986],[-3.843826,40.934702],[-3.848724,40.938625],[-3.849731,40.940078],[-3.850361,40.941594],[-3.855308,40.948646],[-3.85704,40.949727],[-3.858511,40.949844],[-3.859912,40.952495],[-3.861619,40.954585],[-3.880787,40.972817],[-3.880832,40.974126]]]}},{"type":"Feature","id":"municipio-113","properties":{"nombre":"Pinto","tipo":"municipio","contexto":"Comunidad de Madrid"},"geometry":{"type":"Polygon","coordinates":[[[-3.741267,40.2536],[-3.739301,40.270895],[-3.737162,40.270867],[-3.736339,40.272195],[-3.735027,40.272527],[-3.73354,40.272176],[-3.730644,40.27248],[-3.729296,40.272199],[-3.728287,40.272471],[-3.727225,40.272159],[-3.726799,40.271558],[-3.726126,40.271546],[-3.724316,40.270816],[-3.72291,40.269731],[-3.719872,40.269856],[-3.719554,40.269152],[-3.718811,40.268671],[-3.716155,40.267886],[-3.714985,40.267936],[-3.714228,40.267409],[-3.711746,40.266921],[-3.708931,40.266978],[-3.707931,40.267572],[-3.706567,40.267754],[-3.705177,40.267591],[-3.703893,40.267866],[-3.701671,40.267451],[-3.698353,40.268271],[-3.697328,40.269249],[-3.695779,40.268835],[-3.694403,40.268988],[-3.693298,40.269932],[-3.692202,40.269691],[-3.691591,40.270491],[-3.690224,40.270683],[-3.689285,40.272287],[-3.68882,40.27258],[-3.687187,40.272743],[-3.683007,40.274318],[-3.680623,40.273777],[-3.680138,40.274411],[-3.679253,40.274717],[-3.678817,40.27546],[-3.676583,40.275493],[-3.675928,40.276351],[-3.673603,40.276801],[-3.672836,40.279338],[-3.672065,40.279823],[-3.671997,40.280294],[-3.668408,40.282682],[-3.666574,40.282972],[-3.664527,40.284117],[-3.663693,40.285044],[-3.662487,40.28576],[-3.662456,40.2868],[-3.661894,40.287761],[-3.660915,40.287955],[-3.659305,40.28882],[-3.656033,40.289037],[-3.652595,40.291321],[-3.649795,40.292697],[-3.64758,40.292406],[-3.64669,40.292799],[-3.64551,40.292745],[-3.64382,40.292308],[-3.642758,40.291454],[-3.639597,40.291844],[-3.638193,40.291692],[-3.636891,40.285941],[-3.635498,40.283618],[-3.631794,40.278491],[-3.629826,40.277308],[-3.627491,40.276855],[-3.623689,40.270935],[-3.622535,40.269828],[-3.622528,40.268782],[-3.622908,40.266375],[-3.626005,40.265757],[-3.631356,40.260885],[-3.632485,40.259439],[-3.633605,40.256018],[-3.634121,40.250852],[-3.634556,40.250067],[-3.635006,40.247248],[-3.636314,40.243156],[-3.638066,40.238904],[-3.64364,40.229663],[-3.650099,40.225926],[-3.657299,40.222851],[-3.662317,40.221118],[-3.662924,40.221434],[-3.663364,40.220882],[-3.667949,40.219933],[-3.673582,40.2195],[-3.676411,40.219838],[-3.681658,40.21616],[-3.682079,40.216413],[-3.683485,40.215267],[-3.692217,40.21121],[-3.694894,40.206855],[-3.698107,40.20264],[-3.7,40.19893],[-3.704004,40.201582],[-3.709728,40.20391],[-3.726845,40.209339],[-3.732166,40.210778],[-3.733523,40.210879],[-3.733446,40.211063],[-3.738769,40.215994],[-3.73859,40.217274],[-3.738771,40.217291],[-3.737357,40.221253],[-3.737713,40.225722],[-3.738669,40.22743],[-3.739213,40.230255],[-3.737857,40.239939],[-3.73808,40.244847],[-3.737544,40.245839],[-3.73702,40.250921],[-3.735701,40.253072],[-3.741267,40.2536]]]}},{"type":"Feature","id":"municipio-114","properties":{"nombre":"Piñuécar-Gandullas","tipo":"municipio","contexto":"Comunidad de Madrid"},"geometry":{"type":"Polygon","coordinates":[[[-3.622367,41.049159],[-3.622167,41.050703],[-3.621136,41.051396],[-3.62019,41.052602],[-3.619883,41.054588],[-3.617357,41.056211],[-3.617887,41.057898],[-3.617207,41.060827],[-3.617523,41.062008],[-3.617987,41.062298],[-3.618626,41.062206],[-3.619271,41.06324],[-3.619056,41.06515],[-3.619294,41.066314],[-3.617114,41.067872],[-3.616284,41.069644],[-3.613759,41.072857],[-3.614438,41.074279],[-3.614242,41.075051],[-3.616386,41.076307],[-3.617896,41.078222],[-3.617762,41.07853],[-3.613962,41.079899],[-3.611088,41.079275],[-3.611391,41.07869],[-3.610484,41.077764],[-3.609191,41.077338],[-3.608922,41.076985],[-3.609408,41.074641],[-3.609608,41.067227],[-3.607157,41.063619],[-3.606929,41.056712],[-3.604664,41.054255],[-3.600198,41.05087],[-3.596131,41.049552],[-3.592772,41.047978],[-3.591079,41.044788],[-3.589249,41.044066],[-3.587908,41.044066],[-3.586555,41.042152],[-3.586631,41.041743],[-3.587541,41.040823],[-3.586534,41.039376],[-3.585992,41.037798],[-3.581853,41.034472],[-3.581897,41.034034],[-3.582316,41.033843],[-3.583861,41.034526],[-3.585037,41.033301],[-3.58177,41.0317],[-3.580203,41.030432],[-3.579934,41.029705],[-3.580448,41.027831],[-3.580346,41.026259],[-3.581116,41.025919],[-3.582799,41.025794],[-3.584456,41.023811],[-3.585255,41.024202],[-3.585809,41.024068],[-3.58644,41.023202],[-3.586322,41.022473],[-3.583581,41.021589],[-3.582535,41.021964],[-3.580788,41.021753],[-3.579858,41.021308],[-3.579549,41.02151],[-3.578932,41.023165],[-3.575219,41.024003],[-3.574024,41.01987],[-3.573028,41.01787],[-3.573035,41.015059],[-3.573946,41.012245],[-3.576284,41.008902],[-3.578747,41.007261],[-3.580723,41.005206],[-3.581114,40.999932],[-3.580426,40.991021],[-3.581072,40.990227],[-3.581552,40.990244],[-3.582234,40.991137],[-3.58297,40.992908],[-3.588565,40.995204],[-3.589573,40.995149],[-3.590261,40.995473],[-3.590523,40.995975],[-3.59053,40.997304],[-3.591127,40.997879],[-3.592142,40.998174],[-3.595355,40.998028],[-3.598292,40.999259],[-3.599485,40.998355],[-3.602842,41.002377],[-3.604426,41.0055],[-3.60826,41.008529],[-3.607964,41.008936],[-3.608348,41.009202],[-3.60946,41.009901],[-3.611734,41.009859],[-3.614656,41.01114],[-3.618254,41.011306],[-3.618035,41.012974],[-3.614973,41.014317],[-3.612489,41.018419],[-3.60832,41.02311],[-3.610954,41.024697],[-3.612321,41.024723],[-3.613582,41.03101],[-3.615067,41.033557],[-3.616388,41.034692],[-3.616254,41.039853],[-3.616841,41.041338],[-3.616887,41.042408],[-3.617856,41.042799],[-3.619649,41.044463],[-3.619761,41.046057],[-3.620829,41.048288],[-3.622367,41.049159]]]}},{"type":"Feature","id":"municipio-115","properties":{"nombre":"Pozuelo de Alarcón","tipo":"municipio","contexto":"Comunidad de Madrid"},"geometry":{"type":"Polygon","coordinates":[[[-3.863129,40.444083],[-3.861784,40.443895],[-3.855944,40.445374],[-3.848486,40.445351],[-3.849889,40.448961],[-3.849582,40.452142],[-3.846523,40.457803],[-3.842984,40.460512],[-3.830922,40.465934],[-3.828975,40.466314],[-3.827122,40.466007],[-3.824777,40.464841],[-3.81987,40.464425],[-3.817408,40.464487],[-3.815172,40.463801],[-3.812894,40.463758],[-3.810116,40.464292],[-3.807329,40.463482],[-3.804136,40.463031],[-3.802474,40.462082],[-3.798892,40.459145],[-3.795819,40.457913],[-3.795296,40.457004],[-3.795465,40.456469],[-3.794605,40.455854],[-3.793022,40.453847],[-3.79342,40.453308],[-3.791388,40.449436],[-3.790957,40.447499],[-3.790336,40.44771],[-3.790219,40.44581],[-3.788784,40.445767],[-3.79009,40.442362],[-3.784686,40.444357],[-3.779484,40.444214],[-3.777524,40.443686],[-3.770829,40.444057],[-3.770782,40.429426],[-3.779116,40.42428],[-3.780356,40.421906],[-3.781394,40.417571],[-3.780579,40.414291],[-3.779438,40.412175],[-3.778366,40.407619],[-3.776351,40.404039],[-3.774343,40.402108],[-3.77456,40.400306],[-3.775853,40.400089],[-3.77765,40.399136],[-3.778114,40.397655],[-3.779675,40.396845],[-3.780109,40.395837],[-3.781485,40.394183],[-3.789394,40.392419],[-3.788587,40.393973],[-3.793789,40.393634],[-3.796466,40.392265],[-3.804257,40.392057],[-3.810862,40.392805],[-3.814852,40.394033],[-3.818265,40.395955],[-3.820564,40.396606],[-3.834712,40.396115],[-3.835232,40.396272],[-3.835281,40.396549],[-3.830826,40.401106],[-3.837814,40.402973],[-3.840082,40.407088],[-3.840926,40.410049],[-3.842268,40.418699],[-3.843952,40.416887],[-3.845412,40.416929],[-3.846077,40.417603],[-3.847651,40.420742],[-3.851544,40.424836],[-3.852564,40.427074],[-3.852502,40.428575],[-3.853013,40.431102],[-3.854256,40.433227],[-3.856867,40.435678],[-3.857299,40.438063],[-3.861973,40.440416],[-3.863129,40.444083]]]}},{"type":"Feature","id":"municipio-116","properties":{"nombre":"Pozuelo del Rey","tipo":"municipio","contexto":"Comunidad de Madrid"},"geometry":{"type":"Polygon","coordinates":[[[-3.356032,40.362251],[-3.35255,40.366513],[-3.350355,40.368243],[-3.347612,40.369584],[-3.341447,40.374796],[-3.337138,40.377139],[-3.333511,40.37785],[-3.332148,40.377708],[-3.326912,40.378907],[-3.319618,40.38405],[-3.321659,40.387474],[-3.323401,40.38822],[-3.32501,40.389702],[-3.323859,40.392372],[-3.322573,40.395162],[-3.320335,40.395749],[-3.315716,40.399026],[-3.312154,40.400608],[-3.30979,40.398547],[-3.31121,40.394029],[-3.308936,40.389902],[-3.307226,40.387526],[-3.305392,40.38593],[-3.300219,40.385809],[-3.291488,40.383957],[-3.286923,40.382435],[-3.273743,40.38052],[-3.276968,40.377202],[-3.279102,40.375525],[-3.279172,40.373966],[-3.276995,40.370513],[-3.275468,40.3672],[-3.270427,40.360242],[-3.271906,40.358928],[-3.277862,40.351713],[-3.279918,40.346183],[-3.278502,40.346183],[-3.279181,40.344705],[-3.280136,40.34381],[-3.282343,40.340054],[-3.287515,40.333978],[-3.288196,40.332714],[-3.29063,40.331608],[-3.297593,40.330091],[-3.301336,40.329698],[-3.304706,40.329717],[-3.31286,40.328616],[-3.313978,40.332092],[-3.317347,40.335568],[-3.325463,40.341945],[-3.328108,40.343434],[-3.335588,40.348562],[-3.338412,40.35096],[-3.344831,40.355474],[-3.347576,40.356785],[-3.350154,40.359153],[-3.356032,40.362251]]]}},{"type":"Feature","id":"municipio-117","properties":{"nombre":"Prádena del Rincón","tipo":"municipio","contexto":"Comunidad de Madrid"},"geometry":{"type":"Polygon","coordinates":[[[-3.465273,41.055738],[-3.467177,41.048088],[-3.474154,41.04554],[-3.47959,41.042799],[-3.482517,41.033425],[-3.485825,41.030164],[-3.486666,41.02637],[-3.491421,41.025555],[-3.491925,41.012554],[-3.512435,41.021882],[-3.520114,41.022931],[-3.527763,41.022584],[-3.535092,41.024433],[-3.539402,41.024939],[-3.547469,41.028488],[-3.547989,41.030126],[-3.548024,41.032542],[-3.548561,41.033528],[-3.549323,41.033908],[-3.550758,41.033936],[-3.551705,41.03334],[-3.552392,41.031907],[-3.553315,41.031572],[-3.556358,41.028756],[-3.557561,41.029122],[-3.557355,41.030446],[-3.554714,41.035959],[-3.55874,41.044454],[-3.558638,41.047015],[-3.559426,41.048005],[-3.559032,41.048307],[-3.555845,41.048022],[-3.552073,41.046034],[-3.551105,41.046384],[-3.551344,41.044379],[-3.552121,41.043356],[-3.552685,41.039641],[-3.552485,41.038375],[-3.552955,41.037299],[-3.552698,41.037305],[-3.551898,41.037982],[-3.551245,41.039313],[-3.549187,41.040165],[-3.548708,41.040653],[-3.547789,41.042772],[-3.549321,41.043404],[-3.549169,41.044076],[-3.547894,41.044152],[-3.547294,41.043513],[-3.546985,41.043726],[-3.546552,41.044889],[-3.547419,41.046245],[-3.546831,41.046823],[-3.544935,41.047354],[-3.545075,41.04828],[-3.543664,41.048723],[-3.542177,41.050417],[-3.536913,41.051406],[-3.535246,41.052004],[-3.533119,41.051969],[-3.530053,41.051639],[-3.526695,41.049934],[-3.524643,41.049306],[-3.523085,41.049227],[-3.518215,41.05083],[-3.513997,41.050832],[-3.510659,41.051207],[-3.507628,41.05382],[-3.506283,41.053056],[-3.504611,41.052863],[-3.504871,41.054456],[-3.504333,41.05553],[-3.504476,41.056257],[-3.503711,41.056728],[-3.501431,41.056466],[-3.49987,41.05573],[-3.497862,41.056416],[-3.4926,41.056601],[-3.485184,41.063776],[-3.483389,41.064427],[-3.482603,41.065223],[-3.480964,41.065916],[-3.478682,41.064723],[-3.475203,41.063625],[-3.472242,41.05987],[-3.466403,41.056069],[-3.465273,41.055738]]]}},{"type":"Feature","id":"municipio-118","properties":{"nombre":"Puebla de la Sierra","tipo":"municipio","contexto":"Comunidad de Madrid"},"geometry":{"type":"Polygon","coordinates":[[[-3.39445,41.000278],[-3.396776,40.999134],[-3.400852,40.995489],[-3.418296,40.987564],[-3.416416,40.98478],[-3.416288,40.983954],[-3.416542,40.983058],[-3.416283,40.982519],[-3.41848,40.979456],[-3.416226,40.975841],[-3.418251,40.973591],[-3.421583,40.967285],[-3.433262,40.964938],[-3.437822,40.965912],[-3.439262,40.966846],[-3.44108,40.965424],[-3.444347,40.963891],[-3.447571,40.96428],[-3.448141,40.964732],[-3.448176,40.965147],[-3.448774,40.965255],[-3.462341,40.965129],[-3.474386,40.96675],[-3.478889,40.96671],[-3.481892,40.965635],[-3.480315,40.965735],[-3.480075,40.964956],[-3.479051,40.964303],[-3.479019,40.963915],[-3.480254,40.964013],[-3.481734,40.963602],[-3.482358,40.96412],[-3.483383,40.962859],[-3.484336,40.962809],[-3.484224,40.9632],[-3.485032,40.96489],[-3.484744,40.966454],[-3.485661,40.967739],[-3.485469,40.968399],[-3.484907,40.968462],[-3.484839,40.969028],[-3.487061,40.970288],[-3.487947,40.970191],[-3.488904,40.971062],[-3.489576,40.971133],[-3.490069,40.972002],[-3.491497,40.972851],[-3.490703,40.973718],[-3.490169,40.973792],[-3.491009,40.974631],[-3.491895,40.974408],[-3.491711,40.975533],[-3.490807,40.975255],[-3.491053,40.975966],[-3.490887,40.976192],[-3.491514,40.976221],[-3.49199,40.977244],[-3.491881,40.977849],[-3.492869,40.97806],[-3.492873,40.979302],[-3.493534,40.979416],[-3.493924,40.979852],[-3.493483,40.980319],[-3.493857,40.982246],[-3.492951,40.98294],[-3.492884,40.983341],[-3.493754,40.983923],[-3.493525,40.984417],[-3.494036,40.984315],[-3.495034,40.985411],[-3.49544,40.986664],[-3.49512,40.987769],[-3.496267,40.989417],[-3.495742,40.990879],[-3.495802,40.99404],[-3.493456,41.007502],[-3.491925,41.012554],[-3.491421,41.025555],[-3.486666,41.02637],[-3.485825,41.030164],[-3.482517,41.033425],[-3.47959,41.042799],[-3.474154,41.04554],[-3.467177,41.048088],[-3.458594,41.05005],[-3.441758,41.043502],[-3.438935,41.04267],[-3.431178,41.04167],[-3.429738,41.040228],[-3.426074,41.031619],[-3.413242,41.018558],[-3.407498,41.015828],[-3.405832,41.013377],[-3.402258,41.010767],[-3.400873,41.009078],[-3.399276,41.008269],[-3.398016,41.006981],[-3.397488,41.006809],[-3.397066,41.004649],[-3.39445,41.000278]]]}},{"type":"Feature","id":"municipio-902","properties":{"nombre":"Puentes Viejas","tipo":"municipio","contexto":"Comunidad de Madrid"},"geometry":{"type":"Polygon","coordinates":[[[-3.629385,40.961546],[-3.62501,40.966892],[-3.624122,40.968565],[-3.623902,40.970347],[-3.61862,40.970741],[-3.615593,40.972899],[-3.613092,40.973736],[-3.612842,40.973169],[-3.610636,40.973536],[-3.60621,40.973445],[-3.604513,40.97573],[-3.601765,40.976869],[-3.603105,40.979879],[-3.597489,40.983551],[-3.593943,40.982899],[-3.591574,40.982823],[-3.588397,40.981806],[-3.585225,40.982329],[-3.584117,40.983101],[-3.583578,40.984166],[-3.581124,40.986779],[-3.580721,40.987871],[-3.580426,40.991021],[-3.581114,40.999932],[-3.580723,41.005206],[-3.578747,41.007261],[-3.576284,41.008902],[-3.573946,41.012245],[-3.573035,41.015059],[-3.573028,41.01787],[-3.574024,41.01987],[-3.575219,41.024003],[-3.569668,41.023631],[-3.569128,41.023876],[-3.568318,41.024875],[-3.565833,41.025305],[-3.564695,41.025939],[-3.562259,41.026053],[-3.561646,41.025075],[-3.560434,41.02519],[-3.55933,41.0271],[-3.558159,41.027723],[-3.557561,41.029122],[-3.556358,41.028756],[-3.553315,41.031572],[-3.552392,41.031907],[-3.551784,41.033264],[-3.550827,41.033915],[-3.549323,41.033908],[-3.548419,41.033344],[-3.548024,41.032542],[-3.547989,41.030126],[-3.547469,41.028488],[-3.539402,41.024939],[-3.535092,41.024433],[-3.527763,41.022584],[-3.520114,41.022931],[-3.512435,41.021882],[-3.491925,41.012554],[-3.493456,41.007502],[-3.495802,40.99404],[-3.50656,40.992432],[-3.510856,40.992332],[-3.511051,40.994043],[-3.515335,40.993921],[-3.515422,40.993075],[-3.516607,40.99069],[-3.516807,40.98968],[-3.524525,40.989444],[-3.524788,40.986798],[-3.529705,40.985457],[-3.534333,40.983787],[-3.537208,40.982115],[-3.538479,40.982286],[-3.540664,40.980913],[-3.542835,40.980709],[-3.543893,40.9795],[-3.545544,40.979658],[-3.549877,40.978016],[-3.554052,40.975369],[-3.554762,40.974422],[-3.555902,40.974204],[-3.556259,40.973648],[-3.558318,40.972589],[-3.559838,40.972409],[-3.562291,40.972913],[-3.563987,40.9711],[-3.564303,40.968661],[-3.563628,40.96721],[-3.561547,40.96404],[-3.556819,40.958457],[-3.557308,40.957597],[-3.559408,40.956311],[-3.560446,40.956059],[-3.564325,40.955984],[-3.565306,40.954618],[-3.565502,40.953665],[-3.565222,40.952904],[-3.562896,40.951272],[-3.561597,40.949413],[-3.561684,40.948802],[-3.562862,40.947891],[-3.563119,40.946733],[-3.562297,40.943894],[-3.559557,40.941991],[-3.559258,40.94085],[-3.558149,40.939994],[-3.55639,40.937639],[-3.553092,40.93476],[-3.553285,40.933601],[-3.554257,40.931773],[-3.554213,40.930981],[-3.551882,40.927122],[-3.55028,40.925452],[-3.55059,40.923862],[-3.549732,40.921244],[-3.547009,40.920915],[-3.54194,40.920955],[-3.540082,40.919312],[-3.539324,40.91786],[-3.539525,40.915986],[-3.538814,40.914037],[-3.539463,40.912699],[-3.540881,40.911994],[-3.545026,40.911439],[-3.54635,40.910698],[-3.546681,40.909097],[-3.546625,40.907501],[-3.546047,40.906386],[-3.54523,40.905878],[-3.544698,40.904517],[-3.545243,40.904685],[-3.546715,40.904377],[-3.54719,40.903995],[-3.548793,40.90382],[-3.549465,40.904166],[-3.55406,40.903691],[-3.557992,40.905044],[-3.560676,40.905312],[-3.562396,40.905895],[-3.565106,40.903608],[-3.567182,40.904221],[-3.568621,40.904246],[-3.568293,40.905537],[-3.568294,40.910121],[-3.571146,40.9116],[-3.572008,40.914504],[-3.572824,40.914944],[-3.574988,40.917259],[-3.575327,40.91821],[-3.576544,40.918857],[-3.573231,40.923915],[-3.570814,40.931097],[-3.569767,40.932905],[-3.570139,40.935725],[-3.571808,40.939899],[-3.581175,40.94532],[-3.58151,40.94622],[-3.584194,40.949127],[-3.588351,40.948243],[-3.593682,40.948668],[-3.593822,40.948936],[-3.597987,40.947268],[-3.60071,40.946877],[-3.604913,40.945429],[-3.605399,40.944733],[-3.608273,40.944291],[-3.612974,40.94156],[-3.618524,40.94624],[-3.619467,40.946688],[-3.621343,40.949256],[-3.622976,40.953097],[-3.624866,40.956113],[-3.62776,40.958497],[-3.629385,40.961546]]]}},{"type":"Feature","id":"municipio-119","properties":{"nombre":"Quijorna","tipo":"municipio","contexto":"Comunidad de Madrid"},"geometry":{"type":"Polygon","coordinates":[[[-4.113022,40.402484],[-4.112681,40.405286],[-4.111603,40.406648],[-4.104174,40.412158],[-4.097739,40.413935],[-4.097579,40.414172],[-4.097847,40.414756],[-4.097524,40.415944],[-4.096921,40.41655],[-4.095804,40.416817],[-4.093958,40.415854],[-4.093113,40.416308],[-4.091306,40.418164],[-4.089782,40.418638],[-4.088674,40.418716],[-4.087537,40.418263],[-4.085944,40.419223],[-4.083325,40.419666],[-4.080948,40.418926],[-4.080452,40.41916],[-4.080165,40.420344],[-4.07895,40.421546],[-4.075576,40.422389],[-4.074242,40.422339],[-4.07104,40.423543],[-4.071008,40.424024],[-4.071682,40.424582],[-4.071071,40.425428],[-4.071682,40.426373],[-4.071813,40.427129],[-4.072417,40.427537],[-4.072351,40.428179],[-4.073261,40.429125],[-4.073509,40.430222],[-4.07328,40.430721],[-4.073787,40.43166],[-4.073958,40.433254],[-4.074735,40.433504],[-4.075257,40.434965],[-4.07604,40.435544],[-4.075951,40.43603],[-4.07664,40.436647],[-4.07635,40.436873],[-4.076588,40.437352],[-4.077665,40.438575],[-4.077768,40.440029],[-4.077527,40.440436],[-4.078508,40.441083],[-4.078117,40.441581],[-4.077086,40.441467],[-4.076586,40.441827],[-4.076926,40.442109],[-4.075785,40.442187],[-4.074543,40.443147],[-4.073965,40.443232],[-4.073894,40.443658],[-4.073378,40.443904],[-4.071839,40.444369],[-4.070886,40.444282],[-4.069352,40.445676],[-4.060176,40.446897],[-4.054576,40.447222],[-4.051005,40.445929],[-4.049345,40.445825],[-4.041732,40.448702],[-4.037787,40.444943],[-4.034135,40.442663],[-4.032417,40.444115],[-4.030418,40.442117],[-4.032954,40.439521],[-4.031673,40.437209],[-4.031544,40.434226],[-4.030616,40.433064],[-4.028945,40.431734],[-4.029772,40.430953],[-4.027185,40.429545],[-4.027823,40.428462],[-4.026023,40.428222],[-4.027408,40.426814],[-4.028973,40.423423],[-4.029712,40.422444],[-4.030372,40.420326],[-4.030469,40.417005],[-4.034316,40.414242],[-4.03561,40.411774],[-4.033692,40.410489],[-4.037969,40.405531],[-4.038966,40.403656],[-4.039613,40.403865],[-4.043518,40.399932],[-4.044017,40.397453],[-4.042043,40.39524],[-4.045316,40.393784],[-4.045079,40.393221],[-4.045786,40.3909],[-4.045178,40.389606],[-4.046504,40.388321],[-4.047408,40.388142],[-4.049153,40.388601],[-4.050239,40.388556],[-4.051299,40.38893],[-4.05162,40.389355],[-4.053823,40.389568],[-4.054689,40.388923],[-4.054753,40.388299],[-4.056984,40.388362],[-4.057286,40.389641],[-4.059396,40.390118],[-4.061259,40.391291],[-4.063994,40.392216],[-4.063818,40.393094],[-4.064245,40.393893],[-4.065951,40.393989],[-4.066487,40.394372],[-4.066438,40.394804],[-4.067208,40.395102],[-4.067401,40.395814],[-4.067826,40.39612],[-4.069144,40.396009],[-4.06936,40.396834],[-4.07033,40.396998],[-4.070979,40.397428],[-4.07188,40.397464],[-4.072477,40.398043],[-4.073308,40.398097],[-4.074022,40.398602],[-4.075214,40.398596],[-4.076126,40.39822],[-4.077484,40.398488],[-4.079111,40.398188],[-4.081085,40.398836],[-4.082259,40.39859],[-4.083253,40.400352],[-4.084008,40.401014],[-4.085057,40.400939],[-4.085293,40.400546],[-4.086949,40.399865],[-4.089216,40.402018],[-4.092714,40.401428],[-4.095123,40.403042],[-4.096984,40.403227],[-4.098905,40.402769],[-4.099104,40.402098],[-4.099946,40.403004],[-4.101453,40.40307],[-4.103101,40.403873],[-4.107712,40.403415],[-4.109203,40.402637],[-4.113022,40.402484]]]}},{"type":"Feature","id":"municipio-120","properties":{"nombre":"Rascafría","tipo":"municipio","contexto":"Comunidad de Madrid"},"geometry":{"type":"Polygon","coordinates":[[[-3.979959,40.799386],[-3.975469,40.803661],[-3.97553,40.806856],[-3.972822,40.809362],[-3.968323,40.811748],[-3.964974,40.815974],[-3.964685,40.81788],[-3.964237,40.818165],[-3.962122,40.823447],[-3.965736,40.834958],[-3.96588,40.836628],[-3.965506,40.837992],[-3.963014,40.840048],[-3.963465,40.841707],[-3.962476,40.84427],[-3.959728,40.845854],[-3.956889,40.848516],[-3.956957,40.849205],[-3.956004,40.850051],[-3.953369,40.854047],[-3.951915,40.855739],[-3.95192,40.857535],[-3.950368,40.860079],[-3.949083,40.86078],[-3.947105,40.862974],[-3.946532,40.868141],[-3.947239,40.87329],[-3.946501,40.875159],[-3.944471,40.876776],[-3.943277,40.8803],[-3.942511,40.883024],[-3.942355,40.88897],[-3.945466,40.888697],[-3.946748,40.888898],[-3.948976,40.890385],[-3.952276,40.893632],[-3.951235,40.896011],[-3.949223,40.897787],[-3.947518,40.90051],[-3.94471,40.903616],[-3.942675,40.90742],[-3.942694,40.909872],[-3.94166,40.911867],[-3.937059,40.91568],[-3.936453,40.9205],[-3.937949,40.92718],[-3.927273,40.927566],[-3.921761,40.929929],[-3.921319,40.931802],[-3.920167,40.934493],[-3.919957,40.937723],[-3.917182,40.943005],[-3.911665,40.944548],[-3.912079,40.945136],[-3.911331,40.946949],[-3.911638,40.947631],[-3.911499,40.9479],[-3.912411,40.949219],[-3.909876,40.949762],[-3.909291,40.952026],[-3.907507,40.953706],[-3.907836,40.954125],[-3.907383,40.955255],[-3.905717,40.956168],[-3.90238,40.956943],[-3.898642,40.958833],[-3.897423,40.956811],[-3.895388,40.951844],[-3.894246,40.950449],[-3.890907,40.947654],[-3.88741,40.945751],[-3.886076,40.943932],[-3.886045,40.941258],[-3.88401,40.939183],[-3.882278,40.936194],[-3.879957,40.934649],[-3.873404,40.93414],[-3.871058,40.933216],[-3.868832,40.931524],[-3.864978,40.927308],[-3.862991,40.926411],[-3.860184,40.924374],[-3.858249,40.923467],[-3.853669,40.919818],[-3.852784,40.918663],[-3.851538,40.918054],[-3.849868,40.916199],[-3.846124,40.912962],[-3.844973,40.911344],[-3.842982,40.909372],[-3.842677,40.906843],[-3.841675,40.905562],[-3.841711,40.904634],[-3.840415,40.903563],[-3.841171,40.902287],[-3.841028,40.901333],[-3.841716,40.900355],[-3.841253,40.89944],[-3.841458,40.898718],[-3.840623,40.897463],[-3.838581,40.897486],[-3.838094,40.896526],[-3.837162,40.896046],[-3.837157,40.895641],[-3.837974,40.894509],[-3.838023,40.893743],[-3.835859,40.891552],[-3.836026,40.890713],[-3.835751,40.888661],[-3.835363,40.887952],[-3.835503,40.886825],[-3.834602,40.886021],[-3.835479,40.884979],[-3.835471,40.884303],[-3.835939,40.883804],[-3.835744,40.882454],[-3.837053,40.881724],[-3.837152,40.881093],[-3.836845,40.880284],[-3.838024,40.879645],[-3.838657,40.878109],[-3.836927,40.877401],[-3.837502,40.876847],[-3.837446,40.876181],[-3.836007,40.875021],[-3.834287,40.875078],[-3.833987,40.874855],[-3.832233,40.87221],[-3.831373,40.871412],[-3.82929,40.867736],[-3.82847,40.865672],[-3.828496,40.864634],[-3.824209,40.85839],[-3.820126,40.859773],[-3.819397,40.860542],[-3.819581,40.859807],[-3.819396,40.858529],[-3.816628,40.856273],[-3.810218,40.856207],[-3.809597,40.856001],[-3.809483,40.855358],[-3.808689,40.854754],[-3.804353,40.853027],[-3.80161,40.851562],[-3.798172,40.850701],[-3.798242,40.849004],[-3.802403,40.84724],[-3.808352,40.847834],[-3.815358,40.840718],[-3.830229,40.831005],[-3.830114,40.818277],[-3.828067,40.815395],[-3.826207,40.815322],[-3.829353,40.813553],[-3.838152,40.812218],[-3.844055,40.81355],[-3.851229,40.813317],[-3.854517,40.81454],[-3.861837,40.815007],[-3.864403,40.814124],[-3.866083,40.813927],[-3.870949,40.810219],[-3.874124,40.808928],[-3.879107,40.805293],[-3.882911,40.805877],[-3.885356,40.807576],[-3.888351,40.806614],[-3.890999,40.806494],[-3.893167,40.805776],[-3.897109,40.805311],[-3.898493,40.80467],[-3.903079,40.80437],[-3.910199,40.802426],[-3.912019,40.80131],[-3.913649,40.800699],[-3.919153,40.799832],[-3.92134,40.800289],[-3.931218,40.800507],[-3.932879,40.799464],[-3.934957,40.797639],[-3.938601,40.796017],[-3.947283,40.795494],[-3.950515,40.794661],[-3.960083,40.794873],[-3.962653,40.792667],[-3.963024,40.791498],[-3.964528,40.791924],[-3.968615,40.790868],[-3.973204,40.78931],[-3.975866,40.787726],[-3.978119,40.787418],[-3.978615,40.789824],[-3.979489,40.79131],[-3.979696,40.793473],[-3.978858,40.797014],[-3.979959,40.799386]]]}},{"type":"Feature","id":"municipio-121","properties":{"nombre":"Redueña","tipo":"municipio","contexto":"Comunidad de Madrid"},"geometry":{"type":"Polygon","coordinates":[[[-3.572689,40.820925],[-3.576315,40.80955],[-3.576196,40.807523],[-3.577892,40.802444],[-3.57749,40.800087],[-3.578081,40.79805],[-3.57725,40.796359],[-3.575402,40.794133],[-3.57539,40.793084],[-3.574006,40.790905],[-3.574831,40.790583],[-3.576298,40.790529],[-3.57817,40.791539],[-3.579925,40.791442],[-3.5822,40.789938],[-3.583649,40.789448],[-3.585346,40.789817],[-3.590681,40.78995],[-3.592392,40.790557],[-3.595865,40.790992],[-3.594488,40.793642],[-3.593487,40.797198],[-3.593884,40.800077],[-3.593773,40.801074],[-3.595306,40.801907],[-3.600291,40.802002],[-3.603162,40.803098],[-3.606491,40.807069],[-3.610184,40.808679],[-3.611865,40.808984],[-3.613313,40.809787],[-3.614136,40.812922],[-3.614417,40.815411],[-3.613725,40.817873],[-3.613187,40.818723],[-3.608956,40.821074],[-3.608265,40.822141],[-3.609456,40.824399],[-3.613173,40.829805],[-3.614056,40.832201],[-3.615233,40.833916],[-3.617817,40.835805],[-3.617636,40.836888],[-3.616999,40.838155],[-3.61708,40.839214],[-3.616632,40.84111],[-3.613318,40.841794],[-3.607247,40.842456],[-3.604707,40.84218],[-3.60443,40.841467],[-3.601915,40.838365],[-3.598936,40.835807],[-3.597237,40.833532],[-3.595941,40.831341],[-3.595602,40.829238],[-3.594937,40.829063],[-3.593989,40.829433],[-3.587098,40.833955],[-3.579847,40.831567],[-3.578467,40.827594],[-3.577453,40.822114],[-3.576067,40.822098],[-3.572689,40.820925]]]}},{"type":"Feature","id":"municipio-122","properties":{"nombre":"Ribatejada","tipo":"municipio","contexto":"Comunidad de Madrid"},"geometry":{"type":"Polygon","coordinates":[[[-3.48268,40.670407],[-3.478856,40.670834],[-3.478898,40.66983],[-3.473976,40.668876],[-3.472507,40.668865],[-3.469776,40.669349],[-3.468253,40.669197],[-3.466309,40.67128],[-3.464994,40.674166],[-3.465053,40.675605],[-3.465994,40.679183],[-3.463139,40.680481],[-3.462243,40.681641],[-3.460229,40.682122],[-3.462438,40.684877],[-3.46366,40.687149],[-3.464459,40.686881],[-3.466959,40.68749],[-3.46855,40.689936],[-3.459959,40.68886],[-3.456334,40.687935],[-3.449803,40.682832],[-3.448822,40.682588],[-3.448404,40.682034],[-3.448228,40.680338],[-3.449111,40.679367],[-3.447788,40.677474],[-3.445323,40.678096],[-3.442411,40.678092],[-3.441531,40.675901],[-3.441704,40.674208],[-3.435933,40.675329],[-3.433424,40.674387],[-3.429993,40.673784],[-3.426734,40.672364],[-3.425905,40.675414],[-3.426232,40.678535],[-3.426106,40.680795],[-3.425587,40.682375],[-3.419116,40.680321],[-3.419177,40.678967],[-3.417467,40.676859],[-3.41806,40.675911],[-3.415742,40.672959],[-3.415306,40.671798],[-3.414004,40.671799],[-3.412435,40.671307],[-3.409537,40.671862],[-3.40932,40.670811],[-3.407471,40.670636],[-3.404734,40.669638],[-3.405151,40.67385],[-3.404569,40.674405],[-3.404883,40.676691],[-3.404688,40.677893],[-3.403269,40.683039],[-3.400196,40.691442],[-3.397045,40.691551],[-3.393354,40.692458],[-3.389436,40.687559],[-3.386904,40.685967],[-3.385707,40.68408],[-3.380135,40.682684],[-3.378095,40.681864],[-3.374651,40.680113],[-3.374592,40.679718],[-3.373841,40.679186],[-3.372841,40.677528],[-3.37306,40.676518],[-3.372143,40.674397],[-3.372455,40.673551],[-3.371511,40.67241],[-3.37232,40.669111],[-3.369517,40.665844],[-3.368622,40.665596],[-3.367838,40.664851],[-3.367479,40.663462],[-3.368071,40.662629],[-3.367777,40.660571],[-3.366707,40.659076],[-3.365366,40.658085],[-3.364549,40.656916],[-3.363595,40.656469],[-3.364251,40.65593],[-3.363232,40.655159],[-3.36232,40.653738],[-3.36534,40.650805],[-3.368518,40.648833],[-3.369412,40.647727],[-3.371515,40.648553],[-3.37255,40.648413],[-3.373128,40.647931],[-3.37319,40.646838],[-3.372699,40.644333],[-3.37287,40.643113],[-3.374337,40.641529],[-3.37791,40.640372],[-3.378815,40.639607],[-3.379619,40.638206],[-3.380295,40.635493],[-3.380257,40.632854],[-3.382135,40.630471],[-3.384544,40.631141],[-3.390273,40.634485],[-3.416243,40.645215],[-3.41735,40.64516],[-3.419142,40.645793],[-3.425016,40.646682],[-3.431652,40.646289],[-3.432193,40.646718],[-3.434012,40.645932],[-3.434305,40.646158],[-3.434237,40.646905],[-3.43321,40.650021],[-3.433722,40.650966],[-3.436221,40.651573],[-3.437303,40.648786],[-3.43833,40.649775],[-3.439927,40.649989],[-3.438945,40.651128],[-3.440657,40.652266],[-3.444973,40.653792],[-3.446448,40.653114],[-3.44873,40.653265],[-3.447526,40.655833],[-3.450587,40.657524],[-3.453483,40.660131],[-3.452806,40.660902],[-3.464746,40.662765],[-3.465376,40.666299],[-3.465718,40.666484],[-3.466874,40.666285],[-3.467509,40.66652],[-3.469851,40.665867],[-3.472698,40.665849],[-3.476631,40.664838],[-3.480186,40.665292],[-3.481203,40.665893],[-3.48268,40.670407]]]}},{"type":"Feature","id":"municipio-123","properties":{"nombre":"Rivas-Vaciamadrid","tipo":"municipio","contexto":"Comunidad de Madrid"},"geometry":{"type":"Polygon","coordinates":[[[-3.585074,40.318355],[-3.585071,40.320416],[-3.584363,40.322564],[-3.582487,40.326256],[-3.57952,40.32795],[-3.575281,40.331862],[-3.572738,40.33366],[-3.569945,40.337632],[-3.568246,40.340904],[-3.56536,40.344379],[-3.562157,40.347094],[-3.560741,40.349177],[-3.558914,40.35027],[-3.55769,40.352667],[-3.555121,40.354059],[-3.557011,40.355094],[-3.554251,40.356654],[-3.554803,40.357067],[-3.5585,40.358424],[-3.565224,40.360076],[-3.561383,40.363203],[-3.558232,40.366459],[-3.552545,40.374852],[-3.550026,40.377894],[-3.540599,40.386787],[-3.538148,40.388732],[-3.533634,40.391625],[-3.532085,40.391424],[-3.529151,40.389385],[-3.526891,40.389795],[-3.522589,40.391865],[-3.520407,40.392102],[-3.519598,40.397853],[-3.51856,40.400111],[-3.518126,40.402048],[-3.518203,40.403128],[-3.519154,40.405377],[-3.519168,40.408834],[-3.519913,40.40993],[-3.516195,40.409285],[-3.515019,40.410483],[-3.513506,40.409643],[-3.512724,40.410139],[-3.512243,40.410922],[-3.511633,40.411039],[-3.511658,40.408919],[-3.511381,40.407978],[-3.510874,40.407305],[-3.50974,40.406735],[-3.508379,40.406541],[-3.502505,40.407237],[-3.50131,40.406952],[-3.500731,40.40621],[-3.500983,40.405525],[-3.504797,40.402293],[-3.508024,40.398875],[-3.508941,40.397474],[-3.509212,40.395984],[-3.509145,40.395363],[-3.50862,40.395403],[-3.505495,40.393459],[-3.50528,40.392164],[-3.506804,40.389099],[-3.506652,40.388602],[-3.504841,40.389246],[-3.503786,40.391866],[-3.502387,40.392907],[-3.501693,40.390425],[-3.502924,40.389924],[-3.502811,40.388325],[-3.501804,40.387505],[-3.50073,40.387311],[-3.500497,40.385244],[-3.504901,40.38428],[-3.50509,40.384608],[-3.505995,40.382636],[-3.505121,40.381963],[-3.503478,40.381792],[-3.501616,40.380586],[-3.500528,40.37923],[-3.500241,40.377138],[-3.502375,40.376443],[-3.504559,40.373571],[-3.506124,40.372627],[-3.510696,40.372542],[-3.511979,40.371032],[-3.511858,40.370033],[-3.508618,40.364576],[-3.50689,40.36024],[-3.50598,40.359089],[-3.504502,40.358252],[-3.50265,40.358343],[-3.501296,40.359023],[-3.499922,40.360318],[-3.498297,40.362945],[-3.49666,40.363615],[-3.494113,40.363339],[-3.490691,40.361558],[-3.485118,40.36164],[-3.484435,40.361458],[-3.483831,40.3609],[-3.483222,40.359448],[-3.484382,40.353947],[-3.484429,40.351012],[-3.484047,40.350419],[-3.482923,40.349865],[-3.478609,40.350444],[-3.477713,40.350208],[-3.477109,40.349532],[-3.474758,40.343198],[-3.472233,40.339384],[-3.470611,40.335562],[-3.470565,40.334115],[-3.472062,40.331109],[-3.471631,40.331016],[-3.471428,40.328801],[-3.470976,40.328362],[-3.470455,40.32596],[-3.470513,40.324419],[-3.47,40.323843],[-3.469969,40.322983],[-3.470678,40.319492],[-3.474527,40.319004],[-3.476774,40.319094],[-3.47859,40.319494],[-3.478426,40.320054],[-3.481042,40.321838],[-3.483531,40.323996],[-3.485457,40.324251],[-3.493356,40.316176],[-3.495885,40.315559],[-3.49828,40.315486],[-3.503775,40.316921],[-3.506806,40.317082],[-3.511043,40.31855],[-3.513811,40.317162],[-3.514617,40.31498],[-3.514452,40.313185],[-3.513882,40.312824],[-3.510887,40.312495],[-3.5099,40.311899],[-3.509696,40.310124],[-3.505232,40.309214],[-3.506109,40.30808],[-3.509916,40.306859],[-3.513385,40.306249],[-3.515133,40.304817],[-3.512298,40.30273],[-3.509215,40.302226],[-3.508993,40.301283],[-3.510392,40.300209],[-3.51244,40.299355],[-3.514331,40.29925],[-3.517765,40.297503],[-3.519797,40.294281],[-3.521949,40.294402],[-3.524438,40.295506],[-3.526479,40.293211],[-3.531118,40.292986],[-3.53218,40.293628],[-3.534994,40.29275],[-3.540191,40.290242],[-3.545138,40.290855],[-3.544075,40.293768],[-3.548727,40.295622],[-3.550504,40.297037],[-3.555201,40.295655],[-3.558252,40.293608],[-3.561656,40.292151],[-3.562781,40.290844],[-3.564691,40.291911],[-3.568083,40.288818],[-3.571505,40.28712],[-3.571033,40.288944],[-3.571263,40.290862],[-3.570296,40.291349],[-3.570037,40.291901],[-3.573173,40.295667],[-3.574561,40.298002],[-3.57558,40.300906],[-3.575903,40.304704],[-3.575759,40.307674],[-3.577101,40.311715],[-3.576126,40.314886],[-3.577796,40.314648],[-3.579282,40.315868],[-3.581886,40.315882],[-3.582409,40.316141],[-3.583817,40.315813],[-3.585074,40.318355]]]}},{"type":"Feature","id":"municipio-124","properties":{"nombre":"Robledillo de la Jara","tipo":"municipio","contexto":"Comunidad de Madrid"},"geometry":{"type":"Polygon","coordinates":[[[-3.484217,40.963162],[-3.488291,40.958008],[-3.489643,40.955696],[-3.492868,40.951268],[-3.495864,40.943693],[-3.496328,40.938227],[-3.496148,40.93225],[-3.496803,40.929447],[-3.49801,40.927669],[-3.499706,40.926776],[-3.502591,40.924556],[-3.503718,40.925142],[-3.506923,40.925257],[-3.510153,40.926879],[-3.51757,40.931584],[-3.520136,40.932825],[-3.521033,40.932731],[-3.523247,40.933278],[-3.524381,40.933989],[-3.527155,40.934429],[-3.533232,40.934914],[-3.534956,40.934799],[-3.53731,40.933935],[-3.539494,40.931954],[-3.539481,40.93122],[-3.541232,40.928138],[-3.541237,40.927589],[-3.542493,40.928135],[-3.542859,40.92861],[-3.542591,40.931374],[-3.544053,40.930669],[-3.546238,40.928813],[-3.54759,40.927272],[-3.547759,40.923269],[-3.549732,40.921244],[-3.55059,40.923862],[-3.55028,40.925452],[-3.551882,40.927122],[-3.554213,40.930981],[-3.554257,40.931773],[-3.553285,40.933601],[-3.553092,40.93476],[-3.55639,40.937639],[-3.558149,40.939994],[-3.559258,40.94085],[-3.559557,40.941991],[-3.562206,40.943712],[-3.563119,40.946733],[-3.562862,40.947891],[-3.561619,40.948887],[-3.561644,40.949563],[-3.562896,40.951272],[-3.565222,40.952904],[-3.565502,40.953665],[-3.565137,40.955044],[-3.564518,40.955903],[-3.562446,40.956175],[-3.560488,40.954773],[-3.558849,40.954509],[-3.557828,40.953127],[-3.556443,40.952622],[-3.555867,40.952837],[-3.554718,40.952133],[-3.553678,40.952193],[-3.553042,40.952558],[-3.550497,40.952332],[-3.549903,40.951732],[-3.548784,40.951826],[-3.545735,40.950635],[-3.542618,40.950802],[-3.542457,40.95176],[-3.54368,40.954778],[-3.539816,40.959538],[-3.535661,40.959672],[-3.530861,40.962682],[-3.526202,40.964669],[-3.524516,40.964138],[-3.512016,40.96505],[-3.509482,40.964642],[-3.499815,40.975516],[-3.492987,40.978375],[-3.492824,40.97803],[-3.491943,40.977928],[-3.49199,40.977244],[-3.491514,40.976221],[-3.490887,40.976192],[-3.491053,40.975966],[-3.490807,40.975255],[-3.491711,40.975533],[-3.491895,40.974408],[-3.491009,40.974631],[-3.490173,40.973838],[-3.490703,40.973718],[-3.491467,40.972814],[-3.490069,40.972002],[-3.489576,40.971133],[-3.488904,40.971062],[-3.487947,40.970191],[-3.487061,40.970288],[-3.484839,40.969028],[-3.484907,40.968462],[-3.485469,40.968399],[-3.485661,40.967739],[-3.484758,40.966499],[-3.485032,40.96489],[-3.484217,40.963162]]]}},{"type":"Feature","id":"municipio-125","properties":{"nombre":"Robledo de Chavela","tipo":"municipio","contexto":"Comunidad de Madrid"},"geometry":{"type":"Polygon","coordinates":[[[-4.132346,40.518673],[-4.141229,40.506229],[-4.142077,40.50664],[-4.142364,40.507492],[-4.143504,40.508422],[-4.144772,40.509067],[-4.146244,40.509637],[-4.150169,40.509947],[-4.16118,40.510078],[-4.16757,40.508723],[-4.172616,40.508155],[-4.17766,40.50843],[-4.183079,40.504557],[-4.188353,40.501337],[-4.195438,40.49878],[-4.19763,40.498706],[-4.199609,40.499957],[-4.202608,40.499112],[-4.201167,40.497516],[-4.207911,40.498506],[-4.208543,40.497085],[-4.208764,40.495771],[-4.208374,40.49138],[-4.20861,40.490517],[-4.209147,40.490006],[-4.20899,40.489184],[-4.209178,40.488897],[-4.209733,40.488864],[-4.209738,40.487332],[-4.211771,40.485974],[-4.212339,40.48512],[-4.212492,40.484204],[-4.213105,40.483445],[-4.212541,40.48249],[-4.212992,40.482141],[-4.212862,40.481611],[-4.213781,40.480231],[-4.213406,40.479419],[-4.213518,40.478564],[-4.214082,40.478394],[-4.214252,40.477882],[-4.214045,40.477588],[-4.214182,40.476592],[-4.213262,40.474642],[-4.213296,40.472601],[-4.214248,40.471967],[-4.213971,40.470698],[-4.21594,40.469296],[-4.215683,40.467648],[-4.21522,40.467085],[-4.215469,40.46641],[-4.215151,40.466124],[-4.215262,40.465438],[-4.214611,40.465147],[-4.214585,40.464543],[-4.214974,40.463878],[-4.214539,40.462621],[-4.215048,40.462461],[-4.215452,40.461597],[-4.215219,40.460881],[-4.214657,40.460621],[-4.214675,40.460233],[-4.216141,40.459782],[-4.218298,40.457613],[-4.217589,40.456814],[-4.218119,40.455028],[-4.216992,40.452258],[-4.214418,40.447826],[-4.218931,40.439338],[-4.22523,40.442347],[-4.226796,40.441994],[-4.227624,40.439633],[-4.229809,40.436708],[-4.231283,40.435373],[-4.235953,40.433325],[-4.236586,40.43232],[-4.238488,40.42344],[-4.238675,40.421505],[-4.244415,40.41369],[-4.250324,40.407101],[-4.253061,40.405302],[-4.254804,40.408036],[-4.261484,40.416271],[-4.262763,40.41947],[-4.262531,40.424156],[-4.273762,40.428224],[-4.27818,40.42812],[-4.282139,40.427342],[-4.296657,40.425888],[-4.304302,40.423753],[-4.318835,40.420235],[-4.324003,40.418302],[-4.324182,40.421325],[-4.323201,40.422801],[-4.323826,40.423699],[-4.324684,40.423899],[-4.327193,40.423752],[-4.327996,40.423445],[-4.329256,40.422377],[-4.330517,40.422281],[-4.331455,40.422754],[-4.332444,40.423874],[-4.334585,40.424734],[-4.335517,40.427208],[-4.33595,40.427545],[-4.33754,40.428152],[-4.340782,40.428189],[-4.341254,40.42876],[-4.340871,40.429554],[-4.339116,40.430551],[-4.339159,40.431893],[-4.329307,40.434576],[-4.327141,40.434796],[-4.323286,40.436086],[-4.321908,40.437804],[-4.318807,40.439616],[-4.3179,40.438806],[-4.314616,40.439071],[-4.299079,40.442682],[-4.293845,40.445638],[-4.291013,40.453696],[-4.291789,40.460258],[-4.291609,40.462488],[-4.290145,40.466934],[-4.289889,40.469312],[-4.289023,40.472188],[-4.289298,40.473677],[-4.287366,40.480323],[-4.287575,40.483702],[-4.288036,40.485794],[-4.287943,40.488564],[-4.287422,40.488409],[-4.286889,40.487696],[-4.286389,40.487709],[-4.285164,40.489272],[-4.285383,40.489853],[-4.287578,40.490084],[-4.288049,40.492251],[-4.287657,40.492733],[-4.286374,40.493203],[-4.284791,40.494241],[-4.280929,40.494341],[-4.280918,40.494922],[-4.281399,40.495603],[-4.281257,40.496398],[-4.280672,40.496909],[-4.28067,40.497427],[-4.28136,40.497645],[-4.283456,40.497035],[-4.28408,40.497188],[-4.284446,40.497608],[-4.28444,40.497949],[-4.283793,40.498585],[-4.281998,40.499488],[-4.282093,40.500284],[-4.283567,40.502001],[-4.28335,40.502834],[-4.281786,40.503232],[-4.279138,40.503198],[-4.274726,40.502144],[-4.274538,40.502516],[-4.275109,40.503401],[-4.27741,40.504879],[-4.277049,40.50599],[-4.272908,40.507042],[-4.272046,40.507729],[-4.270953,40.509418],[-4.269036,40.509021],[-4.267666,40.510617],[-4.264256,40.513267],[-4.26447,40.51374],[-4.266213,40.51429],[-4.270374,40.516729],[-4.269259,40.517494],[-4.269258,40.518445],[-4.268792,40.518763],[-4.267207,40.518499],[-4.265002,40.51725],[-4.264409,40.517524],[-4.264252,40.518788],[-4.26601,40.520981],[-4.264435,40.521771],[-4.263607,40.523034],[-4.264509,40.524987],[-4.263943,40.526263],[-4.264536,40.527923],[-4.264246,40.529673],[-4.263364,40.530531],[-4.262286,40.530694],[-4.261791,40.531112],[-4.257223,40.529566],[-4.248836,40.532231],[-4.245344,40.53126],[-4.242881,40.530127],[-4.234858,40.530735],[-4.231966,40.531669],[-4.223748,40.539453],[-4.218915,40.543022],[-4.213559,40.555099],[-4.19681,40.559025],[-4.199634,40.553547],[-4.200428,40.548143],[-4.201158,40.547107],[-4.201817,40.54481],[-4.204244,40.541173],[-4.207284,40.537583],[-4.208005,40.535994],[-4.209262,40.534403],[-4.20955,40.532863],[-4.211249,40.529688],[-4.211778,40.528128],[-4.212079,40.525177],[-4.211929,40.52249],[-4.212859,40.518384],[-4.212028,40.516595],[-4.211962,40.515682],[-4.210725,40.513497],[-4.210717,40.512425],[-4.209847,40.511744],[-4.208821,40.511675],[-4.208399,40.511332],[-4.202976,40.512097],[-4.202758,40.513554],[-4.203191,40.515507],[-4.20106,40.521722],[-4.195851,40.522473],[-4.189901,40.523946],[-4.185442,40.525794],[-4.18262,40.527421],[-4.179363,40.528152],[-4.175537,40.53013],[-4.174486,40.530271],[-4.169782,40.529813],[-4.164602,40.529744],[-4.155702,40.530941],[-4.153921,40.531544],[-4.152873,40.531086],[-4.150887,40.529347],[-4.150609,40.527975],[-4.150834,40.524555],[-4.150283,40.522488],[-4.149327,40.521914],[-4.146932,40.521648],[-4.144936,40.521878],[-4.143122,40.520797],[-4.142744,40.521566],[-4.141864,40.5223],[-4.140036,40.522182],[-4.132346,40.518673]]]}},{"type":"Feature","id":"municipio-126","properties":{"nombre":"Robregordo","tipo":"municipio","contexto":"Comunidad de Madrid"},"geometry":{"type":"Polygon","coordinates":[[[-3.64502,41.121291],[-3.640114,41.122996],[-3.638864,41.123779],[-3.634585,41.125462],[-3.633485,41.126338],[-3.63392,41.130636],[-3.633989,41.134885],[-3.632776,41.136343],[-3.628897,41.137429],[-3.626985,41.138357],[-3.625012,41.140652],[-3.622275,41.141757],[-3.618973,41.143669],[-3.614097,41.147359],[-3.613702,41.149053],[-3.610928,41.148724],[-3.603212,41.149373],[-3.598406,41.150541],[-3.594945,41.152051],[-3.592824,41.146698],[-3.592497,41.140695],[-3.592144,41.138566],[-3.591729,41.137827],[-3.591693,41.135413],[-3.591746,41.135076],[-3.593023,41.135059],[-3.594635,41.134473],[-3.597403,41.132606],[-3.598729,41.132434],[-3.598535,41.130356],[-3.598865,41.12884],[-3.597591,41.125067],[-3.5941,41.125856],[-3.59048,41.12534],[-3.589666,41.124238],[-3.590621,41.123012],[-3.59061,41.120963],[-3.589765,41.119809],[-3.58638,41.119792],[-3.582786,41.120915],[-3.579446,41.119678],[-3.576365,41.118089],[-3.574643,41.117952],[-3.572366,41.118537],[-3.568989,41.116826],[-3.566423,41.11471],[-3.566006,41.113893],[-3.569504,41.110846],[-3.57338,41.108148],[-3.578248,41.10571],[-3.587439,41.098878],[-3.588712,41.09845],[-3.59345,41.098592],[-3.595133,41.09714],[-3.598198,41.095431],[-3.599167,41.095282],[-3.600592,41.096911],[-3.6026,41.097221],[-3.602758,41.098481],[-3.604987,41.100258],[-3.606251,41.100377],[-3.609539,41.102255],[-3.611011,41.102222],[-3.612944,41.104674],[-3.614162,41.105408],[-3.615444,41.106883],[-3.615424,41.107978],[-3.6158,41.109147],[-3.622996,41.114383],[-3.624655,41.11598],[-3.629879,41.11844],[-3.63115,41.120233],[-3.632429,41.120795],[-3.633454,41.120893],[-3.63795,41.120627],[-3.640772,41.120019],[-3.64502,41.121291]]]}},{"type":"Feature","id":"municipio-128","properties":{"nombre":"Rozas de Puerto Real","tipo":"municipio","contexto":"Comunidad de Madrid"},"geometry":{"type":"Polygon","coordinates":[[[-4.556091,40.266141],[-4.554555,40.269823],[-4.55413,40.274652],[-4.554153,40.276363],[-4.555414,40.276851],[-4.549952,40.280422],[-4.547183,40.280154],[-4.546077,40.282635],[-4.543841,40.285336],[-4.540455,40.287124],[-4.535743,40.287692],[-4.534933,40.288077],[-4.534282,40.28908],[-4.531722,40.290385],[-4.529379,40.293125],[-4.531642,40.297298],[-4.531939,40.299954],[-4.535405,40.305093],[-4.535949,40.307183],[-4.536886,40.308479],[-4.537425,40.310299],[-4.53674,40.315727],[-4.539975,40.32117],[-4.539397,40.323049],[-4.540068,40.325476],[-4.540095,40.327872],[-4.54306,40.330166],[-4.544401,40.33015],[-4.542991,40.330626],[-4.543174,40.332229],[-4.543993,40.33468],[-4.547654,40.340376],[-4.546225,40.341825],[-4.539056,40.34049],[-4.535132,40.341587],[-4.529744,40.344133],[-4.526787,40.344873],[-4.527564,40.339731],[-4.527119,40.337983],[-4.523141,40.337241],[-4.522359,40.336219],[-4.521007,40.335541],[-4.520255,40.334426],[-4.520083,40.332884],[-4.518772,40.331845],[-4.518644,40.330733],[-4.517293,40.329754],[-4.51625,40.329566],[-4.515893,40.329141],[-4.515794,40.328586],[-4.516283,40.327566],[-4.515477,40.326452],[-4.513036,40.321168],[-4.510176,40.318896],[-4.506383,40.316594],[-4.504883,40.315341],[-4.503634,40.31549],[-4.502653,40.31487],[-4.500506,40.315545],[-4.499205,40.315491],[-4.497241,40.316436],[-4.496852,40.317562],[-4.494958,40.317857],[-4.494679,40.318512],[-4.492556,40.319064],[-4.491141,40.320523],[-4.490553,40.320275],[-4.487282,40.320536],[-4.485299,40.321139],[-4.472475,40.320265],[-4.471956,40.318672],[-4.470686,40.317675],[-4.469554,40.317393],[-4.468694,40.317479],[-4.468627,40.317774],[-4.467207,40.317281],[-4.466632,40.317516],[-4.466192,40.317312],[-4.466342,40.316351],[-4.466983,40.315577],[-4.467123,40.314873],[-4.468866,40.315031],[-4.468762,40.314146],[-4.469013,40.313782],[-4.467384,40.312532],[-4.466646,40.308672],[-4.471202,40.307032],[-4.471797,40.306356],[-4.473245,40.305656],[-4.474233,40.304606],[-4.476337,40.303731],[-4.476005,40.303313],[-4.476155,40.302837],[-4.474835,40.301404],[-4.477432,40.298629],[-4.478569,40.298929],[-4.479464,40.29876],[-4.483899,40.29609],[-4.484331,40.296241],[-4.485993,40.295096],[-4.486833,40.293659],[-4.488725,40.292567],[-4.489391,40.291823],[-4.492015,40.29074],[-4.494572,40.288745],[-4.495966,40.28866],[-4.497882,40.287983],[-4.502526,40.284829],[-4.50646,40.282694],[-4.504127,40.282746],[-4.502803,40.281789],[-4.500873,40.281305],[-4.500365,40.281656],[-4.498639,40.280817],[-4.496601,40.280627],[-4.494389,40.278541],[-4.496791,40.277707],[-4.500309,40.279547],[-4.505029,40.280436],[-4.50716,40.278884],[-4.509986,40.277333],[-4.511518,40.276963],[-4.512169,40.275021],[-4.51689,40.270651],[-4.543751,40.268745],[-4.556091,40.266141]]]}},{"type":"Feature","id":"municipio-129","properties":{"nombre":"San Agustín del Guadalix","tipo":"municipio","contexto":"Comunidad de Madrid"},"geometry":{"type":"Polygon","coordinates":[[[-3.591791,40.649165],[-3.597253,40.649666],[-3.596554,40.648347],[-3.599393,40.649204],[-3.599464,40.649685],[-3.599812,40.64991],[-3.602689,40.650737],[-3.604322,40.65093],[-3.604607,40.650432],[-3.60663,40.651122],[-3.60926,40.650878],[-3.609329,40.650402],[-3.610391,40.650832],[-3.615484,40.648218],[-3.616897,40.64775],[-3.618386,40.646582],[-3.624219,40.644153],[-3.624974,40.643551],[-3.625658,40.642149],[-3.628161,40.640025],[-3.632229,40.639096],[-3.634368,40.639154],[-3.636128,40.638816],[-3.638926,40.639026],[-3.640744,40.640208],[-3.644232,40.641175],[-3.647622,40.642951],[-3.649482,40.644242],[-3.651496,40.646325],[-3.651031,40.648962],[-3.645881,40.656164],[-3.644831,40.656764],[-3.642619,40.659217],[-3.641928,40.660826],[-3.642105,40.661955],[-3.642501,40.66242],[-3.642277,40.663623],[-3.641442,40.665254],[-3.639363,40.667307],[-3.640318,40.668429],[-3.640639,40.670888],[-3.642777,40.671103],[-3.643628,40.671554],[-3.644892,40.672998],[-3.648266,40.67375],[-3.649347,40.674666],[-3.650354,40.676071],[-3.650231,40.676849],[-3.650696,40.677793],[-3.65064,40.679497],[-3.649556,40.681648],[-3.648227,40.682417],[-3.647737,40.683036],[-3.645675,40.684007],[-3.642762,40.686255],[-3.641873,40.687917],[-3.642261,40.688503],[-3.64177,40.688571],[-3.641685,40.68903],[-3.642092,40.690611],[-3.643381,40.693029],[-3.643631,40.694902],[-3.644485,40.695408],[-3.646652,40.693846],[-3.650876,40.695133],[-3.654092,40.694233],[-3.657399,40.695275],[-3.660395,40.696737],[-3.662611,40.69932],[-3.664527,40.700837],[-3.669423,40.701313],[-3.675891,40.702648],[-3.677276,40.704133],[-3.679105,40.705441],[-3.680454,40.708225],[-3.679935,40.709894],[-3.679086,40.710895],[-3.678206,40.713096],[-3.673873,40.717618],[-3.67422,40.719044],[-3.677284,40.720907],[-3.677055,40.723284],[-3.670396,40.725034],[-3.66338,40.726016],[-3.660768,40.726053],[-3.657442,40.725555],[-3.651398,40.723979],[-3.649097,40.723703],[-3.645215,40.722315],[-3.635186,40.720929],[-3.628764,40.719033],[-3.624227,40.718348],[-3.622872,40.717883],[-3.620866,40.718602],[-3.619486,40.718136],[-3.619435,40.71754],[-3.618644,40.717123],[-3.618162,40.716382],[-3.617557,40.716314],[-3.617098,40.715846],[-3.618202,40.714252],[-3.618388,40.713395],[-3.617826,40.711744],[-3.618655,40.710724],[-3.619475,40.70736],[-3.61662,40.707434],[-3.613037,40.709897],[-3.608517,40.713799],[-3.607546,40.714369],[-3.607269,40.714169],[-3.606181,40.714415],[-3.603112,40.710578],[-3.603438,40.709121],[-3.601714,40.70611],[-3.601674,40.704046],[-3.602525,40.702459],[-3.601315,40.696533],[-3.600898,40.6962],[-3.601079,40.693717],[-3.600856,40.691154],[-3.602255,40.689622],[-3.60242,40.687077],[-3.603416,40.686375],[-3.605007,40.683667],[-3.605246,40.680068],[-3.602841,40.674023],[-3.601347,40.672504],[-3.60204,40.671806],[-3.601955,40.670506],[-3.598306,40.662751],[-3.598125,40.661391],[-3.597128,40.658456],[-3.596332,40.657525],[-3.594649,40.656586],[-3.592529,40.652589],[-3.591791,40.649165]]]}},{"type":"Feature","id":"municipio-130","properties":{"nombre":"San Fernando de Henares","tipo":"municipio","contexto":"Comunidad de Madrid"},"geometry":{"type":"Polygon","coordinates":[[[-3.538004,40.429815],[-3.532178,40.430024],[-3.532658,40.432117],[-3.526507,40.433295],[-3.528015,40.435533],[-3.527857,40.436582],[-3.530209,40.439984],[-3.530525,40.442024],[-3.531583,40.444129],[-3.531148,40.446873],[-3.531967,40.447808],[-3.534563,40.452156],[-3.534001,40.453153],[-3.532279,40.454616],[-3.528444,40.454406],[-3.527092,40.454819],[-3.526451,40.455483],[-3.527024,40.45668],[-3.529027,40.458377],[-3.529554,40.46074],[-3.52869,40.463589],[-3.52519,40.467479],[-3.524948,40.469048],[-3.526823,40.470383],[-3.53084,40.471282],[-3.528561,40.472303],[-3.51508,40.46963],[-3.512671,40.468736],[-3.510251,40.469042],[-3.499503,40.471824],[-3.496949,40.472898],[-3.495697,40.471131],[-3.497935,40.470016],[-3.496642,40.468222],[-3.494535,40.464108],[-3.491637,40.459907],[-3.489731,40.454683],[-3.488731,40.448805],[-3.488457,40.445526],[-3.49027,40.4416],[-3.488261,40.437651],[-3.484151,40.432316],[-3.482266,40.430534],[-3.481478,40.431372],[-3.473727,40.433494],[-3.473852,40.434762],[-3.471026,40.434983],[-3.468295,40.435978],[-3.466993,40.434407],[-3.466645,40.435748],[-3.466971,40.436429],[-3.466071,40.437256],[-3.46508,40.43749],[-3.461638,40.437093],[-3.461875,40.437793],[-3.451415,40.441817],[-3.450829,40.442148],[-3.44953,40.444114],[-3.448395,40.444716],[-3.447196,40.446312],[-3.446692,40.445892],[-3.444498,40.447622],[-3.441716,40.448638],[-3.435616,40.452184],[-3.434243,40.454274],[-3.43307,40.454352],[-3.429484,40.453961],[-3.426856,40.45318],[-3.42572,40.451702],[-3.423889,40.452778],[-3.421151,40.451966],[-3.419927,40.451925],[-3.418831,40.450376],[-3.418621,40.446935],[-3.419548,40.446021],[-3.420768,40.446226],[-3.422891,40.442424],[-3.421137,40.44045],[-3.417264,40.437241],[-3.414088,40.436945],[-3.412883,40.435848],[-3.413561,40.435454],[-3.414521,40.431373],[-3.41309,40.428847],[-3.410634,40.426672],[-3.413026,40.424852],[-3.42047,40.423911],[-3.421887,40.424473],[-3.425224,40.425149],[-3.427145,40.425251],[-3.429954,40.426247],[-3.435692,40.43182],[-3.43809,40.432338],[-3.436418,40.427519],[-3.432183,40.419261],[-3.431943,40.415509],[-3.434766,40.412772],[-3.439947,40.412243],[-3.442119,40.418684],[-3.449282,40.421588],[-3.452545,40.421644],[-3.453184,40.420264],[-3.45703,40.419013],[-3.461529,40.418927],[-3.46917,40.417956],[-3.472281,40.416338],[-3.475057,40.416378],[-3.483209,40.41426],[-3.483601,40.413441],[-3.484544,40.413105],[-3.485697,40.413022],[-3.487875,40.413719],[-3.490083,40.413276],[-3.492734,40.411986],[-3.494893,40.411882],[-3.495883,40.411032],[-3.496488,40.409577],[-3.497011,40.409353],[-3.501187,40.409521],[-3.501739,40.409382],[-3.502724,40.408432],[-3.503172,40.40726],[-3.5087,40.406533],[-3.510518,40.407098],[-3.511288,40.40781],[-3.511658,40.408919],[-3.511633,40.411039],[-3.512243,40.410922],[-3.512724,40.410139],[-3.513506,40.409643],[-3.515019,40.410483],[-3.516195,40.409285],[-3.519913,40.40993],[-3.520787,40.411832],[-3.522245,40.413819],[-3.524443,40.415287],[-3.525184,40.416342],[-3.53119,40.420084],[-3.534122,40.420884],[-3.533453,40.421708],[-3.535039,40.422901],[-3.536921,40.423437],[-3.537098,40.42556],[-3.538004,40.429815]]]}},{"type":"Feature","id":"municipio-131","properties":{"nombre":"San Lorenzo de El Escorial","tipo":"municipio","contexto":"Comunidad de Madrid"},"geometry":{"type":"Polygon","coordinates":[[[-4.031484,40.635343],[-4.032876,40.630865],[-4.032828,40.630131],[-4.034025,40.630168],[-4.034781,40.629889],[-4.039064,40.630394],[-4.041177,40.630145],[-4.042638,40.629604],[-4.043642,40.62981],[-4.046233,40.62968],[-4.04798,40.629015],[-4.049902,40.630384],[-4.04946,40.631483],[-4.049534,40.63203],[-4.049706,40.632413],[-4.050582,40.632567],[-4.051419,40.634276],[-4.052625,40.634779],[-4.054931,40.634683],[-4.056226,40.635795],[-4.056442,40.637448],[-4.092307,40.63079],[-4.096808,40.628883],[-4.099468,40.627233],[-4.099691,40.62515],[-4.101843,40.621448],[-4.102816,40.618737],[-4.10492,40.616907],[-4.105547,40.615847],[-4.107901,40.614033],[-4.108606,40.612605],[-4.10891,40.612405],[-4.109614,40.613245],[-4.110857,40.613543],[-4.114448,40.61362],[-4.116855,40.606049],[-4.117452,40.605307],[-4.13199,40.598516],[-4.130732,40.59687],[-4.135239,40.594802],[-4.137614,40.591429],[-4.140781,40.589841],[-4.139759,40.589549],[-4.140647,40.588671],[-4.143627,40.584261],[-4.144292,40.581318],[-4.144982,40.579982],[-4.143284,40.577628],[-4.143073,40.57639],[-4.140449,40.574948],[-4.140823,40.572345],[-4.145639,40.56823],[-4.147658,40.567477],[-4.150518,40.56698],[-4.152626,40.566114],[-4.156716,40.563636],[-4.161648,40.562484],[-4.162674,40.562504],[-4.164004,40.563029],[-4.163927,40.565575],[-4.163416,40.566429],[-4.164157,40.568311],[-4.166155,40.570768],[-4.167253,40.571178],[-4.168338,40.57309],[-4.170036,40.574866],[-4.170679,40.57595],[-4.171911,40.575603],[-4.173762,40.575675],[-4.178863,40.574387],[-4.180213,40.573175],[-4.181404,40.571318],[-4.183135,40.570741],[-4.182952,40.570449],[-4.183717,40.569366],[-4.184715,40.568984],[-4.187569,40.566581],[-4.190862,40.564974],[-4.192051,40.565121],[-4.194085,40.565914],[-4.196596,40.566094],[-4.197583,40.566587],[-4.198768,40.567678],[-4.198536,40.568293],[-4.198577,40.57219],[-4.19833,40.573497],[-4.196577,40.574345],[-4.19387,40.576426],[-4.194178,40.579602],[-4.194073,40.583521],[-4.193295,40.584794],[-4.190341,40.587114],[-4.188071,40.588163],[-4.187853,40.588972],[-4.183864,40.594149],[-4.179013,40.598084],[-4.174999,40.602171],[-4.173535,40.604298],[-4.170153,40.608129],[-4.16349,40.613893],[-4.162754,40.613813],[-4.157387,40.614933],[-4.152052,40.617719],[-4.156228,40.618855],[-4.159256,40.620205],[-4.16015,40.622048],[-4.16283,40.625696],[-4.168875,40.626135],[-4.169597,40.627209],[-4.17217,40.629082],[-4.172853,40.630362],[-4.172845,40.631391],[-4.170841,40.633917],[-4.170696,40.634622],[-4.170708,40.635981],[-4.171753,40.638427],[-4.170156,40.642055],[-4.169128,40.642506],[-4.167922,40.643761],[-4.167589,40.646752],[-4.167942,40.647912],[-4.147055,40.652057],[-4.142922,40.652648],[-4.131293,40.655229],[-4.119255,40.652975],[-4.115905,40.653056],[-4.111269,40.654197],[-4.094767,40.650202],[-4.06997,40.64979],[-4.060295,40.653728],[-4.056396,40.654133],[-4.052807,40.652727],[-4.051405,40.650631],[-4.049666,40.649419],[-4.040243,40.645776],[-4.037123,40.644137],[-4.032585,40.640025],[-4.031816,40.638947],[-4.031484,40.635343]]]}},{"type":"Feature","id":"municipio-133","properties":{"nombre":"San Martín de Valdeiglesias","tipo":"municipio","contexto":"Comunidad de Madrid"},"geometry":{"type":"Polygon","coordinates":[[[-4.23641,40.326489],[-4.24525,40.326854],[-4.250787,40.324833],[-4.2555,40.327521],[-4.257488,40.329343],[-4.260014,40.329507],[-4.263663,40.331832],[-4.265528,40.331928],[-4.267598,40.332447],[-4.270551,40.332014],[-4.273647,40.331101],[-4.276515,40.329296],[-4.277131,40.328085],[-4.279227,40.328805],[-4.284221,40.328718],[-4.286033,40.329357],[-4.292541,40.32498],[-4.295026,40.322625],[-4.296837,40.322337],[-4.30137,40.323017],[-4.305694,40.324528],[-4.307263,40.324645],[-4.309754,40.325514],[-4.311678,40.325024],[-4.313326,40.325836],[-4.314874,40.325345],[-4.318084,40.32579],[-4.321086,40.325232],[-4.323667,40.325566],[-4.329005,40.324271],[-4.33167,40.321972],[-4.333865,40.321655],[-4.340289,40.319958],[-4.342322,40.317531],[-4.343952,40.31702],[-4.346195,40.315826],[-4.348246,40.314281],[-4.347241,40.312271],[-4.348895,40.312032],[-4.353275,40.310649],[-4.356386,40.308621],[-4.361268,40.310514],[-4.368043,40.313838],[-4.371457,40.313816],[-4.373061,40.314137],[-4.373556,40.313835],[-4.375141,40.314258],[-4.374776,40.315157],[-4.376207,40.316916],[-4.382685,40.319575],[-4.387023,40.320421],[-4.391718,40.322667],[-4.395897,40.324014],[-4.406567,40.329423],[-4.412766,40.330499],[-4.418533,40.332318],[-4.425073,40.330757],[-4.429071,40.330335],[-4.432137,40.328554],[-4.434155,40.328714],[-4.442553,40.328164],[-4.44429,40.328535],[-4.447068,40.329608],[-4.451821,40.332486],[-4.453813,40.333094],[-4.455675,40.335293],[-4.459978,40.338296],[-4.461321,40.339786],[-4.460934,40.340045],[-4.460596,40.341381],[-4.459856,40.34213],[-4.459629,40.342929],[-4.458231,40.344125],[-4.456445,40.344414],[-4.455939,40.345048],[-4.454736,40.345043],[-4.453837,40.344711],[-4.45284,40.345033],[-4.452137,40.344624],[-4.451537,40.344762],[-4.450598,40.345188],[-4.449901,40.346754],[-4.447802,40.347272],[-4.444718,40.346766],[-4.443005,40.347453],[-4.442736,40.348475],[-4.44209,40.348611],[-4.441632,40.349206],[-4.440931,40.349461],[-4.439995,40.350621],[-4.439433,40.350763],[-4.439121,40.351502],[-4.439503,40.352178],[-4.438636,40.352754],[-4.439055,40.354063],[-4.438911,40.354439],[-4.440134,40.356043],[-4.440345,40.357197],[-4.440967,40.35761],[-4.44079,40.3584],[-4.44121,40.359287],[-4.440447,40.360142],[-4.439402,40.360563],[-4.439176,40.361567],[-4.439717,40.36208],[-4.44106,40.362199],[-4.441869,40.362677],[-4.441431,40.364154],[-4.441416,40.365787],[-4.440815,40.366114],[-4.440696,40.366722],[-4.440709,40.367129],[-4.441265,40.36736],[-4.441314,40.367749],[-4.441755,40.368022],[-4.441221,40.368682],[-4.440698,40.370128],[-4.441203,40.370887],[-4.441214,40.371424],[-4.440851,40.371839],[-4.441052,40.373195],[-4.440859,40.374041],[-4.441332,40.375309],[-4.440035,40.376753],[-4.440887,40.377092],[-4.441242,40.378506],[-4.440985,40.378907],[-4.439806,40.379498],[-4.441533,40.381941],[-4.441364,40.382738],[-4.443525,40.383449],[-4.443573,40.384073],[-4.44313,40.384951],[-4.443755,40.385626],[-4.443393,40.386417],[-4.441371,40.387216],[-4.441517,40.387786],[-4.44237,40.388367],[-4.441939,40.388761],[-4.440873,40.389029],[-4.438329,40.388994],[-4.437426,40.389675],[-4.437011,40.390519],[-4.438471,40.391309],[-4.437757,40.392009],[-4.437206,40.394036],[-4.435267,40.394678],[-4.433258,40.396088],[-4.433233,40.396932],[-4.43255,40.398169],[-4.430385,40.398384],[-4.429923,40.398802],[-4.429703,40.400059],[-4.429428,40.400313],[-4.427945,40.400681],[-4.425972,40.400505],[-4.425663,40.401865],[-4.425378,40.402051],[-4.424216,40.402109],[-4.423649,40.40169],[-4.423052,40.401681],[-4.42367,40.403218],[-4.422592,40.404151],[-4.422132,40.40574],[-4.421648,40.406281],[-4.420706,40.406602],[-4.417857,40.406425],[-4.417099,40.407191],[-4.416076,40.409147],[-4.414948,40.40981],[-4.40314,40.411132],[-4.399422,40.41111],[-4.397573,40.410532],[-4.394267,40.410406],[-4.390861,40.40956],[-4.387284,40.409462],[-4.378155,40.407265],[-4.374575,40.407569],[-4.373578,40.407918],[-4.373236,40.407659],[-4.370286,40.407386],[-4.367448,40.407437],[-4.365632,40.406882],[-4.365344,40.406918],[-4.364863,40.40789],[-4.364136,40.408582],[-4.359579,40.411345],[-4.353372,40.411607],[-4.351947,40.411351],[-4.350173,40.411621],[-4.348589,40.411447],[-4.343485,40.411889],[-4.341772,40.411378],[-4.338806,40.411013],[-4.335595,40.409441],[-4.330272,40.408298],[-4.32353,40.410182],[-4.321089,40.410309],[-4.320913,40.409764],[-4.321101,40.408973],[-4.321545,40.408135],[-4.32289,40.406946],[-4.322809,40.406342],[-4.319667,40.40183],[-4.318495,40.40083],[-4.317208,40.400338],[-4.315355,40.401617],[-4.312989,40.401248],[-4.31226,40.402239],[-4.310412,40.401618],[-4.309274,40.402126],[-4.308494,40.401661],[-4.307054,40.40203],[-4.304828,40.401955],[-4.303595,40.401751],[-4.302854,40.401303],[-4.302173,40.39895],[-4.302781,40.396644],[-4.302734,40.394372],[-4.304288,40.391928],[-4.303649,40.390718],[-4.304202,40.390154],[-4.304197,40.388392],[-4.305033,40.387669],[-4.305287,40.386893],[-4.304983,40.386151],[-4.30582,40.384425],[-4.305814,40.383461],[-4.302233,40.381967],[-4.302303,40.381245],[-4.301232,40.38036],[-4.301467,40.379702],[-4.300873,40.379202],[-4.298788,40.37863],[-4.298617,40.377769],[-4.296989,40.376057],[-4.298703,40.375676],[-4.298867,40.37486],[-4.299619,40.374021],[-4.299671,40.373117],[-4.300043,40.372692],[-4.300986,40.372596],[-4.301537,40.372202],[-4.303333,40.370444],[-4.303583,40.369868],[-4.303298,40.369054],[-4.304658,40.367487],[-4.302778,40.366557],[-4.299947,40.36649],[-4.298578,40.365741],[-4.297835,40.364788],[-4.296441,40.361482],[-4.294981,40.360127],[-4.29276,40.359424],[-4.290619,40.359507],[-4.289672,40.359273],[-4.286258,40.357533],[-4.283292,40.356639],[-4.282981,40.35612],[-4.282234,40.351499],[-4.281462,40.350539],[-4.280178,40.350032],[-4.276708,40.34975],[-4.27406,40.347847],[-4.270981,40.346573],[-4.269854,40.345543],[-4.264457,40.342563],[-4.261936,40.339614],[-4.260267,40.338399],[-4.256356,40.337977],[-4.250423,40.335877],[-4.249523,40.334734],[-4.24921,40.332133],[-4.2483,40.330116],[-4.247657,40.329363],[-4.244734,40.331019],[-4.243667,40.331295],[-4.242617,40.330319],[-4.239293,40.328504],[-4.23641,40.326489]],[[-4.304658,40.367487],[-4.308706,40.368093],[-4.311616,40.369316],[-4.315759,40.370151],[-4.320259,40.369743],[-4.322991,40.370015],[-4.327527,40.371987],[-4.331123,40.375351],[-4.334938,40.376127],[-4.335715,40.375722],[-4.338522,40.372873],[-4.338287,40.37105],[-4.339157,40.370883],[-4.339702,40.369932],[-4.342183,40.367724],[-4.342473,40.367996],[-4.343005,40.367895],[-4.34284,40.367343],[-4.345548,40.364699],[-4.34707,40.362687],[-4.346063,40.36118],[-4.345635,40.354628],[-4.338586,40.350156],[-4.335912,40.346575],[-4.334991,40.347479],[-4.33239,40.346133],[-4.32776,40.344323],[-4.326617,40.34439],[-4.324678,40.343802],[-4.323023,40.344017],[-4.316782,40.349041],[-4.315451,40.350814],[-4.3148,40.353552],[-4.312842,40.35522],[-4.311123,40.360257],[-4.308325,40.364682],[-4.304658,40.367487]]]}},{"type":"Feature","id":"municipio-132","properties":{"nombre":"San Martín de la Vega","tipo":"municipio","contexto":"Comunidad de Madrid"},"geometry":{"type":"Polygon","coordinates":[[[-3.48268,40.256879],[-3.485015,40.254419],[-3.485737,40.253134],[-3.48704,40.253037],[-3.490333,40.253677],[-3.491193,40.252831],[-3.492066,40.251133],[-3.495108,40.251676],[-3.496104,40.253358],[-3.500352,40.256123],[-3.502472,40.254171],[-3.501873,40.252518],[-3.502753,40.2522],[-3.503189,40.250615],[-3.502314,40.25023],[-3.502149,40.248498],[-3.499762,40.247777],[-3.499341,40.246855],[-3.499656,40.246226],[-3.50107,40.245329],[-3.503339,40.242548],[-3.504713,40.242311],[-3.504261,40.240735],[-3.505849,40.239302],[-3.504479,40.237282],[-3.504878,40.23614],[-3.504315,40.233695],[-3.502052,40.229288],[-3.501258,40.228303],[-3.50065,40.226457],[-3.50093,40.225414],[-3.499735,40.224123],[-3.49932,40.222235],[-3.497598,40.220488],[-3.497609,40.219155],[-3.498261,40.217959],[-3.498298,40.216969],[-3.500895,40.216506],[-3.502239,40.215821],[-3.503996,40.2155],[-3.50604,40.214043],[-3.507506,40.213701],[-3.508779,40.212951],[-3.510041,40.211487],[-3.51123,40.209482],[-3.514007,40.207042],[-3.515108,40.205604],[-3.520537,40.202656],[-3.521187,40.201626],[-3.522722,40.200385],[-3.524766,40.1977],[-3.525274,40.198092],[-3.528712,40.196663],[-3.530789,40.195414],[-3.533951,40.19527],[-3.535307,40.194678],[-3.537597,40.195451],[-3.540044,40.195585],[-3.542436,40.196458],[-3.545497,40.196875],[-3.549592,40.195791],[-3.551075,40.195092],[-3.552343,40.195214],[-3.556183,40.193015],[-3.557189,40.192723],[-3.557969,40.191045],[-3.559465,40.189637],[-3.566063,40.191703],[-3.591564,40.196366],[-3.594249,40.201941],[-3.595167,40.201987],[-3.595372,40.202644],[-3.59813,40.202424],[-3.600928,40.203297],[-3.605059,40.203913],[-3.606474,40.204968],[-3.607024,40.205926],[-3.613137,40.208628],[-3.614404,40.209682],[-3.6148,40.210543],[-3.615371,40.21097],[-3.616756,40.211735],[-3.617516,40.211679],[-3.620856,40.216867],[-3.622168,40.218402],[-3.624627,40.220192],[-3.626587,40.221249],[-3.628102,40.221478],[-3.630707,40.223125],[-3.634659,40.223716],[-3.642875,40.22835],[-3.643682,40.229326],[-3.637864,40.239282],[-3.636314,40.243156],[-3.635006,40.247248],[-3.634556,40.250067],[-3.634121,40.250852],[-3.633605,40.256018],[-3.632485,40.259439],[-3.631356,40.260885],[-3.626005,40.265757],[-3.614765,40.267834],[-3.614722,40.268351],[-3.612877,40.268622],[-3.612139,40.269159],[-3.602999,40.271133],[-3.599087,40.27226],[-3.594828,40.274246],[-3.596195,40.276227],[-3.596058,40.279202],[-3.596605,40.284985],[-3.595944,40.285269],[-3.594182,40.285518],[-3.591813,40.283806],[-3.588045,40.284304],[-3.587459,40.28476],[-3.585753,40.285187],[-3.584962,40.284602],[-3.583383,40.285338],[-3.582289,40.28527],[-3.581212,40.285756],[-3.581035,40.286937],[-3.578784,40.286376],[-3.575716,40.288099],[-3.574721,40.287612],[-3.573892,40.288004],[-3.573163,40.28792],[-3.571505,40.28712],[-3.568083,40.288818],[-3.564691,40.291911],[-3.562781,40.290844],[-3.561656,40.292151],[-3.558252,40.293608],[-3.555201,40.295655],[-3.550504,40.297037],[-3.548727,40.295622],[-3.544075,40.293768],[-3.545138,40.290855],[-3.540191,40.290242],[-3.534994,40.29275],[-3.53218,40.293628],[-3.531118,40.292986],[-3.526479,40.293211],[-3.524438,40.295506],[-3.521949,40.294402],[-3.519548,40.294186],[-3.518837,40.293083],[-3.512194,40.285876],[-3.505104,40.279281],[-3.503922,40.277351],[-3.503864,40.27675],[-3.501969,40.276564],[-3.5019,40.276046],[-3.500409,40.275208],[-3.499462,40.273701],[-3.49862,40.273174],[-3.498704,40.272625],[-3.498302,40.272212],[-3.495403,40.271192],[-3.493976,40.271344],[-3.492993,40.271086],[-3.491727,40.2696],[-3.491721,40.268524],[-3.489931,40.268021],[-3.488388,40.26471],[-3.486765,40.26338],[-3.486136,40.261342],[-3.486148,40.260485],[-3.484747,40.258248],[-3.48268,40.256879]]]}},{"type":"Feature","id":"municipio-134","properties":{"nombre":"San Sebastián de los Reyes","tipo":"municipio","contexto":"Comunidad de Madrid"},"geometry":{"type":"Polygon","coordinates":[[[-3.674143,40.588862],[-3.66719,40.592119],[-3.663735,40.592328],[-3.660319,40.591671],[-3.658969,40.590508],[-3.656304,40.588997],[-3.655285,40.587688],[-3.652727,40.581086],[-3.650919,40.577968],[-3.650317,40.577424],[-3.647552,40.576964],[-3.644788,40.576867],[-3.642647,40.576421],[-3.639727,40.575107],[-3.636366,40.574636],[-3.632453,40.574501],[-3.631124,40.574863],[-3.627983,40.573597],[-3.62501,40.573615],[-3.616368,40.580492],[-3.611909,40.581901],[-3.606453,40.585098],[-3.605018,40.587755],[-3.60298,40.589009],[-3.602224,40.590141],[-3.60185,40.592391],[-3.60337,40.59303],[-3.60477,40.594296],[-3.60473,40.595791],[-3.605212,40.59646],[-3.606931,40.596837],[-3.608743,40.598454],[-3.610578,40.598765],[-3.614276,40.600586],[-3.615307,40.600715],[-3.616365,40.601523],[-3.616486,40.602072],[-3.616097,40.603048],[-3.617111,40.605161],[-3.61716,40.606037],[-3.6168,40.606971],[-3.618391,40.608959],[-3.61782,40.610173],[-3.618011,40.611265],[-3.619873,40.611904],[-3.622601,40.615909],[-3.623916,40.616501],[-3.625802,40.616756],[-3.625284,40.618481],[-3.622938,40.620308],[-3.621614,40.622139],[-3.619873,40.623461],[-3.617055,40.625451],[-3.615578,40.626102],[-3.612012,40.629053],[-3.608205,40.630937],[-3.606088,40.631074],[-3.605863,40.630773],[-3.605336,40.630868],[-3.605063,40.630168],[-3.604572,40.630711],[-3.604394,40.626802],[-3.603966,40.626381],[-3.604064,40.625467],[-3.603598,40.624969],[-3.600795,40.625688],[-3.600288,40.626634],[-3.598446,40.627064],[-3.597599,40.626653],[-3.595409,40.627124],[-3.594402,40.626511],[-3.593273,40.626714],[-3.592502,40.626286],[-3.591427,40.626447],[-3.589962,40.625663],[-3.584748,40.627329],[-3.58415,40.627192],[-3.582646,40.625302],[-3.580713,40.62435],[-3.579863,40.623551],[-3.579873,40.62297],[-3.580734,40.622061],[-3.581101,40.620998],[-3.580308,40.619557],[-3.578378,40.619011],[-3.574096,40.619353],[-3.573505,40.618999],[-3.573322,40.617137],[-3.57401,40.613952],[-3.573318,40.61139],[-3.573377,40.610702],[-3.57414,40.609814],[-3.576142,40.608834],[-3.577411,40.607496],[-3.576504,40.605031],[-3.576274,40.603275],[-3.573412,40.599049],[-3.57271,40.598537],[-3.570774,40.597899],[-3.568468,40.598181],[-3.567597,40.598507],[-3.56711,40.599045],[-3.565155,40.598765],[-3.564718,40.598416],[-3.564068,40.59729],[-3.564413,40.596683],[-3.5652,40.596245],[-3.565196,40.595345],[-3.564333,40.591865],[-3.560993,40.591722],[-3.560166,40.589378],[-3.56059,40.587169],[-3.558281,40.586654],[-3.558615,40.585746],[-3.551754,40.586333],[-3.548879,40.587061],[-3.544467,40.583549],[-3.54193,40.582682],[-3.539625,40.5823],[-3.539494,40.580647],[-3.539191,40.580344],[-3.53938,40.5799],[-3.537545,40.57927],[-3.539691,40.578685],[-3.539725,40.578075],[-3.538887,40.577652],[-3.538303,40.57675],[-3.539096,40.574968],[-3.539405,40.572649],[-3.538949,40.572581],[-3.539325,40.571877],[-3.540124,40.571231],[-3.543299,40.571615],[-3.543144,40.571883],[-3.543449,40.571996],[-3.543881,40.571592],[-3.543012,40.57117],[-3.544718,40.570345],[-3.544055,40.569783],[-3.55431,40.575399],[-3.557855,40.57548],[-3.558321,40.574467],[-3.560289,40.572922],[-3.561865,40.572196],[-3.564749,40.571971],[-3.56407,40.571018],[-3.558955,40.567612],[-3.558206,40.566484],[-3.558427,40.565475],[-3.558264,40.564998],[-3.559137,40.564902],[-3.559594,40.56407],[-3.561395,40.563569],[-3.560736,40.562143],[-3.56055,40.560902],[-3.561556,40.559428],[-3.562408,40.559105],[-3.563834,40.559102],[-3.565616,40.557749],[-3.566035,40.556164],[-3.565507,40.55385],[-3.563282,40.550843],[-3.556915,40.545814],[-3.556608,40.544853],[-3.557406,40.541808],[-3.555746,40.541497],[-3.553369,40.541562],[-3.55089,40.542399],[-3.549992,40.542017],[-3.549149,40.539315],[-3.547654,40.537181],[-3.547996,40.535347],[-3.548754,40.533982],[-3.55063,40.532456],[-3.553089,40.53225],[-3.553245,40.532491],[-3.557268,40.533404],[-3.562687,40.53441],[-3.56882,40.534065],[-3.576395,40.534244],[-3.578598,40.533684],[-3.579132,40.5342],[-3.579565,40.534074],[-3.580276,40.534466],[-3.585446,40.535291],[-3.5918,40.537557],[-3.592794,40.53766],[-3.59671,40.537133],[-3.598818,40.537999],[-3.600324,40.538073],[-3.603277,40.536997],[-3.605051,40.538119],[-3.605947,40.538331],[-3.608872,40.538046],[-3.612158,40.538289],[-3.613867,40.538739],[-3.615185,40.539809],[-3.622855,40.540285],[-3.625949,40.5402],[-3.628055,40.541288],[-3.627827,40.542742],[-3.628459,40.543708],[-3.633275,40.545346],[-3.635551,40.547434],[-3.636749,40.547945],[-3.637526,40.549545],[-3.639643,40.551686],[-3.639983,40.55298],[-3.640845,40.554158],[-3.641942,40.554659],[-3.642737,40.554521],[-3.644373,40.555132],[-3.645013,40.554928],[-3.645693,40.555256],[-3.648155,40.554784],[-3.654168,40.55514],[-3.663852,40.569739],[-3.674143,40.588862]]]}},{"type":"Feature","id":"municipio-135","properties":{"nombre":"Santa María de la Alameda","tipo":"municipio","contexto":"Comunidad de Madrid"},"geometry":{"type":"MultiPolygon","coordinates":[[[[-4.152052,40.617719],[-4.157387,40.614933],[-4.162754,40.613813],[-4.16349,40.613893],[-4.170153,40.608129],[-4.173535,40.604298],[-4.174999,40.602171],[-4.179013,40.598084],[-4.183864,40.594149],[-4.187853,40.588972],[-4.188071,40.588163],[-4.190341,40.587114],[-4.193295,40.584794],[-4.194073,40.583521],[-4.194178,40.579602],[-4.19387,40.576426],[-4.196577,40.574345],[-4.19833,40.573497],[-4.198577,40.57219],[-4.198536,40.568293],[-4.198768,40.567678],[-4.197583,40.566587],[-4.196596,40.566094],[-4.194085,40.565914],[-4.192051,40.565121],[-4.190862,40.564974],[-4.187569,40.566581],[-4.184715,40.568984],[-4.183717,40.569366],[-4.182952,40.570449],[-4.183135,40.570741],[-4.181404,40.571318],[-4.180213,40.573175],[-4.178863,40.574387],[-4.173262,40.575747],[-4.171911,40.575603],[-4.170679,40.57595],[-4.170036,40.574866],[-4.168338,40.57309],[-4.167253,40.571178],[-4.170653,40.570799],[-4.173255,40.570953],[-4.176772,40.570225],[-4.180241,40.567939],[-4.181541,40.566607],[-4.185281,40.565085],[-4.187947,40.563512],[-4.189632,40.561396],[-4.192936,40.5608],[-4.194128,40.559995],[-4.195713,40.559645],[-4.19681,40.559025],[-4.213559,40.555099],[-4.218915,40.543022],[-4.223748,40.539453],[-4.231966,40.531669],[-4.234858,40.530735],[-4.242881,40.530127],[-4.245344,40.53126],[-4.248836,40.532231],[-4.257223,40.529566],[-4.261791,40.531112],[-4.26154,40.53201],[-4.261772,40.533324],[-4.263818,40.535909],[-4.268152,40.538384],[-4.268313,40.538901],[-4.267907,40.540156],[-4.270243,40.539987],[-4.271038,40.540432],[-4.271462,40.54123],[-4.270476,40.542424],[-4.267995,40.543076],[-4.265318,40.542959],[-4.26113,40.541892],[-4.259938,40.541893],[-4.258991,40.542811],[-4.258834,40.544124],[-4.257375,40.54444],[-4.256918,40.54487],[-4.256912,40.547071],[-4.256278,40.54802],[-4.256931,40.547972],[-4.258114,40.546934],[-4.258763,40.546725],[-4.259596,40.547466],[-4.260062,40.548868],[-4.262435,40.548453],[-4.264438,40.548446],[-4.265723,40.548062],[-4.266234,40.548538],[-4.26695,40.550204],[-4.268412,40.550157],[-4.269001,40.550398],[-4.269128,40.551638],[-4.268074,40.553186],[-4.267911,40.554605],[-4.269665,40.555516],[-4.270748,40.557113],[-4.270967,40.559055],[-4.270617,40.559443],[-4.270904,40.559975],[-4.269555,40.560572],[-4.269474,40.561197],[-4.26983,40.561539],[-4.271154,40.561757],[-4.273589,40.561431],[-4.273911,40.563159],[-4.274173,40.563357],[-4.277213,40.562867],[-4.278544,40.562081],[-4.280541,40.562274],[-4.281278,40.563909],[-4.283695,40.563743],[-4.284138,40.564392],[-4.285843,40.565248],[-4.288226,40.56416],[-4.289262,40.564194],[-4.289521,40.566327],[-4.288706,40.567434],[-4.288923,40.569088],[-4.288433,40.569965],[-4.289018,40.571114],[-4.286805,40.574561],[-4.286838,40.575778],[-4.285384,40.580375],[-4.285381,40.582665],[-4.282605,40.585342],[-4.28246,40.585982],[-4.283127,40.586867],[-4.283075,40.587182],[-4.281178,40.588853],[-4.28183,40.589768],[-4.283044,40.590142],[-4.282984,40.591399],[-4.282362,40.592129],[-4.282716,40.593377],[-4.283409,40.594251],[-4.283134,40.595007],[-4.283475,40.595639],[-4.281776,40.597082],[-4.280406,40.599285],[-4.278868,40.600839],[-4.278572,40.603172],[-4.278864,40.604156],[-4.281463,40.604958],[-4.28253,40.604943],[-4.284584,40.606008],[-4.286877,40.605938],[-4.28898,40.606511],[-4.290134,40.607825],[-4.290472,40.609617],[-4.289192,40.611609],[-4.289146,40.613256],[-4.288659,40.614416],[-4.289265,40.616129],[-4.288545,40.617283],[-4.289522,40.61918],[-4.288923,40.62005],[-4.289246,40.621222],[-4.288543,40.622779],[-4.288935,40.624104],[-4.288552,40.624852],[-4.289355,40.625804],[-4.289179,40.627243],[-4.290709,40.627823],[-4.28748,40.628985],[-4.283738,40.629053],[-4.28413,40.631306],[-4.278371,40.630525],[-4.275195,40.629378],[-4.273335,40.6294],[-4.271102,40.629023],[-4.271191,40.623934],[-4.267219,40.614521],[-4.266567,40.610824],[-4.262141,40.60518],[-4.257407,40.603868],[-4.245439,40.602447],[-4.239977,40.602528],[-4.225369,40.603948],[-4.221637,40.604399],[-4.220284,40.605171],[-4.218417,40.605558],[-4.214347,40.605435],[-4.209543,40.607773],[-4.207022,40.608087],[-4.196267,40.611878],[-4.186719,40.614533],[-4.176751,40.616155],[-4.161183,40.623465],[-4.159256,40.620205],[-4.156228,40.618855],[-4.152052,40.617719]]],[[[-4.324122,40.658029],[-4.319052,40.660411],[-4.317697,40.661809],[-4.318003,40.662808],[-4.316194,40.666749],[-4.293071,40.677361],[-4.289967,40.680562],[-4.284817,40.681221],[-4.283929,40.680756],[-4.281585,40.680455],[-4.27746,40.677922],[-4.274158,40.67709],[-4.273438,40.676426],[-4.271765,40.67618],[-4.267443,40.674546],[-4.267077,40.673136],[-4.266511,40.672252],[-4.259906,40.665817],[-4.256656,40.663471],[-4.254871,40.662739],[-4.253876,40.661891],[-4.254118,40.658692],[-4.255621,40.654239],[-4.256039,40.651461],[-4.257796,40.651749],[-4.262195,40.651709],[-4.267001,40.653131],[-4.27049,40.652833],[-4.272853,40.653008],[-4.277462,40.652455],[-4.283313,40.652986],[-4.287652,40.652935],[-4.290319,40.65208],[-4.300581,40.651523],[-4.312713,40.648755],[-4.319506,40.647663],[-4.322224,40.651124],[-4.323195,40.653399],[-4.324122,40.658029]]]]}},{"type":"Feature","id":"municipio-136","properties":{"nombre":"Santorcaz","tipo":"municipio","contexto":"Comunidad de Madrid"},"geometry":{"type":"Polygon","coordinates":[[[-3.195328,40.478594],[-3.19636,40.475724],[-3.19765,40.473521],[-3.198722,40.470783],[-3.200162,40.465576],[-3.200195,40.463847],[-3.199029,40.462112],[-3.198711,40.460174],[-3.199984,40.452154],[-3.199255,40.451189],[-3.200462,40.446337],[-3.19979,40.444401],[-3.198597,40.442252],[-3.200018,40.44047],[-3.201995,40.440158],[-3.203341,40.43905],[-3.206198,40.437915],[-3.207743,40.43707],[-3.21014,40.434593],[-3.211157,40.434431],[-3.215886,40.437893],[-3.217119,40.438141],[-3.219151,40.439167],[-3.221943,40.439494],[-3.225968,40.440865],[-3.229462,40.44157],[-3.233573,40.441986],[-3.234298,40.443432],[-3.235204,40.444358],[-3.234323,40.445516],[-3.234948,40.449092],[-3.240111,40.451285],[-3.244622,40.451865],[-3.245989,40.454024],[-3.248806,40.456621],[-3.249978,40.458772],[-3.249473,40.460338],[-3.250626,40.464006],[-3.252571,40.468092],[-3.253616,40.468889],[-3.253881,40.471889],[-3.256385,40.47708],[-3.257655,40.480905],[-3.258108,40.481742],[-3.258733,40.481391],[-3.259338,40.482173],[-3.258751,40.482368],[-3.258325,40.483957],[-3.257256,40.484899],[-3.253476,40.486766],[-3.249636,40.487684],[-3.249167,40.489111],[-3.247205,40.490646],[-3.244294,40.49224],[-3.241942,40.492577],[-3.240782,40.495403],[-3.237506,40.497451],[-3.236559,40.497587],[-3.234293,40.499145],[-3.234036,40.500376],[-3.228358,40.501611],[-3.225254,40.504677],[-3.221332,40.504002],[-3.216297,40.503874],[-3.20971,40.50214],[-3.201268,40.498786],[-3.202034,40.495532],[-3.20067,40.49474],[-3.199158,40.488209],[-3.19723,40.485617],[-3.196258,40.480908],[-3.195328,40.478594]]]}},{"type":"Feature","id":"municipio-140","properties":{"nombre":"Serranillos del Valle","tipo":"municipio","contexto":"Comunidad de Madrid"},"geometry":{"type":"MultiPolygon","coordinates":[[[[-3.938506,40.20357],[-3.938619,40.202634],[-3.940203,40.201122],[-3.941029,40.201696],[-3.941101,40.200793],[-3.941514,40.200343],[-3.941163,40.199994],[-3.941521,40.199215],[-3.941336,40.198617],[-3.941676,40.19844],[-3.941683,40.197893],[-3.942451,40.197404],[-3.942243,40.196968],[-3.94283,40.196064],[-3.944905,40.194715],[-3.946444,40.19453],[-3.947497,40.194055],[-3.94727,40.193689],[-3.947938,40.192769],[-3.947775,40.191832],[-3.948604,40.190251],[-3.948728,40.189391],[-3.9498,40.189071],[-3.950755,40.18986],[-3.951443,40.190039],[-3.951823,40.191838],[-3.950979,40.194609],[-3.950757,40.198765],[-3.949935,40.199705],[-3.950157,40.200548],[-3.949985,40.201814],[-3.949569,40.203105],[-3.948561,40.204797],[-3.947587,40.204981],[-3.942172,40.204347],[-3.938506,40.20357]]],[[[-3.865341,40.203785],[-3.868934,40.201199],[-3.871574,40.198627],[-3.875214,40.193376],[-3.877724,40.188671],[-3.879534,40.189109],[-3.883187,40.188771],[-3.88433,40.189461],[-3.88539,40.18952],[-3.894165,40.188713],[-3.899486,40.190439],[-3.900208,40.190241],[-3.902104,40.190803],[-3.903424,40.190151],[-3.904735,40.190003],[-3.904942,40.189636],[-3.90876,40.189979],[-3.910251,40.189766],[-3.911711,40.190088],[-3.91433,40.191345],[-3.916179,40.191598],[-3.917628,40.192591],[-3.920418,40.195295],[-3.922524,40.198442],[-3.923349,40.198943],[-3.923638,40.198638],[-3.925716,40.200193],[-3.925987,40.200874],[-3.925139,40.200078],[-3.923329,40.199878],[-3.918946,40.2014],[-3.91611,40.201276],[-3.910309,40.20207],[-3.901903,40.199642],[-3.899496,40.19831],[-3.897146,40.19621],[-3.896212,40.197026],[-3.895594,40.20017],[-3.895076,40.201021],[-3.895242,40.201571],[-3.89496,40.201891],[-3.895718,40.202327],[-3.894947,40.203702],[-3.894867,40.205849],[-3.894189,40.207886],[-3.894016,40.210927],[-3.894857,40.212267],[-3.896619,40.213151],[-3.900032,40.216178],[-3.899561,40.21664],[-3.899855,40.217014],[-3.899783,40.218544],[-3.900619,40.220265],[-3.902384,40.222145],[-3.903246,40.223569],[-3.90258,40.223941],[-3.903114,40.224955],[-3.899262,40.227261],[-3.901722,40.230481],[-3.902746,40.233134],[-3.904106,40.234727],[-3.900103,40.232516],[-3.891389,40.231587],[-3.890557,40.232553],[-3.888877,40.232834],[-3.88701,40.232138],[-3.885906,40.232286],[-3.884333,40.231983],[-3.877943,40.22521],[-3.876933,40.22296],[-3.873831,40.220076],[-3.869757,40.211789],[-3.867481,40.208205],[-3.866942,40.205823],[-3.865341,40.203785]]]]}},{"type":"Feature","id":"municipio-141","properties":{"nombre":"Sevilla la Nueva","tipo":"municipio","contexto":"Comunidad de Madrid"},"geometry":{"type":"Polygon","coordinates":[[[-4.076669,40.357718],[-4.076531,40.358252],[-4.07585,40.358105],[-4.073795,40.358505],[-4.070803,40.359947],[-4.070309,40.360678],[-4.071266,40.361107],[-4.070982,40.362841],[-4.068832,40.364492],[-4.066899,40.365408],[-4.064964,40.367569],[-4.064249,40.367718],[-4.062209,40.369974],[-4.06171,40.370704],[-4.06169,40.37153],[-4.058708,40.375079],[-4.057002,40.376008],[-4.054498,40.37533],[-4.049844,40.378988],[-4.045715,40.377371],[-4.044438,40.378347],[-4.042258,40.379061],[-4.041247,40.379073],[-4.040884,40.37967],[-4.040717,40.38109],[-4.039756,40.380453],[-4.038431,40.380237],[-4.038369,40.379372],[-4.037885,40.378422],[-4.033074,40.378304],[-4.031592,40.377522],[-4.029117,40.376756],[-4.029122,40.374771],[-4.02701,40.373335],[-4.022896,40.372613],[-4.02109,40.370887],[-4.019145,40.370112],[-4.016747,40.367931],[-4.013305,40.36685],[-4.012847,40.366176],[-4.011531,40.365364],[-4.011282,40.364432],[-4.007234,40.364041],[-4.007425,40.363475],[-4.00697,40.360626],[-4.005666,40.359006],[-4.005283,40.359294],[-4.004199,40.359038],[-4.002185,40.358147],[-4.003403,40.358],[-4.003197,40.356315],[-4.003378,40.354909],[-4.000723,40.352712],[-3.999313,40.350597],[-3.999229,40.349376],[-3.998589,40.347836],[-3.998095,40.343653],[-3.998097,40.343439],[-3.999017,40.34339],[-4.001651,40.342039],[-4.003119,40.341901],[-4.006388,40.339388],[-4.010787,40.337079],[-4.018105,40.33558],[-4.02441,40.333412],[-4.026415,40.333238],[-4.028559,40.333461],[-4.03399,40.332944],[-4.045038,40.332598],[-4.046379,40.333468],[-4.049848,40.334222],[-4.050805,40.334825],[-4.058773,40.334329],[-4.061502,40.334401],[-4.062927,40.334832],[-4.066372,40.335099],[-4.067695,40.33476],[-4.070104,40.335067],[-4.068992,40.335965],[-4.068406,40.337375],[-4.067143,40.338142],[-4.066166,40.339306],[-4.065976,40.33979],[-4.066392,40.340557],[-4.066299,40.341055],[-4.0678,40.34215],[-4.070947,40.343284],[-4.074229,40.342946],[-4.074596,40.344146],[-4.075248,40.344391],[-4.075339,40.346587],[-4.074891,40.347604],[-4.075762,40.349604],[-4.075596,40.350347],[-4.075848,40.351423],[-4.074841,40.352294],[-4.074426,40.354063],[-4.075271,40.355954],[-4.076174,40.355515],[-4.076669,40.357718]]]}},{"type":"Feature","id":"municipio-143","properties":{"nombre":"Somosierra","tipo":"municipio","contexto":"Comunidad de Madrid"},"geometry":{"type":"Polygon","coordinates":[[[-3.613702,41.149053],[-3.610841,41.149657],[-3.604682,41.152037],[-3.601795,41.154457],[-3.600047,41.155382],[-3.598808,41.15434],[-3.595049,41.154176],[-3.592102,41.154315],[-3.591218,41.154643],[-3.589271,41.158509],[-3.582721,41.16142],[-3.578603,41.160258],[-3.569193,41.159508],[-3.558023,41.164397],[-3.550448,41.165701],[-3.543905,41.165845],[-3.539722,41.165041],[-3.536705,41.160576],[-3.537625,41.155333],[-3.541098,41.149667],[-3.544267,41.145939],[-3.544905,41.142207],[-3.547932,41.138754],[-3.547335,41.134743],[-3.548566,41.132631],[-3.547849,41.12904],[-3.548109,41.126781],[-3.549609,41.124234],[-3.554018,41.120843],[-3.557016,41.117103],[-3.561635,41.114803],[-3.566006,41.113893],[-3.566423,41.11471],[-3.568989,41.116826],[-3.572366,41.118537],[-3.574643,41.117952],[-3.576365,41.118089],[-3.579446,41.119678],[-3.582786,41.120915],[-3.58638,41.119792],[-3.589765,41.119809],[-3.59061,41.120963],[-3.590621,41.123012],[-3.589666,41.124238],[-3.59048,41.12534],[-3.5941,41.125856],[-3.597591,41.125067],[-3.598865,41.12884],[-3.598535,41.130356],[-3.598729,41.132434],[-3.597403,41.132606],[-3.594635,41.134473],[-3.593023,41.135059],[-3.591746,41.135076],[-3.591693,41.135413],[-3.591729,41.137827],[-3.592144,41.138566],[-3.592497,41.140695],[-3.592824,41.146698],[-3.594945,41.152051],[-3.598406,41.150541],[-3.603212,41.149373],[-3.610928,41.148724],[-3.613702,41.149053]]]}},{"type":"Feature","id":"municipio-144","properties":{"nombre":"Soto del Real","tipo":"municipio","contexto":"Comunidad de Madrid"},"geometry":{"type":"Polygon","coordinates":[[[-3.732818,40.731942],[-3.733604,40.730919],[-3.735157,40.73204],[-3.750193,40.724111],[-3.766905,40.712368],[-3.767571,40.712343],[-3.769225,40.710969],[-3.771388,40.70471],[-3.773636,40.704623],[-3.776447,40.705128],[-3.778849,40.705145],[-3.780961,40.704406],[-3.782806,40.704533],[-3.784207,40.705404],[-3.785377,40.706996],[-3.786942,40.708242],[-3.789196,40.709495],[-3.790516,40.709709],[-3.792447,40.709429],[-3.794092,40.709964],[-3.796315,40.710091],[-3.797067,40.710476],[-3.798593,40.710202],[-3.800586,40.711173],[-3.801606,40.715874],[-3.803311,40.716973],[-3.807156,40.720759],[-3.807821,40.723844],[-3.813032,40.7336],[-3.814929,40.739198],[-3.818357,40.738541],[-3.819412,40.743887],[-3.820082,40.745507],[-3.82014,40.749728],[-3.820391,40.750832],[-3.822724,40.756549],[-3.825099,40.772532],[-3.825368,40.772596],[-3.826449,40.775194],[-3.828485,40.781454],[-3.828568,40.784071],[-3.830161,40.789647],[-3.830201,40.793094],[-3.834643,40.79845],[-3.838389,40.808965],[-3.838152,40.812218],[-3.829353,40.813553],[-3.828459,40.81237],[-3.828945,40.810754],[-3.828878,40.809637],[-3.828521,40.808097],[-3.827292,40.805382],[-3.825132,40.804435],[-3.821445,40.801723],[-3.81783,40.798251],[-3.815581,40.795183],[-3.813988,40.78778],[-3.815364,40.78668],[-3.814897,40.785498],[-3.814298,40.785021],[-3.813924,40.783937],[-3.812316,40.782277],[-3.811562,40.779896],[-3.808491,40.776868],[-3.80764,40.775401],[-3.805415,40.77499],[-3.799033,40.77241],[-3.790199,40.772054],[-3.788916,40.769606],[-3.784992,40.769846],[-3.780726,40.76897],[-3.775099,40.766444],[-3.77138,40.764017],[-3.768278,40.763953],[-3.76472,40.7614],[-3.760679,40.761829],[-3.759379,40.760175],[-3.756432,40.758526],[-3.750889,40.754432],[-3.749448,40.752529],[-3.74329,40.747743],[-3.742506,40.747708],[-3.740009,40.746171],[-3.739357,40.744401],[-3.738615,40.743411],[-3.736877,40.739808],[-3.734471,40.737329],[-3.733376,40.735707],[-3.732818,40.731942]]]}},{"type":"Feature","id":"municipio-145","properties":{"nombre":"Talamanca de Jarama","tipo":"municipio","contexto":"Comunidad de Madrid"},"geometry":{"type":"Polygon","coordinates":[[[-3.543967,40.735035],[-3.541087,40.735235],[-3.539909,40.736621],[-3.539358,40.737793],[-3.538094,40.738527],[-3.537153,40.740041],[-3.536282,40.740719],[-3.539367,40.743867],[-3.539792,40.745231],[-3.537907,40.745297],[-3.536838,40.746498],[-3.53504,40.74638],[-3.533939,40.74769],[-3.533987,40.748361],[-3.53336,40.749124],[-3.534255,40.750856],[-3.537345,40.750669],[-3.537717,40.751088],[-3.539013,40.75146],[-3.542426,40.753159],[-3.541291,40.753792],[-3.540895,40.75435],[-3.540884,40.755093],[-3.539761,40.755495],[-3.540111,40.757755],[-3.538631,40.757851],[-3.538192,40.759111],[-3.532364,40.761671],[-3.529582,40.762194],[-3.524989,40.761451],[-3.52494,40.76248],[-3.523851,40.764213],[-3.522486,40.765641],[-3.521036,40.76657],[-3.520199,40.767716],[-3.519186,40.77014],[-3.513157,40.776497],[-3.511875,40.779],[-3.510855,40.780225],[-3.509427,40.781174],[-3.508789,40.782069],[-3.508853,40.785147],[-3.509555,40.786349],[-3.509885,40.78766],[-3.511572,40.788496],[-3.50601,40.78933],[-3.50394,40.788842],[-3.503817,40.788405],[-3.503226,40.788043],[-3.500939,40.788586],[-3.500657,40.787917],[-3.499295,40.788209],[-3.498145,40.788814],[-3.499514,40.78774],[-3.501077,40.785687],[-3.499027,40.785254],[-3.501093,40.782679],[-3.501264,40.779988],[-3.506778,40.779392],[-3.506824,40.776805],[-3.504085,40.775605],[-3.503809,40.774519],[-3.504152,40.772042],[-3.503858,40.77124],[-3.501579,40.768284],[-3.501714,40.767635],[-3.49885,40.764738],[-3.496415,40.764538],[-3.496307,40.765188],[-3.494789,40.764894],[-3.491125,40.767775],[-3.488347,40.767514],[-3.489486,40.765171],[-3.486895,40.764868],[-3.486466,40.763169],[-3.484819,40.763277],[-3.485553,40.761142],[-3.485135,40.760422],[-3.486053,40.759839],[-3.487611,40.759422],[-3.488141,40.757346],[-3.485948,40.75606],[-3.484604,40.75421],[-3.486033,40.753815],[-3.485649,40.752987],[-3.482313,40.750433],[-3.481407,40.748734],[-3.481482,40.747805],[-3.48051,40.746946],[-3.476959,40.746137],[-3.474631,40.746096],[-3.4745,40.745386],[-3.474953,40.744662],[-3.471217,40.744684],[-3.469604,40.7444],[-3.466313,40.745321],[-3.466056,40.745751],[-3.466709,40.746771],[-3.464188,40.747379],[-3.463567,40.744026],[-3.462455,40.74372],[-3.458549,40.744825],[-3.455716,40.744515],[-3.454147,40.74372],[-3.453169,40.742778],[-3.45127,40.738126],[-3.450416,40.734887],[-3.448738,40.73296],[-3.449275,40.732544],[-3.448971,40.730004],[-3.448436,40.729352],[-3.44675,40.725281],[-3.446098,40.722876],[-3.445759,40.722627],[-3.444545,40.723269],[-3.443614,40.724221],[-3.439933,40.732595],[-3.438578,40.735027],[-3.437712,40.734094],[-3.434614,40.732212],[-3.434359,40.731813],[-3.434907,40.729602],[-3.434945,40.727986],[-3.436123,40.726522],[-3.436923,40.724618],[-3.437191,40.72289],[-3.438482,40.721775],[-3.441343,40.720415],[-3.442854,40.719334],[-3.445399,40.716564],[-3.446335,40.714444],[-3.447685,40.71411],[-3.450869,40.711235],[-3.451978,40.711849],[-3.452785,40.709104],[-3.454427,40.70913],[-3.454882,40.706301],[-3.455274,40.706335],[-3.456103,40.703925],[-3.458921,40.704131],[-3.459999,40.703707],[-3.460003,40.701811],[-3.460706,40.700516],[-3.460839,40.698167],[-3.46331,40.698099],[-3.46311,40.695789],[-3.462359,40.693118],[-3.464861,40.692432],[-3.468334,40.692978],[-3.46855,40.689936],[-3.470067,40.690904],[-3.469873,40.692303],[-3.474561,40.692538],[-3.4752,40.693783],[-3.473602,40.697175],[-3.472515,40.703852],[-3.470673,40.704561],[-3.470032,40.706776],[-3.476048,40.707888],[-3.477871,40.70897],[-3.478418,40.70962],[-3.480239,40.710255],[-3.483805,40.710097],[-3.487451,40.710795],[-3.490921,40.712549],[-3.497348,40.71403],[-3.499694,40.716721],[-3.503993,40.719332],[-3.514454,40.723574],[-3.518531,40.724257],[-3.519874,40.726565],[-3.521334,40.728233],[-3.525873,40.732534],[-3.526687,40.732538],[-3.527172,40.733292],[-3.528068,40.733795],[-3.528871,40.733541],[-3.529698,40.734012],[-3.530317,40.733989],[-3.530663,40.734399],[-3.533253,40.734454],[-3.534812,40.734194],[-3.536476,40.73316],[-3.537399,40.733355],[-3.53815,40.733051],[-3.539486,40.733506],[-3.540861,40.733427],[-3.542483,40.734105],[-3.543183,40.734041],[-3.543967,40.735035]]]}},{"type":"Feature","id":"municipio-146","properties":{"nombre":"Tielmes","tipo":"municipio","contexto":"Comunidad de Madrid"},"geometry":{"type":"Polygon","coordinates":[[[-3.270434,40.214779],[-3.276429,40.210621],[-3.278855,40.209622],[-3.28151,40.206988],[-3.284293,40.202891],[-3.291929,40.196647],[-3.29798,40.190529],[-3.307505,40.19993],[-3.309537,40.202878],[-3.30672,40.209401],[-3.307083,40.211537],[-3.310167,40.215053],[-3.310447,40.216695],[-3.309867,40.217774],[-3.310053,40.218514],[-3.311274,40.219159],[-3.312686,40.2204],[-3.313045,40.221341],[-3.314892,40.221758],[-3.317512,40.223556],[-3.318034,40.224875],[-3.320193,40.22541],[-3.321112,40.226052],[-3.322918,40.227619],[-3.32225,40.22826],[-3.323228,40.229728],[-3.328977,40.234464],[-3.330969,40.236433],[-3.33415,40.238779],[-3.335686,40.242127],[-3.335431,40.243535],[-3.33573,40.246326],[-3.335426,40.248269],[-3.335638,40.252656],[-3.336845,40.254922],[-3.333906,40.26291],[-3.333912,40.264221],[-3.320952,40.260313],[-3.313822,40.260449],[-3.307936,40.261035],[-3.306301,40.260287],[-3.29714,40.260467],[-3.284897,40.262311],[-3.283552,40.261168],[-3.282995,40.255685],[-3.283737,40.252372],[-3.284317,40.251042],[-3.283919,40.249984],[-3.282705,40.249636],[-3.279344,40.247564],[-3.278829,40.238001],[-3.278302,40.235604],[-3.27837,40.233773],[-3.276237,40.231714],[-3.272671,40.220362],[-3.270434,40.214779]]]}},{"type":"Feature","id":"municipio-147","properties":{"nombre":"Titulcia","tipo":"municipio","contexto":"Comunidad de Madrid"},"geometry":{"type":"Polygon","coordinates":[[[-3.583895,40.132379],[-3.583345,40.134379],[-3.581681,40.136178],[-3.575446,40.139242],[-3.57453,40.140035],[-3.574064,40.141156],[-3.574184,40.141712],[-3.575843,40.143155],[-3.576242,40.143926],[-3.575105,40.146743],[-3.573653,40.147711],[-3.572292,40.148144],[-3.570058,40.148507],[-3.567159,40.1485],[-3.565929,40.149902],[-3.565769,40.151113],[-3.566218,40.152348],[-3.565822,40.154595],[-3.563814,40.156383],[-3.563041,40.158661],[-3.56368,40.161029],[-3.563626,40.164808],[-3.564247,40.166804],[-3.564081,40.16819],[-3.563599,40.169397],[-3.561956,40.171128],[-3.560744,40.17069],[-3.560469,40.170947],[-3.557788,40.170443],[-3.556396,40.171285],[-3.551652,40.169768],[-3.550978,40.169965],[-3.547366,40.168844],[-3.54468,40.165957],[-3.544534,40.164971],[-3.543867,40.163834],[-3.545324,40.16289],[-3.545236,40.160903],[-3.545992,40.157428],[-3.545235,40.156273],[-3.544093,40.155645],[-3.543518,40.153072],[-3.542098,40.151198],[-3.540891,40.150742],[-3.538106,40.14897],[-3.535579,40.149016],[-3.550913,40.142203],[-3.552902,40.138736],[-3.555297,40.137264],[-3.555921,40.136362],[-3.554694,40.132492],[-3.556095,40.132984],[-3.556991,40.129972],[-3.557585,40.12524],[-3.561612,40.125864],[-3.57079,40.123795],[-3.575008,40.121652],[-3.578825,40.125773],[-3.578965,40.127763],[-3.577593,40.130212],[-3.578549,40.130018],[-3.578322,40.130516],[-3.57902,40.130603],[-3.579515,40.129441],[-3.579535,40.129877],[-3.580072,40.129897],[-3.580766,40.130388],[-3.581378,40.129631],[-3.580817,40.129403],[-3.581148,40.12914],[-3.581052,40.128602],[-3.58183,40.128778],[-3.583741,40.128514],[-3.583,40.130831],[-3.583895,40.132379]]]}},{"type":"Feature","id":"municipio-148","properties":{"nombre":"Torrejón de Ardoz","tipo":"municipio","contexto":"Comunidad de Madrid"},"geometry":{"type":"Polygon","coordinates":[[[-3.499503,40.471824],[-3.497247,40.473164],[-3.488801,40.479998],[-3.476468,40.487925],[-3.479609,40.494623],[-3.47435,40.494728],[-3.469943,40.493468],[-3.467669,40.493182],[-3.464639,40.495361],[-3.457098,40.499288],[-3.452815,40.502643],[-3.44991,40.504006],[-3.444579,40.506019],[-3.441927,40.506295],[-3.436663,40.507998],[-3.433959,40.509405],[-3.428924,40.510915],[-3.429549,40.506471],[-3.429279,40.504635],[-3.429404,40.497666],[-3.428802,40.491718],[-3.430579,40.491587],[-3.431252,40.48983],[-3.430847,40.486704],[-3.430136,40.486729],[-3.428874,40.483045],[-3.429186,40.480416],[-3.427962,40.478404],[-3.427903,40.476813],[-3.426806,40.475064],[-3.42669,40.473843],[-3.426009,40.472581],[-3.426046,40.472094],[-3.429239,40.471489],[-3.429314,40.468788],[-3.432096,40.468105],[-3.431511,40.467388],[-3.434042,40.466576],[-3.432679,40.463188],[-3.431128,40.461501],[-3.433466,40.459991],[-3.436521,40.457243],[-3.439944,40.453452],[-3.444264,40.449913],[-3.448395,40.444716],[-3.44953,40.444114],[-3.450829,40.442148],[-3.461875,40.437793],[-3.461638,40.437093],[-3.46508,40.43749],[-3.466071,40.437256],[-3.466971,40.436429],[-3.466645,40.435748],[-3.466993,40.434407],[-3.468295,40.435978],[-3.471026,40.434983],[-3.473852,40.434762],[-3.473727,40.433494],[-3.481478,40.431372],[-3.482266,40.430534],[-3.484151,40.432316],[-3.488261,40.437651],[-3.49027,40.4416],[-3.488457,40.445526],[-3.488731,40.448805],[-3.489731,40.454683],[-3.491637,40.459907],[-3.494535,40.464108],[-3.496642,40.468222],[-3.497935,40.470016],[-3.495697,40.471131],[-3.496949,40.472898],[-3.499503,40.471824]]]}},{"type":"Feature","id":"municipio-150","properties":{"nombre":"Torrejón de Velasco","tipo":"municipio","contexto":"Comunidad de Madrid"},"geometry":{"type":"Polygon","coordinates":[[[-3.800038,40.1754],[-3.800007,40.177415],[-3.798786,40.177375],[-3.797806,40.179925],[-3.799957,40.180358],[-3.797517,40.186682],[-3.796369,40.186774],[-3.79584,40.188857],[-3.794896,40.188639],[-3.794676,40.19013],[-3.792603,40.189682],[-3.792396,40.189936],[-3.791339,40.189885],[-3.791363,40.190951],[-3.790286,40.195211],[-3.788804,40.194683],[-3.787752,40.194647],[-3.786026,40.193276],[-3.785732,40.193401],[-3.786556,40.193965],[-3.787142,40.19527],[-3.785943,40.195107],[-3.785849,40.196772],[-3.783191,40.197277],[-3.783607,40.197861],[-3.783771,40.198796],[-3.783579,40.201799],[-3.781613,40.203579],[-3.778151,40.203055],[-3.778353,40.204992],[-3.779893,40.209484],[-3.777947,40.209617],[-3.775466,40.208478],[-3.774225,40.209808],[-3.769521,40.207471],[-3.765174,40.206829],[-3.761418,40.207834],[-3.759159,40.207252],[-3.756421,40.210773],[-3.752746,40.208356],[-3.75189,40.207173],[-3.74745,40.202872],[-3.744931,40.200916],[-3.743145,40.202594],[-3.739248,40.205026],[-3.738502,40.206406],[-3.736914,40.211182],[-3.735824,40.211636],[-3.726845,40.209339],[-3.709728,40.20391],[-3.704004,40.201582],[-3.7,40.19893],[-3.701239,40.196001],[-3.701753,40.195682],[-3.70249,40.193865],[-3.702249,40.193767],[-3.702462,40.191881],[-3.703639,40.187806],[-3.708949,40.179],[-3.708116,40.177076],[-3.704423,40.171345],[-3.7012,40.166972],[-3.699667,40.165385],[-3.699892,40.16173],[-3.699409,40.160175],[-3.700797,40.1593],[-3.702885,40.157017],[-3.706762,40.153694],[-3.708907,40.152337],[-3.711104,40.150308],[-3.712748,40.148044],[-3.713517,40.147609],[-3.713818,40.146522],[-3.71811,40.146356],[-3.719809,40.147115],[-3.722216,40.147713],[-3.729886,40.143867],[-3.735669,40.139152],[-3.739776,40.135211],[-3.744146,40.133128],[-3.744375,40.132225],[-3.746259,40.132164],[-3.753906,40.133951],[-3.756841,40.135357],[-3.762245,40.137304],[-3.771433,40.139779],[-3.771615,40.141719],[-3.775917,40.144375],[-3.777563,40.146243],[-3.778557,40.148871],[-3.778938,40.150736],[-3.779186,40.153299],[-3.778952,40.156227],[-3.782392,40.160016],[-3.783242,40.161612],[-3.784554,40.162812],[-3.792515,40.168163],[-3.793623,40.169323],[-3.795707,40.170717],[-3.796227,40.17169],[-3.799525,40.174194],[-3.799006,40.174695],[-3.800038,40.1754]]]}},{"type":"Feature","id":"municipio-149","properties":{"nombre":"Torrejón de la Calzada","tipo":"municipio","contexto":"Comunidad de Madrid"},"geometry":{"type":"Polygon","coordinates":[[[-3.8211,40.205163],[-3.81758,40.208229],[-3.816072,40.209055],[-3.814631,40.2109],[-3.806787,40.215432],[-3.804305,40.218945],[-3.802353,40.221086],[-3.800667,40.221761],[-3.799706,40.222866],[-3.798546,40.222759],[-3.797457,40.222067],[-3.795992,40.221928],[-3.792953,40.222661],[-3.79192,40.22229],[-3.790524,40.222324],[-3.789548,40.2219],[-3.790332,40.21931],[-3.791486,40.217337],[-3.790169,40.216753],[-3.785614,40.215813],[-3.784417,40.213571],[-3.78081,40.212645],[-3.780388,40.210712],[-3.778353,40.204992],[-3.778114,40.203269],[-3.778151,40.203055],[-3.781613,40.203579],[-3.783579,40.201799],[-3.783771,40.198796],[-3.783607,40.197861],[-3.783191,40.197277],[-3.785849,40.196772],[-3.785943,40.195107],[-3.787142,40.19527],[-3.786556,40.193965],[-3.785732,40.193401],[-3.786026,40.193276],[-3.787752,40.194647],[-3.788804,40.194683],[-3.790286,40.195211],[-3.791363,40.190951],[-3.791339,40.189885],[-3.792396,40.189936],[-3.792603,40.189682],[-3.794676,40.19013],[-3.794896,40.188639],[-3.79584,40.188857],[-3.796369,40.186774],[-3.797517,40.186682],[-3.799957,40.180358],[-3.797806,40.179925],[-3.798786,40.177375],[-3.800007,40.177415],[-3.800038,40.1754],[-3.806175,40.177166],[-3.806367,40.178023],[-3.805699,40.182591],[-3.803974,40.18882],[-3.808812,40.189285],[-3.807989,40.192433],[-3.808471,40.192606],[-3.808413,40.193156],[-3.80775,40.195046],[-3.810577,40.195046],[-3.812477,40.195445],[-3.81212,40.19723],[-3.813711,40.200971],[-3.81377,40.203618],[-3.8211,40.205163]]]}},{"type":"Feature","id":"municipio-151","properties":{"nombre":"Torrelaguna","tipo":"municipio","contexto":"Comunidad de Madrid"},"geometry":{"type":"Polygon","coordinates":[[[-3.604707,40.84218],[-3.599251,40.845834],[-3.587708,40.847261],[-3.584548,40.847299],[-3.576548,40.848519],[-3.574565,40.849553],[-3.573446,40.849628],[-3.571997,40.850553],[-3.568271,40.851963],[-3.564376,40.854341],[-3.557325,40.857032],[-3.554836,40.858542],[-3.552802,40.857736],[-3.549995,40.85761],[-3.547891,40.856184],[-3.546627,40.85621],[-3.543976,40.858074],[-3.543972,40.858422],[-3.542135,40.86095],[-3.541263,40.861521],[-3.539981,40.863055],[-3.53756,40.862317],[-3.536535,40.862448],[-3.534533,40.8608],[-3.528577,40.852541],[-3.524023,40.848396],[-3.521158,40.844578],[-3.514591,40.841023],[-3.512063,40.838828],[-3.512571,40.838359],[-3.511422,40.837077],[-3.513031,40.836206],[-3.511905,40.834569],[-3.513879,40.833568],[-3.51161,40.825067],[-3.511694,40.822701],[-3.510361,40.821855],[-3.508239,40.819857],[-3.505706,40.818559],[-3.505835,40.816104],[-3.508398,40.814915],[-3.510271,40.81344],[-3.511425,40.813],[-3.512748,40.808876],[-3.512799,40.805889],[-3.514333,40.80373],[-3.5129,40.80282],[-3.511983,40.800904],[-3.504073,40.797737],[-3.502204,40.797635],[-3.503064,40.796534],[-3.503353,40.7955],[-3.502349,40.793513],[-3.50259,40.791363],[-3.504252,40.789232],[-3.509273,40.790533],[-3.511572,40.788496],[-3.512623,40.788851],[-3.518572,40.788338],[-3.520805,40.787683],[-3.523699,40.787506],[-3.529509,40.788743],[-3.532201,40.787978],[-3.533283,40.78982],[-3.536692,40.789222],[-3.537541,40.788636],[-3.545023,40.789213],[-3.550287,40.790383],[-3.552355,40.789751],[-3.557699,40.79198],[-3.55908,40.791728],[-3.561144,40.790681],[-3.564821,40.790184],[-3.574006,40.790905],[-3.57539,40.793084],[-3.575402,40.794133],[-3.57725,40.796359],[-3.578081,40.79805],[-3.57749,40.800087],[-3.577892,40.802444],[-3.576196,40.807523],[-3.576315,40.80955],[-3.572689,40.820925],[-3.576067,40.822098],[-3.577453,40.822114],[-3.578467,40.827594],[-3.579847,40.831567],[-3.587098,40.833955],[-3.593989,40.829433],[-3.594937,40.829063],[-3.595602,40.829238],[-3.595941,40.831341],[-3.597237,40.833532],[-3.598936,40.835807],[-3.601915,40.838365],[-3.60443,40.841467],[-3.604707,40.84218]]]}},{"type":"Feature","id":"municipio-152","properties":{"nombre":"Torrelodones","tipo":"municipio","contexto":"Comunidad de Madrid"},"geometry":{"type":"Polygon","coordinates":[[[-3.959661,40.576949],[-3.95909,40.577359],[-3.959498,40.577875],[-3.959317,40.578927],[-3.959555,40.579606],[-3.958862,40.579711],[-3.956179,40.583574],[-3.956601,40.583624],[-3.955971,40.585762],[-3.954585,40.588431],[-3.953039,40.592688],[-3.95201,40.593853],[-3.951221,40.595499],[-3.953065,40.597438],[-3.947895,40.596053],[-3.944193,40.596005],[-3.941186,40.595408],[-3.930813,40.59536],[-3.929596,40.595161],[-3.929527,40.59462],[-3.926265,40.593716],[-3.92378,40.593401],[-3.91866,40.593548],[-3.916015,40.59223],[-3.911899,40.591741],[-3.903395,40.589417],[-3.897619,40.588608],[-3.89011,40.588125],[-3.885606,40.586791],[-3.883602,40.585754],[-3.883811,40.583381],[-3.883433,40.582531],[-3.884179,40.581281],[-3.883776,40.580319],[-3.883732,40.579096],[-3.885577,40.574456],[-3.88892,40.573465],[-3.890549,40.572637],[-3.891102,40.571534],[-3.894034,40.569906],[-3.89563,40.567637],[-3.896371,40.568028],[-3.905297,40.563437],[-3.908843,40.564668],[-3.909992,40.563296],[-3.911457,40.562213],[-3.919874,40.557629],[-3.922747,40.557741],[-3.92327,40.558336],[-3.929367,40.55787],[-3.931181,40.559757],[-3.932108,40.560008],[-3.932317,40.559482],[-3.931538,40.558485],[-3.93088,40.55823],[-3.930723,40.557411],[-3.930935,40.556715],[-3.932087,40.557071],[-3.931852,40.556468],[-3.932209,40.556183],[-3.931723,40.555294],[-3.930299,40.553857],[-3.93168,40.553412],[-3.931632,40.553048],[-3.931967,40.552834],[-3.932684,40.552742],[-3.93245,40.552167],[-3.931549,40.551714],[-3.931471,40.550843],[-3.932097,40.550569],[-3.933153,40.550832],[-3.934381,40.552189],[-3.935024,40.551653],[-3.934697,40.551299],[-3.934648,40.549962],[-3.936685,40.548389],[-3.937952,40.548822],[-3.939721,40.548861],[-3.940596,40.548245],[-3.941209,40.548561],[-3.941911,40.54831],[-3.942366,40.547847],[-3.943843,40.549162],[-3.9435,40.549918],[-3.943904,40.550663],[-3.945326,40.551349],[-3.94527,40.554209],[-3.945845,40.55586],[-3.947131,40.556803],[-3.947666,40.559387],[-3.949536,40.560248],[-3.950649,40.560074],[-3.950746,40.559168],[-3.951778,40.558399],[-3.951541,40.55803],[-3.951621,40.557118],[-3.953272,40.557212],[-3.954401,40.558108],[-3.953779,40.560292],[-3.95418,40.561172],[-3.956617,40.562098],[-3.957271,40.562683],[-3.957967,40.564639],[-3.957332,40.566315],[-3.956419,40.567702],[-3.957177,40.569499],[-3.956998,40.570603],[-3.957623,40.573105],[-3.959661,40.576949]]]}},{"type":"Feature","id":"municipio-153","properties":{"nombre":"Torremocha de Jarama","tipo":"municipio","contexto":"Comunidad de Madrid"},"geometry":{"type":"Polygon","coordinates":[[[-3.536535,40.862448],[-3.535026,40.865312],[-3.534665,40.865183],[-3.534445,40.86572],[-3.533281,40.866801],[-3.531401,40.868008],[-3.529824,40.868511],[-3.529194,40.869246],[-3.528193,40.869458],[-3.527999,40.870252],[-3.524742,40.876126],[-3.524447,40.874062],[-3.525145,40.872075],[-3.524297,40.870636],[-3.520751,40.867358],[-3.521041,40.866261],[-3.520053,40.86582],[-3.520145,40.864831],[-3.519121,40.864166],[-3.519952,40.86373],[-3.519808,40.863382],[-3.519095,40.863037],[-3.519681,40.862258],[-3.518821,40.862143],[-3.518079,40.862558],[-3.517339,40.862309],[-3.516022,40.86094],[-3.515037,40.859157],[-3.516287,40.857211],[-3.51575,40.856572],[-3.515616,40.855752],[-3.514767,40.85501],[-3.515398,40.854254],[-3.514575,40.852398],[-3.513817,40.851787],[-3.512142,40.851765],[-3.510977,40.85057],[-3.509799,40.850007],[-3.509928,40.849083],[-3.508112,40.846965],[-3.507906,40.846241],[-3.501739,40.849592],[-3.498841,40.851757],[-3.492716,40.851481],[-3.486838,40.85083],[-3.484548,40.851475],[-3.482007,40.852635],[-3.480028,40.853982],[-3.479721,40.85473],[-3.478062,40.855209],[-3.475728,40.854823],[-3.473782,40.854101],[-3.470323,40.851924],[-3.47081,40.851605],[-3.475258,40.852163],[-3.475936,40.851863],[-3.476375,40.851059],[-3.475822,40.849917],[-3.470241,40.844697],[-3.469748,40.843178],[-3.470649,40.841682],[-3.478242,40.838918],[-3.479039,40.837957],[-3.479352,40.836612],[-3.477325,40.833894],[-3.477342,40.831921],[-3.476573,40.830227],[-3.476782,40.827103],[-3.47715,40.826387],[-3.476756,40.825413],[-3.476971,40.824511],[-3.478563,40.821837],[-3.482688,40.818868],[-3.482792,40.818161],[-3.482055,40.816503],[-3.482161,40.815412],[-3.482733,40.814577],[-3.486246,40.812416],[-3.487289,40.81122],[-3.489764,40.809775],[-3.491114,40.808384],[-3.491513,40.80464],[-3.492251,40.802461],[-3.490719,40.801505],[-3.491748,40.798622],[-3.493078,40.797523],[-3.495053,40.796639],[-3.497411,40.798072],[-3.499486,40.798867],[-3.501196,40.798567],[-3.502204,40.797635],[-3.504073,40.797737],[-3.511983,40.800904],[-3.5129,40.80282],[-3.514333,40.80373],[-3.512799,40.805889],[-3.512748,40.808876],[-3.511425,40.813],[-3.510271,40.81344],[-3.508398,40.814915],[-3.505835,40.816104],[-3.505706,40.818559],[-3.508239,40.819857],[-3.510361,40.821855],[-3.511694,40.822701],[-3.51161,40.825067],[-3.513879,40.833568],[-3.511905,40.834569],[-3.513031,40.836206],[-3.511422,40.837077],[-3.512571,40.838359],[-3.512063,40.838828],[-3.514591,40.841023],[-3.521158,40.844578],[-3.524023,40.848396],[-3.528577,40.852541],[-3.534533,40.8608],[-3.536535,40.862448]]]}},{"type":"Feature","id":"municipio-154","properties":{"nombre":"Torres de la Alameda","tipo":"municipio","contexto":"Comunidad de Madrid"},"geometry":{"type":"Polygon","coordinates":[[[-3.426856,40.45318],[-3.425391,40.454071],[-3.423851,40.456188],[-3.420209,40.455114],[-3.419751,40.45461],[-3.414012,40.456294],[-3.408734,40.453458],[-3.408922,40.453064],[-3.40739,40.452486],[-3.406415,40.450754],[-3.406041,40.450564],[-3.404774,40.450695],[-3.40369,40.450009],[-3.402434,40.450824],[-3.401518,40.450949],[-3.397807,40.450332],[-3.397327,40.450689],[-3.397849,40.451519],[-3.39728,40.452164],[-3.39686,40.45107],[-3.395968,40.450897],[-3.395449,40.450459],[-3.394292,40.450512],[-3.391945,40.449628],[-3.390465,40.448232],[-3.390522,40.447479],[-3.389591,40.446972],[-3.3893,40.446348],[-3.388685,40.44639],[-3.384811,40.44396],[-3.375709,40.439201],[-3.369163,40.435324],[-3.36715,40.434495],[-3.363013,40.431599],[-3.357615,40.428782],[-3.351452,40.425107],[-3.348596,40.42384],[-3.344953,40.422934],[-3.339663,40.421047],[-3.336434,40.421602],[-3.332275,40.423121],[-3.331489,40.423642],[-3.332294,40.42269],[-3.332356,40.421864],[-3.331626,40.420951],[-3.330328,40.420105],[-3.328417,40.416765],[-3.327992,40.412515],[-3.32693,40.408525],[-3.326237,40.407636],[-3.324679,40.406668],[-3.322788,40.404345],[-3.317398,40.404098],[-3.312154,40.400608],[-3.315716,40.399026],[-3.320335,40.395749],[-3.322573,40.395162],[-3.32501,40.389702],[-3.323401,40.38822],[-3.321659,40.387474],[-3.319618,40.38405],[-3.326912,40.378907],[-3.332148,40.377708],[-3.333511,40.37785],[-3.337138,40.377139],[-3.341447,40.374796],[-3.347612,40.369584],[-3.350355,40.368243],[-3.35255,40.366513],[-3.353808,40.367864],[-3.355321,40.368032],[-3.360549,40.370942],[-3.362265,40.370463],[-3.363721,40.371546],[-3.365467,40.371648],[-3.368746,40.373189],[-3.371434,40.374902],[-3.374957,40.37862],[-3.376482,40.380972],[-3.378927,40.383467],[-3.380719,40.387103],[-3.38464,40.38993],[-3.389092,40.395445],[-3.392063,40.399746],[-3.400021,40.407601],[-3.401676,40.410807],[-3.402895,40.414547],[-3.405258,40.417162],[-3.407056,40.421317],[-3.408911,40.423291],[-3.411918,40.425794],[-3.410634,40.426672],[-3.41309,40.428847],[-3.414521,40.431373],[-3.413561,40.435454],[-3.412883,40.435848],[-3.414088,40.436945],[-3.417264,40.437241],[-3.421137,40.44045],[-3.422891,40.442424],[-3.420768,40.446226],[-3.419548,40.446021],[-3.418621,40.446935],[-3.418831,40.450376],[-3.419927,40.451925],[-3.421151,40.451966],[-3.423889,40.452778],[-3.42572,40.451702],[-3.426856,40.45318]]]}},{"type":"Feature","id":"municipio-903","properties":{"nombre":"Tres Cantos","tipo":"municipio","contexto":"Comunidad de Madrid"},"geometry":{"type":"Polygon","coordinates":[[[-3.811508,40.610553],[-3.808851,40.611985],[-3.807194,40.611475],[-3.806424,40.612408],[-3.802181,40.612741],[-3.79946,40.613503],[-3.794767,40.614071],[-3.794037,40.614993],[-3.79207,40.616221],[-3.791078,40.617949],[-3.789357,40.619292],[-3.787155,40.620064],[-3.785709,40.621059],[-3.784877,40.621274],[-3.784269,40.621043],[-3.782477,40.621743],[-3.783202,40.620783],[-3.78552,40.619577],[-3.784904,40.61876],[-3.783573,40.619148],[-3.782041,40.618673],[-3.781167,40.617306],[-3.77971,40.617906],[-3.775301,40.616755],[-3.773683,40.616749],[-3.772522,40.616115],[-3.772104,40.615456],[-3.772052,40.613646],[-3.770388,40.610643],[-3.768986,40.611304],[-3.768653,40.612524],[-3.76594,40.612835],[-3.765955,40.613142],[-3.757517,40.610212],[-3.756818,40.612247],[-3.752641,40.610752],[-3.750698,40.611081],[-3.745753,40.610192],[-3.743894,40.609645],[-3.743392,40.608987],[-3.742957,40.610435],[-3.741533,40.609875],[-3.741707,40.610338],[-3.740983,40.61076],[-3.738825,40.611277],[-3.739857,40.612682],[-3.739619,40.612864],[-3.739623,40.613644],[-3.740064,40.615809],[-3.738984,40.615904],[-3.738508,40.616541],[-3.738602,40.617309],[-3.739198,40.61865],[-3.741392,40.619533],[-3.741726,40.620344],[-3.741678,40.622608],[-3.740065,40.62309],[-3.739699,40.623707],[-3.740701,40.624915],[-3.740499,40.625887],[-3.741111,40.626865],[-3.741788,40.627329],[-3.742063,40.628253],[-3.740688,40.628682],[-3.73911,40.630244],[-3.736484,40.631118],[-3.733414,40.631009],[-3.732102,40.631252],[-3.730944,40.631007],[-3.730391,40.630563],[-3.729156,40.630528],[-3.729104,40.634571],[-3.728733,40.636078],[-3.727896,40.636281],[-3.72712,40.635651],[-3.726563,40.635863],[-3.725879,40.635386],[-3.725659,40.636381],[-3.724627,40.636385],[-3.724376,40.6372],[-3.722426,40.636617],[-3.722156,40.636998],[-3.722328,40.638027],[-3.720832,40.638176],[-3.721277,40.638744],[-3.721092,40.639101],[-3.72009,40.638592],[-3.720808,40.64033],[-3.720576,40.64189],[-3.720206,40.642059],[-3.719286,40.641616],[-3.717306,40.642278],[-3.718197,40.642519],[-3.717291,40.64378],[-3.718428,40.644209],[-3.717686,40.645384],[-3.712682,40.64362],[-3.71036,40.643386],[-3.708528,40.642815],[-3.707644,40.641874],[-3.705172,40.640137],[-3.704075,40.639792],[-3.702874,40.638861],[-3.700092,40.635893],[-3.694487,40.634715],[-3.692374,40.635167],[-3.690785,40.635085],[-3.69017,40.634328],[-3.688382,40.633182],[-3.687407,40.631866],[-3.686,40.631433],[-3.685521,40.630786],[-3.684613,40.630888],[-3.682853,40.631752],[-3.679162,40.632253],[-3.676846,40.633238],[-3.676299,40.634223],[-3.675164,40.633232],[-3.671357,40.631595],[-3.669587,40.630092],[-3.668016,40.629602],[-3.668432,40.628314],[-3.668521,40.625917],[-3.667063,40.622813],[-3.666552,40.620064],[-3.66684,40.619578],[-3.671213,40.617472],[-3.674656,40.61641],[-3.679224,40.611175],[-3.685083,40.608661],[-3.687417,40.606809],[-3.690575,40.601431],[-3.69201,40.597393],[-3.696332,40.589879],[-3.701959,40.586951],[-3.705385,40.584697],[-3.705397,40.58298],[-3.707632,40.58315],[-3.707885,40.583757],[-3.711494,40.58305],[-3.713,40.583294],[-3.714538,40.582657],[-3.717252,40.582898],[-3.71942,40.582125],[-3.720662,40.582219],[-3.729809,40.58509],[-3.733157,40.585266],[-3.737269,40.58607],[-3.738565,40.586943],[-3.739686,40.589301],[-3.740817,40.590646],[-3.74581,40.592204],[-3.749258,40.592711],[-3.750148,40.592439],[-3.752954,40.594766],[-3.753642,40.594759],[-3.757372,40.596062],[-3.758462,40.596092],[-3.759852,40.597009],[-3.764208,40.598323],[-3.765241,40.598398],[-3.768169,40.599661],[-3.774319,40.600547],[-3.778263,40.601732],[-3.778935,40.601744],[-3.779787,40.601169],[-3.781634,40.60081],[-3.782263,40.60146],[-3.783484,40.601768],[-3.785024,40.600479],[-3.786322,40.600384],[-3.789056,40.5991],[-3.789912,40.59899],[-3.796038,40.599902],[-3.79724,40.599702],[-3.799119,40.59849],[-3.801112,40.598888],[-3.803355,40.598882],[-3.803499,40.599052],[-3.800317,40.604834],[-3.80053,40.605901],[-3.804855,40.607187],[-3.806125,40.607916],[-3.806451,40.608641],[-3.806079,40.609257],[-3.806201,40.609511],[-3.808225,40.609168],[-3.809176,40.609313],[-3.809419,40.609874],[-3.809948,40.609439],[-3.810501,40.60943],[-3.811508,40.610553]]]}},{"type":"Feature","id":"municipio-155","properties":{"nombre":"Valdaracete","tipo":"municipio","contexto":"Comunidad de Madrid"},"geometry":{"type":"Polygon","coordinates":[[[-3.149128,40.1628],[-3.149764,40.161526],[-3.151703,40.161045],[-3.153527,40.159034],[-3.158661,40.155578],[-3.160299,40.155831],[-3.166295,40.155421],[-3.167057,40.155956],[-3.172562,40.155229],[-3.172739,40.155624],[-3.17582,40.157439],[-3.177335,40.158861],[-3.179905,40.159158],[-3.180397,40.157849],[-3.18313,40.156913],[-3.186338,40.157188],[-3.189759,40.156732],[-3.196814,40.157212],[-3.197705,40.156141],[-3.205039,40.156323],[-3.213478,40.159645],[-3.218442,40.163905],[-3.219799,40.169059],[-3.219831,40.171069],[-3.218701,40.174346],[-3.220365,40.18096],[-3.223618,40.184837],[-3.237531,40.18005],[-3.24631,40.182437],[-3.257247,40.189766],[-3.262055,40.194919],[-3.269414,40.200828],[-3.270691,40.208218],[-3.270434,40.214779],[-3.26298,40.212472],[-3.25451,40.213231],[-3.241656,40.213921],[-3.239737,40.212862],[-3.237724,40.21341],[-3.237064,40.213886],[-3.23365,40.219191],[-3.230928,40.218319],[-3.227699,40.219907],[-3.226395,40.221693],[-3.222022,40.224354],[-3.220242,40.226248],[-3.220421,40.227972],[-3.219967,40.229559],[-3.21736,40.233081],[-3.218253,40.236386],[-3.21705,40.237873],[-3.213613,40.23925],[-3.20473,40.243604],[-3.201193,40.24444],[-3.194449,40.248037],[-3.187907,40.245077],[-3.183162,40.243388],[-3.1816,40.242259],[-3.180339,40.240282],[-3.178401,40.236244],[-3.17724,40.236169],[-3.17482,40.235179],[-3.173397,40.23417],[-3.168671,40.2334],[-3.162488,40.231175],[-3.160716,40.229273],[-3.157417,40.227451],[-3.150904,40.222838],[-3.153416,40.222028],[-3.15494,40.220866],[-3.157702,40.219839],[-3.158378,40.21929],[-3.1596,40.217609],[-3.162633,40.211069],[-3.160906,40.20702],[-3.160163,40.203603],[-3.15887,40.20163],[-3.154687,40.200543],[-3.154357,40.199269],[-3.152584,40.197987],[-3.152144,40.19508],[-3.15354,40.193016],[-3.15449,40.192701],[-3.155317,40.191334],[-3.156937,40.186478],[-3.157529,40.185968],[-3.154015,40.182534],[-3.151355,40.17905],[-3.15124,40.177413],[-3.150783,40.176155],[-3.149569,40.174383],[-3.150909,40.171324],[-3.149128,40.1628]]]}},{"type":"Feature","id":"municipio-156","properties":{"nombre":"Valdeavero","tipo":"municipio","contexto":"Comunidad de Madrid"},"geometry":{"type":"Polygon","coordinates":[[[-3.383596,40.609939],[-3.3812,40.610721],[-3.380897,40.611959],[-3.376098,40.613807],[-3.374399,40.614784],[-3.37359,40.615973],[-3.375568,40.6168],[-3.377126,40.617825],[-3.3744,40.620587],[-3.375324,40.622039],[-3.371261,40.62543],[-3.371729,40.625769],[-3.372011,40.626556],[-3.369376,40.627944],[-3.368876,40.631666],[-3.368161,40.632526],[-3.365479,40.6314],[-3.363665,40.631602],[-3.364295,40.632827],[-3.363582,40.633962],[-3.364294,40.636016],[-3.363671,40.636927],[-3.363606,40.638421],[-3.365564,40.638129],[-3.370632,40.639087],[-3.372665,40.638927],[-3.374049,40.640249],[-3.374845,40.638486],[-3.372259,40.635612],[-3.374156,40.634488],[-3.375923,40.634692],[-3.376866,40.634229],[-3.377104,40.633541],[-3.378218,40.633498],[-3.380257,40.632854],[-3.380295,40.635493],[-3.379725,40.637906],[-3.37909,40.639227],[-3.37791,40.640372],[-3.374222,40.6416],[-3.37287,40.643113],[-3.372699,40.644333],[-3.373198,40.647699],[-3.37255,40.648413],[-3.371015,40.648476],[-3.369485,40.647697],[-3.368518,40.648833],[-3.36534,40.650805],[-3.366318,40.648031],[-3.362154,40.645831],[-3.355686,40.645354],[-3.354228,40.644172],[-3.348769,40.642956],[-3.345073,40.641688],[-3.346782,40.638069],[-3.338884,40.636309],[-3.338775,40.63767],[-3.337052,40.637745],[-3.337445,40.640981],[-3.336123,40.641007],[-3.33575,40.639901],[-3.332294,40.639461],[-3.329282,40.640846],[-3.327171,40.640587],[-3.325592,40.642567],[-3.323447,40.643049],[-3.322382,40.643814],[-3.323767,40.645043],[-3.322366,40.645837],[-3.321314,40.648112],[-3.319489,40.650121],[-3.316861,40.651984],[-3.316497,40.655178],[-3.315987,40.653467],[-3.313857,40.649743],[-3.317672,40.645822],[-3.320749,40.644146],[-3.322674,40.640633],[-3.323656,40.638381],[-3.324525,40.633804],[-3.323675,40.629686],[-3.331859,40.625917],[-3.338057,40.626114],[-3.338516,40.625849],[-3.33577,40.624661],[-3.335985,40.623401],[-3.332672,40.622728],[-3.328206,40.620214],[-3.32732,40.618383],[-3.326219,40.61832],[-3.325407,40.617829],[-3.324301,40.615693],[-3.322543,40.614131],[-3.321611,40.611969],[-3.321602,40.611725],[-3.32561,40.610935],[-3.325249,40.610057],[-3.331416,40.603944],[-3.329554,40.60262],[-3.330716,40.600921],[-3.332125,40.59997],[-3.334074,40.599458],[-3.334906,40.598325],[-3.338931,40.596608],[-3.339375,40.597247],[-3.340983,40.596767],[-3.343493,40.598444],[-3.343386,40.598788],[-3.344572,40.599504],[-3.349956,40.602087],[-3.350407,40.601299],[-3.353363,40.602177],[-3.353718,40.60188],[-3.355306,40.601981],[-3.357779,40.602835],[-3.358154,40.602345],[-3.363434,40.603509],[-3.367244,40.605006],[-3.372003,40.607897],[-3.372819,40.607972],[-3.375894,40.606066],[-3.37653,40.606544],[-3.379856,40.607189],[-3.382185,40.608166],[-3.383596,40.609939]]]}},{"type":"Feature","id":"municipio-157","properties":{"nombre":"Valdelaguna","tipo":"municipio","contexto":"Comunidad de Madrid"},"geometry":{"type":"Polygon","coordinates":[[[-3.423033,40.196935],[-3.42093,40.201093],[-3.419456,40.20127],[-3.416116,40.202914],[-3.412394,40.204061],[-3.408246,40.206646],[-3.404016,40.208146],[-3.398639,40.215007],[-3.39572,40.216938],[-3.394509,40.219016],[-3.390984,40.218592],[-3.387017,40.217141],[-3.384928,40.211964],[-3.383665,40.211371],[-3.382757,40.21035],[-3.377648,40.207257],[-3.376087,40.205803],[-3.374115,40.202658],[-3.371328,40.200732],[-3.369924,40.199294],[-3.368479,40.19909],[-3.366035,40.19926],[-3.360544,40.198534],[-3.350868,40.198161],[-3.345479,40.195208],[-3.342042,40.193686],[-3.339634,40.190157],[-3.337968,40.188585],[-3.337533,40.187595],[-3.336169,40.187387],[-3.331562,40.184378],[-3.327898,40.182481],[-3.323508,40.18085],[-3.321459,40.179362],[-3.320356,40.177984],[-3.323925,40.173719],[-3.325698,40.170981],[-3.329025,40.164468],[-3.333258,40.159702],[-3.335142,40.156525],[-3.339661,40.150746],[-3.341533,40.150935],[-3.342547,40.149388],[-3.346535,40.148579],[-3.348661,40.14769],[-3.3532,40.144196],[-3.35841,40.14182],[-3.360752,40.141625],[-3.366222,40.140243],[-3.369662,40.138195],[-3.376434,40.135244],[-3.377702,40.133647],[-3.38502,40.135338],[-3.385061,40.136743],[-3.386563,40.140504],[-3.390879,40.149321],[-3.392683,40.151261],[-3.394465,40.157527],[-3.395342,40.159672],[-3.39693,40.162778],[-3.398555,40.164608],[-3.399927,40.167575],[-3.400389,40.170363],[-3.402129,40.173102],[-3.4032,40.178812],[-3.40515,40.182737],[-3.4068,40.184181],[-3.408114,40.186086],[-3.411856,40.18694],[-3.414313,40.188667],[-3.417356,40.189959],[-3.419318,40.193858],[-3.423033,40.196935]]]}},{"type":"Feature","id":"municipio-158","properties":{"nombre":"Valdemanco","tipo":"municipio","contexto":"Comunidad de Madrid"},"geometry":{"type":"Polygon","coordinates":[[[-3.693987,40.880447],[-3.692919,40.880987],[-3.691508,40.880996],[-3.68099,40.885429],[-3.679186,40.887153],[-3.677674,40.888018],[-3.676781,40.88978],[-3.676496,40.891454],[-3.67533,40.892196],[-3.66909,40.890438],[-3.665372,40.889954],[-3.663396,40.889407],[-3.65625,40.884849],[-3.650437,40.87985],[-3.647873,40.876056],[-3.648003,40.874593],[-3.647635,40.870201],[-3.646482,40.868107],[-3.645321,40.866744],[-3.644113,40.859672],[-3.643074,40.856608],[-3.642808,40.85181],[-3.644874,40.848701],[-3.648592,40.846108],[-3.651289,40.84222],[-3.65006,40.838242],[-3.650186,40.836988],[-3.650924,40.835195],[-3.652809,40.834007],[-3.652957,40.83351],[-3.661116,40.832531],[-3.665611,40.8328],[-3.668383,40.833431],[-3.67113,40.833476],[-3.676406,40.838988],[-3.676571,40.842643],[-3.680327,40.848328],[-3.68082,40.851588],[-3.678681,40.857837],[-3.681169,40.858274],[-3.683354,40.86291],[-3.684002,40.865853],[-3.683349,40.867425],[-3.684504,40.869731],[-3.689868,40.873926],[-3.693987,40.880447]]]}},{"type":"Feature","id":"municipio-159","properties":{"nombre":"Valdemaqueda","tipo":"municipio","contexto":"Comunidad de Madrid"},"geometry":{"type":"Polygon","coordinates":[[[-4.340656,40.437453],[-4.340388,40.438077],[-4.338761,40.438279],[-4.338479,40.439587],[-4.338004,40.439926],[-4.336666,40.440132],[-4.334879,40.439725],[-4.333861,40.440793],[-4.331268,40.441092],[-4.331642,40.441627],[-4.33406,40.442428],[-4.335073,40.44356],[-4.334808,40.443992],[-4.333356,40.444478],[-4.331437,40.444356],[-4.330273,40.445012],[-4.330265,40.446621],[-4.332159,40.448342],[-4.33213,40.44885],[-4.331473,40.449002],[-4.329525,40.448301],[-4.326645,40.449381],[-4.322895,40.449345],[-4.321625,40.449909],[-4.32011,40.451333],[-4.319663,40.452093],[-4.319387,40.453814],[-4.319777,40.455229],[-4.320565,40.455861],[-4.321695,40.456185],[-4.323768,40.456381],[-4.324527,40.456044],[-4.325149,40.456176],[-4.326022,40.457343],[-4.325817,40.45913],[-4.325049,40.460351],[-4.324485,40.460596],[-4.322045,40.460131],[-4.320148,40.458363],[-4.318487,40.458427],[-4.317871,40.459081],[-4.318128,40.460275],[-4.320111,40.462379],[-4.319271,40.46304],[-4.315679,40.464766],[-4.31663,40.465574],[-4.318566,40.466213],[-4.318581,40.466585],[-4.317294,40.467994],[-4.317099,40.469091],[-4.317639,40.469444],[-4.320239,40.469725],[-4.319604,40.470956],[-4.320454,40.471186],[-4.321449,40.474562],[-4.322765,40.475354],[-4.323896,40.477534],[-4.323617,40.478375],[-4.324071,40.479344],[-4.323423,40.481366],[-4.32398,40.482072],[-4.324237,40.483303],[-4.324061,40.484036],[-4.324445,40.485901],[-4.324152,40.486958],[-4.324603,40.487987],[-4.32422,40.488918],[-4.324767,40.490049],[-4.324223,40.491559],[-4.325097,40.492341],[-4.324518,40.493044],[-4.324133,40.494227],[-4.324807,40.494906],[-4.324499,40.495908],[-4.324759,40.496625],[-4.324109,40.497432],[-4.324668,40.498773],[-4.322797,40.500841],[-4.322561,40.501608],[-4.324527,40.504381],[-4.324078,40.505732],[-4.324164,40.50649],[-4.325382,40.506922],[-4.326763,40.506797],[-4.327368,40.507174],[-4.326924,40.508028],[-4.327456,40.509025],[-4.327403,40.50953],[-4.326097,40.51033],[-4.325559,40.511829],[-4.323696,40.513128],[-4.323432,40.514469],[-4.322728,40.51518],[-4.322927,40.516347],[-4.321115,40.518025],[-4.320894,40.52],[-4.321442,40.523204],[-4.320773,40.526007],[-4.321188,40.52691],[-4.320128,40.52939],[-4.320127,40.530595],[-4.320572,40.532077],[-4.321237,40.532355],[-4.323125,40.532341],[-4.328204,40.533595],[-4.327737,40.535121],[-4.326201,40.537235],[-4.325165,40.538106],[-4.323997,40.54041],[-4.3241,40.54245],[-4.323599,40.545094],[-4.324306,40.548328],[-4.324048,40.54927],[-4.316854,40.553251],[-4.312637,40.554054],[-4.311609,40.555761],[-4.311253,40.556962],[-4.310159,40.557432],[-4.307239,40.558512],[-4.306171,40.558498],[-4.303959,40.559808],[-4.297542,40.562394],[-4.29198,40.562886],[-4.289262,40.564194],[-4.28804,40.56422],[-4.286006,40.565256],[-4.284208,40.564441],[-4.283695,40.563743],[-4.281278,40.563909],[-4.280541,40.562274],[-4.278544,40.562081],[-4.277213,40.562867],[-4.274173,40.563357],[-4.273911,40.563159],[-4.273589,40.561431],[-4.271154,40.561757],[-4.26983,40.561539],[-4.269474,40.561197],[-4.269555,40.560572],[-4.270904,40.559975],[-4.270617,40.559443],[-4.270967,40.559055],[-4.270748,40.557113],[-4.269665,40.555516],[-4.267911,40.554605],[-4.268074,40.553186],[-4.269128,40.551638],[-4.269001,40.550398],[-4.268412,40.550157],[-4.26695,40.550204],[-4.266234,40.548538],[-4.265723,40.548062],[-4.264438,40.548446],[-4.262435,40.548453],[-4.260062,40.548868],[-4.259596,40.547466],[-4.258763,40.546725],[-4.258114,40.546934],[-4.256931,40.547972],[-4.256247,40.547971],[-4.256912,40.547071],[-4.256918,40.54487],[-4.257375,40.54444],[-4.258834,40.544124],[-4.258991,40.542811],[-4.259938,40.541893],[-4.26113,40.541892],[-4.265318,40.542959],[-4.267726,40.543087],[-4.270381,40.542467],[-4.271431,40.541429],[-4.271242,40.540667],[-4.270471,40.540063],[-4.269491,40.539878],[-4.268373,40.540245],[-4.267863,40.540124],[-4.268313,40.538901],[-4.268202,40.538438],[-4.263982,40.53605],[-4.261641,40.53297],[-4.261544,40.53181],[-4.261893,40.530958],[-4.263364,40.530531],[-4.2643,40.529491],[-4.264536,40.527923],[-4.263943,40.526263],[-4.264509,40.524987],[-4.263607,40.523034],[-4.264435,40.521771],[-4.26601,40.520981],[-4.264252,40.518788],[-4.264409,40.517524],[-4.265002,40.51725],[-4.267207,40.518499],[-4.268792,40.518763],[-4.269258,40.518445],[-4.269259,40.517494],[-4.270374,40.516729],[-4.266213,40.51429],[-4.26447,40.51374],[-4.264256,40.513267],[-4.267666,40.510617],[-4.269036,40.509021],[-4.270953,40.509418],[-4.272046,40.507729],[-4.272908,40.507042],[-4.277049,40.50599],[-4.27741,40.504879],[-4.275109,40.503401],[-4.274538,40.502516],[-4.274726,40.502144],[-4.279555,40.503227],[-4.282107,40.503202],[-4.283612,40.502536],[-4.283567,40.502001],[-4.282015,40.500153],[-4.281998,40.499488],[-4.283793,40.498585],[-4.28444,40.497949],[-4.284446,40.497608],[-4.28408,40.497188],[-4.283456,40.497035],[-4.28136,40.497645],[-4.280772,40.497519],[-4.280593,40.497113],[-4.281257,40.496398],[-4.281399,40.495603],[-4.280897,40.494478],[-4.281321,40.494226],[-4.284791,40.494241],[-4.286374,40.493203],[-4.287657,40.492733],[-4.288049,40.492251],[-4.287578,40.490084],[-4.285383,40.489853],[-4.285164,40.489272],[-4.286389,40.487709],[-4.286889,40.487696],[-4.287422,40.488409],[-4.287943,40.488564],[-4.288036,40.485794],[-4.287575,40.483702],[-4.287366,40.480323],[-4.289298,40.473677],[-4.289023,40.472188],[-4.289889,40.469312],[-4.290145,40.466934],[-4.291609,40.462488],[-4.291789,40.460258],[-4.291013,40.453696],[-4.293845,40.445638],[-4.299079,40.442682],[-4.314616,40.439071],[-4.3179,40.438806],[-4.318807,40.439616],[-4.321908,40.437804],[-4.323286,40.436086],[-4.327141,40.434796],[-4.329307,40.434576],[-4.339159,40.431893],[-4.339843,40.432781],[-4.339307,40.434554],[-4.339382,40.435379],[-4.340656,40.437453]]]}},{"type":"Feature","id":"municipio-160","properties":{"nombre":"Valdemorillo","tipo":"municipio","contexto":"Comunidad de Madrid"},"geometry":{"type":"Polygon","coordinates":[[[-4.131574,40.528091],[-4.131072,40.529301],[-4.126093,40.534943],[-4.124504,40.536185],[-4.124341,40.537309],[-4.124859,40.538158],[-4.124636,40.538866],[-4.120192,40.540808],[-4.119574,40.541949],[-4.118692,40.542627],[-4.116206,40.543352],[-4.111369,40.544354],[-4.106985,40.543219],[-4.103215,40.547747],[-4.104776,40.548216],[-4.10245,40.552038],[-4.10085,40.553085],[-4.099067,40.55476],[-4.097917,40.556488],[-4.096183,40.556515],[-4.094462,40.557263],[-4.093962,40.55699],[-4.093161,40.557658],[-4.093167,40.557999],[-4.091673,40.558792],[-4.091457,40.558633],[-4.089163,40.559384],[-4.087926,40.55889],[-4.087266,40.559184],[-4.086986,40.559393],[-4.086758,40.561102],[-4.08615,40.561862],[-4.085177,40.56215],[-4.081661,40.564477],[-4.080835,40.564088],[-4.080103,40.56433],[-4.080309,40.56541],[-4.080744,40.565662],[-4.080672,40.566043],[-4.078849,40.567523],[-4.070239,40.568683],[-4.067268,40.569984],[-4.060361,40.572255],[-4.057564,40.571814],[-4.056454,40.571154],[-4.054991,40.571006],[-4.054578,40.569909],[-4.052208,40.570609],[-4.047298,40.570686],[-4.048973,40.555452],[-4.05009,40.55309],[-4.050343,40.551182],[-4.051085,40.54965],[-4.051211,40.547365],[-4.05176,40.545043],[-4.054337,40.539124],[-4.053817,40.538368],[-4.05341,40.536782],[-4.04968,40.535791],[-4.04608,40.535575],[-4.045109,40.536267],[-4.044311,40.536044],[-4.041271,40.536165],[-4.039705,40.5353],[-4.03855,40.53558],[-4.037796,40.534757],[-4.036815,40.534443],[-4.03693,40.533581],[-4.035688,40.53326],[-4.035854,40.530185],[-4.034069,40.529528],[-4.030966,40.529158],[-4.028216,40.527417],[-4.029018,40.526277],[-4.028992,40.525451],[-4.027705,40.524677],[-4.026167,40.522947],[-4.026768,40.51904],[-4.026626,40.518319],[-4.024173,40.517648],[-4.023395,40.516818],[-4.022618,40.514252],[-4.021434,40.513267],[-4.021561,40.511979],[-4.021298,40.51068],[-4.021723,40.510219],[-4.021721,40.509729],[-4.019981,40.507124],[-4.018526,40.505717],[-4.017634,40.504008],[-4.017374,40.501179],[-4.018642,40.499649],[-4.01843,40.499189],[-4.017658,40.498807],[-4.018328,40.497526],[-4.019306,40.497091],[-4.019141,40.495885],[-4.018099,40.495351],[-4.016874,40.495632],[-4.016264,40.4955],[-4.015353,40.493799],[-4.013012,40.492227],[-4.013047,40.49134],[-4.010858,40.490783],[-4.008765,40.491521],[-4.00765,40.490694],[-4.005669,40.490313],[-4.005445,40.489317],[-4.006135,40.488807],[-4.006499,40.487329],[-4.00494,40.486598],[-4.003537,40.486868],[-4.000302,40.485346],[-4.000331,40.482692],[-3.999551,40.481441],[-3.999302,40.480468],[-3.998963,40.480282],[-3.998001,40.480475],[-3.99755,40.480223],[-3.997202,40.479498],[-3.997293,40.479006],[-3.995122,40.477981],[-3.993583,40.475495],[-3.99209,40.474688],[-3.99328,40.472651],[-3.997165,40.472461],[-3.997239,40.472098],[-4.000737,40.47276],[-4.001622,40.472577],[-4.00282,40.47283],[-4.006844,40.471929],[-4.008972,40.470952],[-4.009336,40.470936],[-4.010008,40.471694],[-4.014783,40.470775],[-4.021333,40.46702],[-4.024165,40.463271],[-4.025552,40.462415],[-4.026627,40.462529],[-4.027434,40.461314],[-4.027818,40.459676],[-4.028984,40.458992],[-4.030062,40.459303],[-4.032427,40.458756],[-4.03393,40.458013],[-4.035451,40.459483],[-4.036331,40.458939],[-4.037122,40.459309],[-4.039788,40.459109],[-4.040835,40.458141],[-4.041642,40.456479],[-4.043311,40.456111],[-4.043406,40.452655],[-4.041732,40.448702],[-4.048802,40.445958],[-4.051005,40.445929],[-4.054576,40.447222],[-4.0667,40.44617],[-4.069352,40.445676],[-4.070886,40.444282],[-4.071839,40.444369],[-4.073378,40.443904],[-4.073894,40.443658],[-4.073965,40.443232],[-4.074543,40.443147],[-4.075785,40.442187],[-4.076926,40.442109],[-4.076599,40.44178],[-4.077174,40.441419],[-4.078032,40.441599],[-4.078485,40.441168],[-4.081011,40.44401],[-4.087966,40.446243],[-4.091103,40.448708],[-4.092501,40.450772],[-4.094153,40.455041],[-4.093942,40.456777],[-4.094815,40.457294],[-4.096117,40.458957],[-4.095889,40.462884],[-4.095289,40.464039],[-4.09446,40.464846],[-4.095831,40.466205],[-4.095613,40.467044],[-4.09722,40.466216],[-4.101413,40.469117],[-4.105318,40.471295],[-4.105599,40.472555],[-4.106132,40.473243],[-4.10559,40.475901],[-4.105011,40.476898],[-4.103994,40.477361],[-4.103864,40.477728],[-4.106585,40.479064],[-4.108062,40.479462],[-4.10814,40.480841],[-4.108446,40.481171],[-4.109206,40.481296],[-4.110989,40.480835],[-4.111278,40.481029],[-4.108709,40.486406],[-4.112169,40.48754],[-4.114522,40.487879],[-4.115342,40.488698],[-4.113981,40.490411],[-4.114467,40.491009],[-4.115021,40.491037],[-4.117508,40.490102],[-4.118266,40.490338],[-4.117779,40.491286],[-4.117793,40.491857],[-4.119669,40.493055],[-4.119795,40.493437],[-4.119466,40.494802],[-4.118632,40.495328],[-4.11829,40.498606],[-4.120408,40.499745],[-4.120196,40.500832],[-4.121315,40.501724],[-4.122356,40.502027],[-4.12332,40.503465],[-4.125568,40.50504],[-4.12483,40.506248],[-4.123329,40.507385],[-4.121919,40.507964],[-4.122443,40.508943],[-4.122272,40.509763],[-4.122805,40.51014],[-4.122477,40.511134],[-4.123224,40.511721],[-4.123795,40.513786],[-4.12494,40.515095],[-4.12533,40.518017],[-4.126536,40.519608],[-4.126882,40.521315],[-4.130462,40.525237],[-4.131574,40.528091]]]}},{"type":"Feature","id":"municipio-161","properties":{"nombre":"Valdemoro","tipo":"municipio","contexto":"Comunidad de Madrid"},"geometry":{"type":"Polygon","coordinates":[[[-3.71811,40.146356],[-3.713818,40.146522],[-3.713517,40.147609],[-3.712748,40.148044],[-3.711104,40.150308],[-3.708907,40.152337],[-3.706762,40.153694],[-3.702885,40.157017],[-3.700797,40.1593],[-3.699409,40.160175],[-3.699892,40.16173],[-3.699667,40.165385],[-3.7012,40.166972],[-3.704423,40.171345],[-3.708116,40.177076],[-3.708949,40.179],[-3.703639,40.187806],[-3.702462,40.191881],[-3.702249,40.193767],[-3.70249,40.193865],[-3.698107,40.20264],[-3.694894,40.206855],[-3.692217,40.21121],[-3.683485,40.215267],[-3.682079,40.216413],[-3.681658,40.21616],[-3.676411,40.219838],[-3.673582,40.2195],[-3.667949,40.219933],[-3.663364,40.220882],[-3.662924,40.221434],[-3.662317,40.221118],[-3.657299,40.222851],[-3.650099,40.225926],[-3.64364,40.229663],[-3.643518,40.229001],[-3.642875,40.22835],[-3.634659,40.223716],[-3.630707,40.223125],[-3.628102,40.221478],[-3.626587,40.221249],[-3.624627,40.220192],[-3.622168,40.218402],[-3.620856,40.216867],[-3.617516,40.211679],[-3.616756,40.211735],[-3.615371,40.21097],[-3.6148,40.210543],[-3.614404,40.209682],[-3.613137,40.208628],[-3.607024,40.205926],[-3.606474,40.204968],[-3.605059,40.203913],[-3.600928,40.203297],[-3.59813,40.202424],[-3.595372,40.202644],[-3.595167,40.201987],[-3.594249,40.201941],[-3.591564,40.196366],[-3.592133,40.194963],[-3.59237,40.193352],[-3.593248,40.191703],[-3.593574,40.189745],[-3.594069,40.189151],[-3.594254,40.187815],[-3.594847,40.186936],[-3.594835,40.185279],[-3.595857,40.183794],[-3.596095,40.18247],[-3.59706,40.180258],[-3.597197,40.179104],[-3.59797,40.17796],[-3.598248,40.176616],[-3.599831,40.17352],[-3.600207,40.17201],[-3.60154,40.169955],[-3.601494,40.166319],[-3.602143,40.163441],[-3.602882,40.161619],[-3.605012,40.160357],[-3.608198,40.159944],[-3.608911,40.161341],[-3.610361,40.162501],[-3.610853,40.162673],[-3.611419,40.162322],[-3.612135,40.163678],[-3.613586,40.16534],[-3.61654,40.168126],[-3.618049,40.169162],[-3.622818,40.171661],[-3.62604,40.173791],[-3.626611,40.173677],[-3.628771,40.17536],[-3.630622,40.176092],[-3.630987,40.175847],[-3.635425,40.177294],[-3.636551,40.178207],[-3.640165,40.176874],[-3.642507,40.17703],[-3.646535,40.175893],[-3.646514,40.17467],[-3.644272,40.173333],[-3.639709,40.169797],[-3.635443,40.17008],[-3.636704,40.166818],[-3.637757,40.16526],[-3.642052,40.16338],[-3.643562,40.162415],[-3.643383,40.161711],[-3.64598,40.160723],[-3.646074,40.160127],[-3.651814,40.156985],[-3.653168,40.155779],[-3.653963,40.154385],[-3.65481,40.151105],[-3.655338,40.150081],[-3.657912,40.146054],[-3.659758,40.144007],[-3.661367,40.143533],[-3.666435,40.143646],[-3.670481,40.141792],[-3.677893,40.139163],[-3.678268,40.138849],[-3.679024,40.136655],[-3.681498,40.135346],[-3.683723,40.13227],[-3.686926,40.132988],[-3.688328,40.132699],[-3.691504,40.132757],[-3.694951,40.133781],[-3.699976,40.136049],[-3.704553,40.137444],[-3.70589,40.138892],[-3.709087,40.140658],[-3.712914,40.141697],[-3.712147,40.142669],[-3.71811,40.146356]]]}},{"type":"Feature","id":"municipio-162","properties":{"nombre":"Valdeolmos-Alalpardo","tipo":"municipio","contexto":"Comunidad de Madrid"},"geometry":{"type":"Polygon","coordinates":[[[-3.49142,40.628345],[-3.491194,40.629117],[-3.489998,40.629767],[-3.490082,40.630429],[-3.489459,40.63228],[-3.490022,40.633141],[-3.489867,40.633369],[-3.490597,40.635153],[-3.491349,40.635337],[-3.490833,40.637088],[-3.490448,40.637092],[-3.48957,40.639168],[-3.488926,40.639244],[-3.489169,40.639879],[-3.488446,40.640378],[-3.489442,40.644],[-3.489189,40.644944],[-3.488667,40.644958],[-3.48887,40.646461],[-3.489241,40.646936],[-3.487906,40.65204],[-3.487315,40.652736],[-3.487981,40.652833],[-3.487887,40.657769],[-3.486973,40.658736],[-3.486489,40.66003],[-3.486738,40.660371],[-3.485077,40.660423],[-3.48282,40.661512],[-3.482538,40.664135],[-3.48118,40.664279],[-3.482793,40.667953],[-3.483409,40.670175],[-3.48268,40.670407],[-3.481203,40.665893],[-3.480186,40.665292],[-3.476631,40.664838],[-3.472698,40.665849],[-3.469851,40.665867],[-3.467509,40.66652],[-3.466874,40.666285],[-3.465718,40.666484],[-3.465376,40.666299],[-3.464746,40.662765],[-3.452806,40.660902],[-3.453483,40.660131],[-3.450587,40.657524],[-3.447526,40.655833],[-3.44873,40.653265],[-3.446448,40.653114],[-3.444973,40.653792],[-3.440657,40.652266],[-3.438945,40.651128],[-3.439927,40.649989],[-3.43833,40.649775],[-3.437303,40.648786],[-3.436221,40.651573],[-3.433722,40.650966],[-3.43321,40.650021],[-3.434237,40.646905],[-3.434305,40.646158],[-3.434012,40.645932],[-3.432193,40.646718],[-3.431652,40.646289],[-3.425016,40.646682],[-3.420273,40.645845],[-3.421373,40.644276],[-3.42158,40.643219],[-3.422129,40.642327],[-3.422244,40.64062],[-3.423545,40.639372],[-3.425044,40.639165],[-3.426041,40.6368],[-3.427347,40.635764],[-3.42746,40.635085],[-3.427847,40.634821],[-3.427489,40.633478],[-3.430878,40.630148],[-3.43252,40.627954],[-3.434529,40.626665],[-3.436879,40.627143],[-3.43783,40.626609],[-3.438487,40.625895],[-3.439164,40.623211],[-3.438084,40.622813],[-3.441644,40.621041],[-3.442862,40.620048],[-3.441473,40.619111],[-3.441203,40.618625],[-3.442077,40.618365],[-3.44213,40.617532],[-3.445339,40.616537],[-3.452388,40.608564],[-3.453902,40.60727],[-3.455832,40.606237],[-3.46199,40.606666],[-3.463367,40.607668],[-3.467532,40.606511],[-3.467704,40.606741],[-3.468568,40.606738],[-3.469647,40.606052],[-3.470617,40.605983],[-3.471352,40.604811],[-3.471906,40.60496],[-3.472874,40.605973],[-3.474608,40.605484],[-3.475831,40.604737],[-3.476217,40.605797],[-3.475905,40.607841],[-3.476175,40.609071],[-3.478553,40.612405],[-3.4793,40.612963],[-3.479532,40.614032],[-3.48134,40.614344],[-3.481784,40.61388],[-3.482166,40.615452],[-3.482962,40.615531],[-3.482743,40.616418],[-3.485547,40.616592],[-3.487906,40.620367],[-3.486389,40.621497],[-3.486872,40.622092],[-3.485765,40.622569],[-3.485292,40.623219],[-3.486041,40.624585],[-3.485842,40.625951],[-3.488584,40.625189],[-3.490662,40.62506],[-3.491116,40.626286],[-3.490719,40.626395],[-3.49142,40.628345]]]}},{"type":"Feature","id":"municipio-163","properties":{"nombre":"Valdepiélagos","tipo":"municipio","contexto":"Comunidad de Madrid"},"geometry":{"type":"MultiPolygon","coordinates":[[[[-3.438578,40.735027],[-3.439933,40.732595],[-3.443614,40.724221],[-3.445484,40.722646],[-3.446098,40.722876],[-3.446895,40.725651],[-3.448436,40.729352],[-3.448971,40.730004],[-3.449275,40.732544],[-3.446226,40.734247],[-3.444413,40.736025],[-3.441882,40.737728],[-3.439978,40.736495],[-3.438578,40.735027]]],[[[-3.443773,40.754698],[-3.444769,40.752029],[-3.444967,40.750312],[-3.444742,40.747987],[-3.446218,40.745114],[-3.44613,40.744564],[-3.446967,40.741357],[-3.448286,40.741891],[-3.45012,40.7411],[-3.450665,40.738925],[-3.45127,40.738126],[-3.453241,40.742943],[-3.45364,40.74336],[-3.455716,40.744515],[-3.458549,40.744825],[-3.462455,40.74372],[-3.463567,40.744026],[-3.464188,40.747379],[-3.466709,40.746771],[-3.466056,40.745751],[-3.466313,40.745321],[-3.469353,40.744419],[-3.471217,40.744684],[-3.474953,40.744662],[-3.4745,40.745386],[-3.474631,40.746096],[-3.476959,40.746137],[-3.48051,40.746946],[-3.481482,40.747805],[-3.481407,40.748734],[-3.482313,40.750433],[-3.485649,40.752987],[-3.486033,40.753815],[-3.484604,40.75421],[-3.485948,40.75606],[-3.488141,40.757346],[-3.487611,40.759422],[-3.486053,40.759839],[-3.485135,40.760422],[-3.485553,40.761142],[-3.484819,40.763277],[-3.486466,40.763169],[-3.486895,40.764868],[-3.489486,40.765171],[-3.488347,40.767514],[-3.491125,40.767775],[-3.494789,40.764894],[-3.496307,40.765188],[-3.496415,40.764538],[-3.49885,40.764738],[-3.501714,40.767635],[-3.501579,40.768284],[-3.503858,40.77124],[-3.504231,40.772551],[-3.503809,40.774519],[-3.504085,40.775605],[-3.506824,40.776805],[-3.506778,40.779392],[-3.501264,40.779988],[-3.501093,40.782679],[-3.499027,40.785254],[-3.501077,40.785687],[-3.499126,40.78813],[-3.497778,40.788886],[-3.497634,40.788243],[-3.497038,40.788385],[-3.494708,40.787457],[-3.487771,40.785812],[-3.48614,40.78493],[-3.482652,40.785226],[-3.475383,40.784462],[-3.474233,40.784935],[-3.471879,40.785021],[-3.471485,40.78477],[-3.468725,40.78451],[-3.460262,40.781269],[-3.459069,40.781223],[-3.457741,40.778379],[-3.450111,40.77185],[-3.44725,40.766946],[-3.446968,40.76643],[-3.447526,40.764407],[-3.447904,40.764082],[-3.444994,40.762278],[-3.444343,40.76158],[-3.443939,40.760251],[-3.444101,40.758307],[-3.444449,40.757528],[-3.443773,40.754698]]]]}},{"type":"Feature","id":"municipio-164","properties":{"nombre":"Valdetorres de Jarama","tipo":"municipio","contexto":"Comunidad de Madrid"},"geometry":{"type":"Polygon","coordinates":[[[-3.556827,40.661347],[-3.55621,40.662911],[-3.554771,40.664158],[-3.554232,40.665036],[-3.554289,40.665835],[-3.55564,40.6678],[-3.554929,40.671349],[-3.553948,40.67393],[-3.554211,40.677032],[-3.553456,40.678368],[-3.553362,40.679095],[-3.553778,40.681696],[-3.555472,40.682625],[-3.555683,40.683255],[-3.554481,40.684751],[-3.553867,40.686642],[-3.552514,40.688889],[-3.552838,40.689455],[-3.551922,40.690261],[-3.550435,40.690511],[-3.549743,40.691036],[-3.546534,40.691404],[-3.54473,40.690772],[-3.543993,40.691857],[-3.543665,40.695263],[-3.544264,40.69754],[-3.542814,40.699264],[-3.539648,40.700774],[-3.536539,40.703891],[-3.533939,40.705159],[-3.534174,40.707824],[-3.533848,40.708789],[-3.531794,40.711189],[-3.530789,40.711728],[-3.528645,40.713681],[-3.528355,40.71477],[-3.528437,40.715883],[-3.525964,40.721349],[-3.526139,40.722985],[-3.527078,40.724205],[-3.526816,40.725574],[-3.526076,40.726656],[-3.525297,40.728967],[-3.525873,40.732534],[-3.521334,40.728233],[-3.519874,40.726565],[-3.518531,40.724257],[-3.514454,40.723574],[-3.503993,40.719332],[-3.499694,40.716721],[-3.497348,40.71403],[-3.490921,40.712549],[-3.487451,40.710795],[-3.483805,40.710097],[-3.480239,40.710255],[-3.478418,40.70962],[-3.477871,40.70897],[-3.476048,40.707888],[-3.470032,40.706776],[-3.470673,40.704561],[-3.472515,40.703852],[-3.473602,40.697175],[-3.4752,40.693783],[-3.474561,40.692538],[-3.469873,40.692303],[-3.470067,40.690904],[-3.46855,40.689936],[-3.466959,40.68749],[-3.464459,40.686881],[-3.46366,40.687149],[-3.462438,40.684877],[-3.460229,40.682122],[-3.462243,40.681641],[-3.463139,40.680481],[-3.465994,40.679183],[-3.465053,40.675605],[-3.464994,40.674166],[-3.466309,40.67128],[-3.468253,40.669197],[-3.469776,40.669349],[-3.473976,40.668876],[-3.478898,40.66983],[-3.478856,40.670834],[-3.483409,40.670175],[-3.482793,40.667953],[-3.484736,40.668068],[-3.486544,40.669046],[-3.491162,40.669067],[-3.49098,40.670505],[-3.492282,40.670293],[-3.496929,40.670956],[-3.502735,40.671069],[-3.508489,40.670754],[-3.516774,40.671776],[-3.525234,40.670375],[-3.52725,40.667926],[-3.532354,40.666083],[-3.53264,40.664219],[-3.540284,40.661178],[-3.542663,40.660814],[-3.546292,40.663034],[-3.546337,40.661772],[-3.548353,40.660392],[-3.556744,40.660951],[-3.556827,40.661347]]]}},{"type":"Feature","id":"municipio-165","properties":{"nombre":"Valdilecha","tipo":"municipio","contexto":"Comunidad de Madrid"},"geometry":{"type":"Polygon","coordinates":[[[-3.348381,40.273796],[-3.347587,40.276008],[-3.344541,40.281624],[-3.340933,40.289905],[-3.340046,40.296179],[-3.339108,40.300285],[-3.333721,40.315632],[-3.31286,40.328616],[-3.304706,40.329717],[-3.301336,40.329698],[-3.297593,40.330091],[-3.29063,40.331608],[-3.288196,40.332714],[-3.286538,40.331797],[-3.284917,40.331536],[-3.279154,40.327583],[-3.275707,40.32439],[-3.268226,40.318451],[-3.260323,40.310659],[-3.252134,40.303479],[-3.253119,40.30198],[-3.255888,40.300946],[-3.268261,40.294164],[-3.277508,40.280206],[-3.279061,40.278237],[-3.279514,40.276402],[-3.281587,40.271066],[-3.281867,40.268626],[-3.281676,40.266369],[-3.282645,40.264526],[-3.284897,40.262311],[-3.29714,40.260467],[-3.306301,40.260287],[-3.307936,40.261035],[-3.313822,40.260449],[-3.320952,40.260313],[-3.333912,40.264221],[-3.348381,40.273796]]]}},{"type":"Feature","id":"municipio-166","properties":{"nombre":"Valverde de Alcalá","tipo":"municipio","contexto":"Comunidad de Madrid"},"geometry":{"type":"Polygon","coordinates":[[[-3.273743,40.38052],[-3.286923,40.382435],[-3.291488,40.383957],[-3.300219,40.385809],[-3.305392,40.38593],[-3.307226,40.387526],[-3.308936,40.389902],[-3.31121,40.394029],[-3.30979,40.398547],[-3.312154,40.400608],[-3.316743,40.403806],[-3.317868,40.404188],[-3.322788,40.404345],[-3.324679,40.406668],[-3.326237,40.407636],[-3.32693,40.408525],[-3.327992,40.412515],[-3.328417,40.416765],[-3.330259,40.420015],[-3.33188,40.421189],[-3.332405,40.422249],[-3.331977,40.423172],[-3.329273,40.425953],[-3.327935,40.423729],[-3.32347,40.422673],[-3.321471,40.422706],[-3.319229,40.422177],[-3.314669,40.422918],[-3.30444,40.423805],[-3.300138,40.42465],[-3.297825,40.424788],[-3.294062,40.424142],[-3.293277,40.423124],[-3.292,40.422348],[-3.292104,40.420993],[-3.291736,40.419786],[-3.28789,40.418145],[-3.288083,40.415336],[-3.28489,40.410562],[-3.28331,40.409705],[-3.281279,40.407468],[-3.279805,40.405067],[-3.279927,40.40159],[-3.279199,40.396163],[-3.278568,40.394413],[-3.278736,40.393568],[-3.277831,40.388556],[-3.276226,40.384476],[-3.273743,40.38052]]]}},{"type":"Feature","id":"municipio-167","properties":{"nombre":"Velilla de San Antonio","tipo":"municipio","contexto":"Comunidad de Madrid"},"geometry":{"type":"Polygon","coordinates":[[[-3.451261,40.355111],[-3.452933,40.352822],[-3.453475,40.343264],[-3.46096,40.341865],[-3.471601,40.338112],[-3.474758,40.343198],[-3.477427,40.349966],[-3.478932,40.350453],[-3.482713,40.349825],[-3.483734,40.3502],[-3.484308,40.350735],[-3.484531,40.352056],[-3.484382,40.353947],[-3.483222,40.359448],[-3.483465,40.360423],[-3.484307,40.361369],[-3.485391,40.361661],[-3.490523,40.361524],[-3.494113,40.363339],[-3.49666,40.363615],[-3.498297,40.362945],[-3.499922,40.360318],[-3.501296,40.359023],[-3.50265,40.358343],[-3.504502,40.358252],[-3.50598,40.359089],[-3.50689,40.36024],[-3.508618,40.364576],[-3.511314,40.36894],[-3.512024,40.370754],[-3.510622,40.372584],[-3.506698,40.372449],[-3.505262,40.373047],[-3.504559,40.373571],[-3.502375,40.376443],[-3.500241,40.377138],[-3.500293,40.377966],[-3.491792,40.378337],[-3.489017,40.378075],[-3.478163,40.380658],[-3.474245,40.382025],[-3.469617,40.384735],[-3.466415,40.38709],[-3.465901,40.38658],[-3.465052,40.386934],[-3.465822,40.388492],[-3.463163,40.387028],[-3.462301,40.385034],[-3.464214,40.383362],[-3.461415,40.381141],[-3.459648,40.380225],[-3.45925,40.378948],[-3.459088,40.375297],[-3.458489,40.372977],[-3.455843,40.366559],[-3.454755,40.361752],[-3.452881,40.359839],[-3.451505,40.35783],[-3.451261,40.355111]]]}},{"type":"Feature","id":"municipio-169","properties":{"nombre":"Venturada","tipo":"municipio","contexto":"Comunidad de Madrid"},"geometry":{"type":"Polygon","coordinates":[[[-3.650973,40.801084],[-3.649809,40.802292],[-3.644155,40.805103],[-3.640053,40.808024],[-3.639013,40.810391],[-3.639423,40.811003],[-3.636592,40.812533],[-3.635161,40.810631],[-3.632858,40.809797],[-3.630296,40.809142],[-3.624484,40.808357],[-3.618059,40.808903],[-3.616094,40.809507],[-3.615325,40.810097],[-3.613079,40.809713],[-3.611865,40.808984],[-3.610184,40.808679],[-3.606491,40.807069],[-3.603162,40.803098],[-3.600291,40.802002],[-3.596728,40.802112],[-3.594512,40.801633],[-3.593773,40.801074],[-3.593884,40.800077],[-3.593487,40.797198],[-3.594488,40.793642],[-3.595865,40.790992],[-3.597854,40.791067],[-3.599548,40.790645],[-3.601896,40.78912],[-3.610229,40.785892],[-3.613949,40.785396],[-3.618535,40.785455],[-3.625895,40.781975],[-3.626371,40.782284],[-3.632139,40.783117],[-3.634067,40.786117],[-3.638555,40.788448],[-3.644609,40.792692],[-3.64678,40.794698],[-3.649277,40.797945],[-3.650973,40.801084]]]}},{"type":"Feature","id":"municipio-171","properties":{"nombre":"Villa del Prado","tipo":"municipio","contexto":"Comunidad de Madrid"},"geometry":{"type":"Polygon","coordinates":[[[-4.23148,40.276667],[-4.233051,40.274607],[-4.234642,40.273999],[-4.246165,40.274213],[-4.248517,40.273216],[-4.250224,40.271934],[-4.251382,40.269761],[-4.251641,40.267498],[-4.252308,40.265331],[-4.253702,40.262889],[-4.257818,40.259945],[-4.259436,40.258605],[-4.260313,40.25745],[-4.261298,40.25511],[-4.261372,40.249775],[-4.261984,40.247571],[-4.263349,40.24587],[-4.26735,40.242704],[-4.269123,40.237068],[-4.269771,40.235874],[-4.271779,40.234151],[-4.275538,40.231614],[-4.277819,40.23113],[-4.281887,40.229313],[-4.284962,40.228666],[-4.286666,40.227925],[-4.287459,40.227129],[-4.291233,40.221449],[-4.295189,40.218881],[-4.297833,40.219964],[-4.306597,40.222034],[-4.306716,40.223207],[-4.307959,40.225177],[-4.309689,40.226407],[-4.309645,40.227895],[-4.306454,40.230431],[-4.305825,40.232147],[-4.306134,40.232757],[-4.307989,40.233882],[-4.309032,40.233836],[-4.311179,40.234523],[-4.319044,40.228357],[-4.320392,40.227609],[-4.32152,40.226301],[-4.323146,40.227124],[-4.323972,40.229001],[-4.326482,40.231928],[-4.326523,40.233604],[-4.333844,40.238421],[-4.335735,40.239108],[-4.33745,40.238851],[-4.338662,40.239789],[-4.341732,40.240453],[-4.344326,40.238403],[-4.346414,40.237324],[-4.348488,40.236747],[-4.348182,40.237976],[-4.347967,40.243888],[-4.346048,40.250381],[-4.346052,40.251429],[-4.345269,40.252881],[-4.345375,40.253794],[-4.345803,40.254402],[-4.347854,40.255736],[-4.349153,40.25988],[-4.350436,40.262253],[-4.355201,40.268847],[-4.356926,40.27034],[-4.357144,40.272321],[-4.358107,40.274046],[-4.35842,40.276662],[-4.357888,40.282635],[-4.356802,40.284607],[-4.357798,40.285864],[-4.357719,40.286418],[-4.357135,40.287124],[-4.357212,40.287879],[-4.358012,40.288476],[-4.358306,40.289154],[-4.357794,40.289772],[-4.358401,40.290931],[-4.358379,40.293583],[-4.35701,40.300802],[-4.357013,40.305939],[-4.356386,40.308621],[-4.353275,40.310649],[-4.348895,40.312032],[-4.347241,40.312271],[-4.348246,40.314281],[-4.346195,40.315826],[-4.343952,40.31702],[-4.342322,40.317531],[-4.340289,40.319958],[-4.333865,40.321655],[-4.33167,40.321972],[-4.329005,40.324271],[-4.323667,40.325566],[-4.321086,40.325232],[-4.318084,40.32579],[-4.314874,40.325345],[-4.313326,40.325836],[-4.311678,40.325024],[-4.309754,40.325514],[-4.307263,40.324645],[-4.305694,40.324528],[-4.30137,40.323017],[-4.296837,40.322337],[-4.295026,40.322625],[-4.294043,40.319985],[-4.282092,40.313208],[-4.281083,40.312326],[-4.280136,40.307679],[-4.278521,40.30663],[-4.27634,40.302638],[-4.271398,40.298599],[-4.266414,40.296058],[-4.265132,40.294826],[-4.259756,40.29116],[-4.255408,40.287271],[-4.251239,40.285171],[-4.246749,40.283323],[-4.243212,40.281078],[-4.241051,40.280097],[-4.23148,40.276667]]]}},{"type":"Feature","id":"municipio-170","properties":{"nombre":"Villaconejos","tipo":"municipio","contexto":"Comunidad de Madrid"},"geometry":{"type":"Polygon","coordinates":[[[-3.549387,40.101947],[-3.548537,40.103557],[-3.546322,40.106464],[-3.545418,40.108279],[-3.543805,40.110391],[-3.541669,40.111671],[-3.541338,40.113108],[-3.538968,40.114692],[-3.536684,40.117401],[-3.534609,40.120631],[-3.530598,40.124367],[-3.527231,40.129144],[-3.525945,40.13143],[-3.524792,40.132491],[-3.522687,40.133204],[-3.522301,40.13467],[-3.522365,40.136413],[-3.515386,40.137281],[-3.509014,40.139079],[-3.502597,40.139079],[-3.495621,40.139523],[-3.493916,40.139357],[-3.490791,40.139982],[-3.489264,40.138925],[-3.48784,40.138425],[-3.485422,40.137871],[-3.483574,40.137822],[-3.482974,40.136383],[-3.479336,40.135804],[-3.474244,40.13395],[-3.472109,40.133625],[-3.467546,40.131803],[-3.464911,40.129818],[-3.463589,40.12843],[-3.462756,40.125516],[-3.461902,40.123735],[-3.453913,40.122341],[-3.451895,40.121432],[-3.451032,40.118244],[-3.452583,40.117997],[-3.453478,40.118538],[-3.45481,40.118165],[-3.455693,40.116639],[-3.455508,40.115557],[-3.455699,40.115089],[-3.457927,40.113682],[-3.459131,40.110896],[-3.460936,40.103318],[-3.46314,40.099598],[-3.470286,40.09463],[-3.477141,40.090711],[-3.479987,40.088691],[-3.487963,40.085998],[-3.491497,40.08594],[-3.497678,40.08647],[-3.502874,40.084864],[-3.50425,40.085906],[-3.512523,40.089469],[-3.517624,40.090949],[-3.532629,40.096133],[-3.54452,40.099341],[-3.549387,40.101947]]]}},{"type":"Feature","id":"municipio-172","properties":{"nombre":"Villalbilla","tipo":"municipio","contexto":"Comunidad de Madrid"},"geometry":{"type":"Polygon","coordinates":[[[-3.267214,40.440688],[-3.267418,40.43929],[-3.269347,40.43734],[-3.271013,40.437231],[-3.272162,40.436603],[-3.272872,40.435155],[-3.273413,40.43252],[-3.275329,40.430072],[-3.275995,40.427366],[-3.275687,40.42631],[-3.275834,40.424537],[-3.28072,40.420532],[-3.281938,40.420629],[-3.283309,40.419538],[-3.287262,40.418048],[-3.291736,40.419786],[-3.292104,40.420993],[-3.292,40.422348],[-3.293277,40.423124],[-3.294062,40.424142],[-3.297825,40.424788],[-3.300138,40.42465],[-3.30444,40.423805],[-3.314669,40.422918],[-3.319229,40.422177],[-3.321471,40.422706],[-3.32347,40.422673],[-3.327935,40.423729],[-3.329273,40.425953],[-3.332275,40.423121],[-3.336434,40.421602],[-3.339663,40.421047],[-3.344953,40.422934],[-3.348596,40.42384],[-3.351452,40.425107],[-3.357615,40.428782],[-3.363013,40.431599],[-3.36715,40.434495],[-3.369163,40.435324],[-3.375709,40.439201],[-3.384811,40.44396],[-3.388685,40.44639],[-3.3893,40.446348],[-3.389591,40.446972],[-3.390522,40.447479],[-3.390465,40.448232],[-3.391945,40.449628],[-3.394292,40.450512],[-3.395449,40.450459],[-3.395968,40.450897],[-3.39686,40.45107],[-3.39728,40.452164],[-3.397849,40.451519],[-3.397327,40.450689],[-3.397669,40.45037],[-3.402038,40.450958],[-3.403733,40.450008],[-3.404774,40.450695],[-3.405557,40.450485],[-3.406352,40.450673],[-3.40739,40.452486],[-3.408949,40.453118],[-3.408441,40.454007],[-3.403756,40.454784],[-3.403097,40.454592],[-3.402883,40.455354],[-3.40312,40.455689],[-3.402416,40.457002],[-3.401972,40.456939],[-3.401093,40.456135],[-3.398388,40.457232],[-3.395041,40.45761],[-3.391281,40.459649],[-3.389797,40.459738],[-3.388107,40.459215],[-3.389246,40.457243],[-3.388378,40.456397],[-3.386616,40.455822],[-3.387238,40.454458],[-3.38614,40.453818],[-3.385395,40.452931],[-3.385615,40.452767],[-3.386764,40.453439],[-3.387096,40.453213],[-3.385793,40.452226],[-3.385101,40.452203],[-3.385162,40.451707],[-3.384846,40.451387],[-3.383046,40.453341],[-3.382289,40.453419],[-3.381544,40.452743],[-3.380746,40.452939],[-3.380078,40.452765],[-3.379508,40.453696],[-3.378977,40.45385],[-3.378581,40.45509],[-3.377884,40.45456],[-3.376659,40.454666],[-3.375997,40.453762],[-3.375253,40.453776],[-3.374644,40.454168],[-3.373747,40.453666],[-3.372053,40.454447],[-3.372002,40.455253],[-3.370893,40.455006],[-3.369215,40.45573],[-3.368426,40.454923],[-3.367795,40.455611],[-3.367123,40.454943],[-3.367038,40.453388],[-3.366304,40.453502],[-3.366123,40.452933],[-3.365637,40.453227],[-3.365272,40.453059],[-3.365375,40.452368],[-3.363978,40.451701],[-3.363296,40.451897],[-3.361213,40.450714],[-3.360645,40.4506],[-3.3602,40.450857],[-3.359885,40.449961],[-3.358808,40.449782],[-3.358862,40.449017],[-3.358046,40.44868],[-3.357565,40.449386],[-3.356483,40.450014],[-3.35558,40.449755],[-3.355717,40.450719],[-3.354601,40.450661],[-3.354249,40.451325],[-3.353504,40.450751],[-3.353392,40.451294],[-3.352923,40.451504],[-3.352124,40.45046],[-3.351549,40.450788],[-3.351041,40.450632],[-3.351454,40.451652],[-3.351174,40.452264],[-3.35061,40.451986],[-3.350417,40.452473],[-3.349271,40.452938],[-3.350143,40.454038],[-3.34989,40.454265],[-3.348382,40.453104],[-3.347061,40.453623],[-3.346383,40.453492],[-3.345302,40.452312],[-3.345047,40.452914],[-3.344226,40.453183],[-3.344236,40.453807],[-3.343351,40.454281],[-3.342891,40.454228],[-3.342473,40.455404],[-3.342654,40.456099],[-3.341909,40.456072],[-3.341535,40.45676],[-3.341223,40.456365],[-3.340489,40.456798],[-3.339736,40.456602],[-3.339169,40.456868],[-3.337574,40.456494],[-3.338046,40.457437],[-3.337591,40.457517],[-3.334315,40.456631],[-3.333319,40.456849],[-3.334352,40.45764],[-3.333686,40.458759],[-3.333808,40.459186],[-3.330451,40.462226],[-3.329777,40.462383],[-3.328234,40.463438],[-3.328841,40.464081],[-3.329156,40.465018],[-3.328701,40.466175],[-3.32701,40.466447],[-3.326494,40.46739],[-3.323598,40.467587],[-3.324959,40.468462],[-3.32412,40.468668],[-3.32301,40.470066],[-3.322441,40.470381],[-3.321443,40.47198],[-3.319591,40.471398],[-3.318126,40.469243],[-3.317456,40.468923],[-3.316374,40.468992],[-3.312552,40.467501],[-3.308386,40.465311],[-3.298566,40.459396],[-3.293732,40.457002],[-3.292177,40.455936],[-3.289815,40.453245],[-3.287611,40.451513],[-3.283072,40.451926],[-3.280358,40.451289],[-3.278213,40.450431],[-3.276682,40.450482],[-3.273253,40.449001],[-3.270946,40.447296],[-3.271044,40.446973],[-3.270182,40.445613],[-3.268888,40.444074],[-3.267908,40.443979],[-3.268399,40.442618],[-3.268186,40.441479],[-3.267214,40.440688]]]}},{"type":"Feature","id":"municipio-173","properties":{"nombre":"Villamanrique de Tajo","tipo":"municipio","contexto":"Comunidad de Madrid"},"geometry":{"type":"Polygon","coordinates":[[[-3.287865,40.055499],[-3.286523,40.05872],[-3.285502,40.066294],[-3.282793,40.070953],[-3.280462,40.07622],[-3.279467,40.079243],[-3.279125,40.081244],[-3.279981,40.084185],[-3.279436,40.08766],[-3.277859,40.092295],[-3.276648,40.097444],[-3.274708,40.102349],[-3.268406,40.107136],[-3.261576,40.110789],[-3.258907,40.111306],[-3.256365,40.108926],[-3.250227,40.105275],[-3.246118,40.1018],[-3.244809,40.101336],[-3.241673,40.098133],[-3.240635,40.095949],[-3.237935,40.093354],[-3.235032,40.091456],[-3.231617,40.088553],[-3.228717,40.086566],[-3.228155,40.08447],[-3.226472,40.082157],[-3.225781,40.079954],[-3.223758,40.075608],[-3.223153,40.073107],[-3.22055,40.069533],[-3.215101,40.071369],[-3.212131,40.073256],[-3.207021,40.075012],[-3.20633,40.077326],[-3.202261,40.080816],[-3.201841,40.081475],[-3.202176,40.082543],[-3.202103,40.084019],[-3.201888,40.085228],[-3.20148,40.08553],[-3.198218,40.08541],[-3.195664,40.087006],[-3.192199,40.085793],[-3.188618,40.082499],[-3.188943,40.082223],[-3.189354,40.080777],[-3.188418,40.078619],[-3.189182,40.077375],[-3.19281,40.074098],[-3.195342,40.072231],[-3.195822,40.07136],[-3.198247,40.068758],[-3.199597,40.067685],[-3.201065,40.067326],[-3.201771,40.066292],[-3.207454,40.06383],[-3.206936,40.063168],[-3.205107,40.062048],[-3.201829,40.061551],[-3.20064,40.061939],[-3.200318,40.061437],[-3.200956,40.060488],[-3.202098,40.060104],[-3.203592,40.059853],[-3.204718,40.06006],[-3.206261,40.060975],[-3.207448,40.062109],[-3.208997,40.062801],[-3.210479,40.061662],[-3.217871,40.05991],[-3.222444,40.058103],[-3.228998,40.056046],[-3.232927,40.05554],[-3.237228,40.05418],[-3.243622,40.05342],[-3.245643,40.059461],[-3.245754,40.059095],[-3.245349,40.058437],[-3.245811,40.057043],[-3.248339,40.057206],[-3.249378,40.055923],[-3.250611,40.056141],[-3.253007,40.057797],[-3.254339,40.057994],[-3.256258,40.056924],[-3.257519,40.05444],[-3.257729,40.052749],[-3.257297,40.050695],[-3.257705,40.050395],[-3.258968,40.050891],[-3.262174,40.053282],[-3.262953,40.054838],[-3.262853,40.05672],[-3.263703,40.057073],[-3.264781,40.057102],[-3.266529,40.056352],[-3.266606,40.055365],[-3.266127,40.053508],[-3.266972,40.052787],[-3.269215,40.053464],[-3.271942,40.053366],[-3.272449,40.05474],[-3.273088,40.054973],[-3.273652,40.054703],[-3.274202,40.052834],[-3.274173,40.051846],[-3.273735,40.050631],[-3.2727,40.049693],[-3.272642,40.049332],[-3.273835,40.047661],[-3.275756,40.047276],[-3.280117,40.048034],[-3.283192,40.049068],[-3.283328,40.049611],[-3.282949,40.050191],[-3.283181,40.051526],[-3.284709,40.051878],[-3.285644,40.052625],[-3.286429,40.052335],[-3.287865,40.055499]]]}},{"type":"Feature","id":"municipio-174","properties":{"nombre":"Villamanta","tipo":"municipio","contexto":"Comunidad de Madrid"},"geometry":{"type":"Polygon","coordinates":[[[-4.065976,40.33979],[-4.067066,40.338215],[-4.068406,40.337375],[-4.069111,40.33583],[-4.070104,40.335067],[-4.071108,40.334813],[-4.072489,40.332949],[-4.075908,40.329724],[-4.074971,40.32881],[-4.075489,40.326521],[-4.076134,40.325487],[-4.076222,40.324215],[-4.077173,40.322483],[-4.077257,40.321535],[-4.078897,40.31922],[-4.079768,40.318221],[-4.081493,40.317419],[-4.082319,40.314839],[-4.082508,40.312452],[-4.08219,40.311313],[-4.082553,40.309987],[-4.084764,40.304305],[-4.085476,40.30272],[-4.08605,40.302138],[-4.086521,40.299821],[-4.087731,40.298763],[-4.087368,40.294074],[-4.085749,40.29344],[-4.085525,40.292319],[-4.085734,40.291552],[-4.087595,40.289419],[-4.087907,40.287136],[-4.087699,40.283731],[-4.085827,40.279911],[-4.084589,40.278311],[-4.084209,40.274925],[-4.083547,40.272417],[-4.081462,40.270126],[-4.080925,40.268748],[-4.081014,40.267675],[-4.080455,40.26694],[-4.085746,40.255987],[-4.087141,40.254256],[-4.089624,40.252509],[-4.095198,40.247761],[-4.1006,40.246131],[-4.102331,40.243448],[-4.104272,40.241834],[-4.111217,40.244289],[-4.113828,40.243786],[-4.120746,40.243683],[-4.124503,40.246067],[-4.127528,40.246039],[-4.131467,40.248981],[-4.133243,40.248148],[-4.143728,40.24483],[-4.145769,40.245177],[-4.148434,40.24645],[-4.149297,40.247524],[-4.149733,40.24876],[-4.150725,40.249233],[-4.147179,40.255159],[-4.14651,40.256934],[-4.144924,40.258525],[-4.143991,40.264621],[-4.144725,40.264799],[-4.147224,40.266501],[-4.149319,40.26615],[-4.150377,40.267109],[-4.152141,40.267293],[-4.153536,40.268397],[-4.156192,40.269236],[-4.157648,40.270827],[-4.15896,40.27065],[-4.160617,40.269637],[-4.162919,40.269797],[-4.16451,40.270594],[-4.16517,40.271482],[-4.167217,40.272985],[-4.16753,40.274775],[-4.168049,40.275405],[-4.168877,40.277743],[-4.171266,40.280716],[-4.171321,40.281213],[-4.1725,40.282825],[-4.172621,40.284107],[-4.173239,40.28481],[-4.172485,40.2881],[-4.169005,40.28863],[-4.16757,40.28796],[-4.167146,40.290604],[-4.1677,40.292378],[-4.167213,40.293539],[-4.167479,40.294904],[-4.167335,40.29614],[-4.168125,40.299237],[-4.167726,40.301871],[-4.16678,40.304696],[-4.166389,40.308785],[-4.168662,40.313773],[-4.168942,40.316039],[-4.17015,40.31781],[-4.168692,40.319636],[-4.168643,40.320565],[-4.169008,40.321824],[-4.168792,40.322601],[-4.167916,40.323414],[-4.16472,40.328793],[-4.163937,40.32885],[-4.163151,40.32834],[-4.161316,40.328417],[-4.159674,40.327086],[-4.158612,40.32669],[-4.157785,40.326728],[-4.15626,40.327365],[-4.152888,40.327563],[-4.149388,40.327033],[-4.14621,40.32551],[-4.145976,40.323945],[-4.144175,40.323709],[-4.143486,40.322843],[-4.143022,40.322669],[-4.14082,40.323196],[-4.138691,40.322136],[-4.136477,40.322631],[-4.134681,40.323971],[-4.131756,40.324846],[-4.128205,40.323823],[-4.12756,40.322006],[-4.127001,40.321639],[-4.124979,40.322095],[-4.123119,40.321659],[-4.122325,40.322111],[-4.121313,40.324447],[-4.120109,40.324453],[-4.119043,40.325669],[-4.11769,40.326519],[-4.11625,40.32674],[-4.114937,40.32797],[-4.1132,40.327923],[-4.111444,40.328482],[-4.111159,40.328821],[-4.111583,40.33],[-4.111497,40.330488],[-4.11064,40.331204],[-4.10965,40.331555],[-4.108528,40.331351],[-4.107577,40.331637],[-4.107589,40.333842],[-4.107172,40.334102],[-4.10432,40.334586],[-4.102909,40.335853],[-4.100029,40.335204],[-4.097822,40.335199],[-4.096558,40.334466],[-4.09579,40.334364],[-4.091179,40.33832],[-4.089351,40.338563],[-4.088897,40.339339],[-4.088924,40.341119],[-4.08818,40.341147],[-4.08739,40.341888],[-4.086346,40.342166],[-4.08507,40.343013],[-4.083136,40.342144],[-4.081928,40.342215],[-4.080253,40.341598],[-4.078993,40.341732],[-4.077059,40.342814],[-4.07557,40.342503],[-4.073935,40.343013],[-4.071089,40.343314],[-4.0678,40.34215],[-4.066299,40.341055],[-4.066392,40.340557],[-4.065976,40.33979]]]}},{"type":"Feature","id":"municipio-175","properties":{"nombre":"Villamantilla","tipo":"municipio","contexto":"Comunidad de Madrid"},"geometry":{"type":"Polygon","coordinates":[[[-4.187959,40.337852],[-4.185852,40.338726],[-4.183492,40.33756],[-4.182741,40.338365],[-4.1821,40.339674],[-4.182598,40.340824],[-4.182803,40.344812],[-4.182337,40.34497],[-4.18255,40.346189],[-4.18237,40.347963],[-4.181011,40.351146],[-4.177139,40.351531],[-4.172047,40.353451],[-4.16746,40.35426],[-4.1638,40.354626],[-4.159245,40.354],[-4.157034,40.354029],[-4.155666,40.354414],[-4.154132,40.355273],[-4.151446,40.355975],[-4.150943,40.356654],[-4.151867,40.358087],[-4.152012,40.358892],[-4.151272,40.362539],[-4.147903,40.364512],[-4.145924,40.364669],[-4.143006,40.365827],[-4.141018,40.366979],[-4.137884,40.368127],[-4.136647,40.369872],[-4.13547,40.369647],[-4.134403,40.368506],[-4.134029,40.367566],[-4.133343,40.367126],[-4.128998,40.36657],[-4.126136,40.365649],[-4.125265,40.365111],[-4.12258,40.364531],[-4.120306,40.364453],[-4.118981,40.36387],[-4.11893,40.362455],[-4.118589,40.361588],[-4.11948,40.358925],[-4.118892,40.356749],[-4.113081,40.353966],[-4.112175,40.351614],[-4.112106,40.350292],[-4.111632,40.349015],[-4.110746,40.347822],[-4.109517,40.347101],[-4.110198,40.344494],[-4.108073,40.344514],[-4.105257,40.34111],[-4.105938,40.338643],[-4.102909,40.335853],[-4.10432,40.334586],[-4.106765,40.334242],[-4.107589,40.333842],[-4.107577,40.331637],[-4.108528,40.331351],[-4.10965,40.331555],[-4.11143,40.330564],[-4.111608,40.330142],[-4.111159,40.328771],[-4.111444,40.328482],[-4.1132,40.327923],[-4.114937,40.32797],[-4.11625,40.32674],[-4.11769,40.326519],[-4.119043,40.325669],[-4.120109,40.324453],[-4.121313,40.324447],[-4.122325,40.322111],[-4.123119,40.321659],[-4.124979,40.322095],[-4.127001,40.321639],[-4.12756,40.322006],[-4.128205,40.323823],[-4.131756,40.324846],[-4.134681,40.323971],[-4.136477,40.322631],[-4.138691,40.322136],[-4.14082,40.323196],[-4.143022,40.322669],[-4.143486,40.322843],[-4.144175,40.323709],[-4.145976,40.323945],[-4.14621,40.32551],[-4.149388,40.327033],[-4.152888,40.327563],[-4.15626,40.327365],[-4.157785,40.326728],[-4.158612,40.32669],[-4.159674,40.327086],[-4.161316,40.328417],[-4.163151,40.32834],[-4.163852,40.32882],[-4.164581,40.328848],[-4.167916,40.323414],[-4.168792,40.322601],[-4.169008,40.321824],[-4.168624,40.319936],[-4.169679,40.318396],[-4.170559,40.319346],[-4.171403,40.319625],[-4.171806,40.320612],[-4.176067,40.325279],[-4.176928,40.326832],[-4.182099,40.32896],[-4.184318,40.331299],[-4.187959,40.337852]]]}},{"type":"Feature","id":"municipio-178","properties":{"nombre":"Villanueva de Perales","tipo":"municipio","contexto":"Comunidad de Madrid"},"geometry":{"type":"Polygon","coordinates":[[[-4.136647,40.369872],[-4.13588,40.371129],[-4.134359,40.371857],[-4.132791,40.373043],[-4.130783,40.373863],[-4.127078,40.376787],[-4.124627,40.378171],[-4.123537,40.378474],[-4.121938,40.377693],[-4.120569,40.378175],[-4.11873,40.380446],[-4.115488,40.386644],[-4.111359,40.390001],[-4.113587,40.396863],[-4.113514,40.400817],[-4.113022,40.402484],[-4.109203,40.402637],[-4.107712,40.403415],[-4.103101,40.403873],[-4.101453,40.40307],[-4.099946,40.403004],[-4.099104,40.402098],[-4.098905,40.402769],[-4.096984,40.403227],[-4.095123,40.403042],[-4.092714,40.401428],[-4.089216,40.402018],[-4.086949,40.399865],[-4.085293,40.400546],[-4.085057,40.400939],[-4.084008,40.401014],[-4.083401,40.400554],[-4.082109,40.398548],[-4.081085,40.398836],[-4.079111,40.398188],[-4.077484,40.398488],[-4.076126,40.39822],[-4.075214,40.398596],[-4.074022,40.398602],[-4.073308,40.398097],[-4.072477,40.398043],[-4.07188,40.397464],[-4.070979,40.397428],[-4.07033,40.396998],[-4.06936,40.396834],[-4.069144,40.396009],[-4.067567,40.395976],[-4.067208,40.395102],[-4.066438,40.394804],[-4.066487,40.394372],[-4.065951,40.393989],[-4.064245,40.393893],[-4.063818,40.393094],[-4.063994,40.392216],[-4.061259,40.391291],[-4.059396,40.390118],[-4.057286,40.389641],[-4.056984,40.388362],[-4.054753,40.388299],[-4.054689,40.388923],[-4.053823,40.389568],[-4.05162,40.389355],[-4.051299,40.38893],[-4.050239,40.388556],[-4.049153,40.388601],[-4.047408,40.388142],[-4.046504,40.388321],[-4.041034,40.38505],[-4.03951,40.382277],[-4.035841,40.379744],[-4.03516,40.378374],[-4.037885,40.378422],[-4.038369,40.379372],[-4.038431,40.380237],[-4.039756,40.380453],[-4.040717,40.38109],[-4.040884,40.37967],[-4.041247,40.379073],[-4.042258,40.379061],[-4.044438,40.378347],[-4.045715,40.377371],[-4.049844,40.378988],[-4.054498,40.37533],[-4.057002,40.376008],[-4.058708,40.375079],[-4.06169,40.37153],[-4.06171,40.370704],[-4.062209,40.369974],[-4.064249,40.367718],[-4.064964,40.367569],[-4.066899,40.365408],[-4.068832,40.364492],[-4.070982,40.362841],[-4.071266,40.361107],[-4.070309,40.360678],[-4.070803,40.359947],[-4.073795,40.358505],[-4.07585,40.358105],[-4.076531,40.358252],[-4.076669,40.357718],[-4.076174,40.355515],[-4.075271,40.355954],[-4.074426,40.354063],[-4.074841,40.352294],[-4.075848,40.351423],[-4.075596,40.350347],[-4.075762,40.349604],[-4.074891,40.347604],[-4.075339,40.346587],[-4.075248,40.344391],[-4.074596,40.344146],[-4.074229,40.342946],[-4.07557,40.342503],[-4.077059,40.342814],[-4.078993,40.341732],[-4.080253,40.341598],[-4.081928,40.342215],[-4.082992,40.342103],[-4.084278,40.342825],[-4.08517,40.342981],[-4.086346,40.342166],[-4.08739,40.341888],[-4.08818,40.341147],[-4.088924,40.341119],[-4.088897,40.339339],[-4.089351,40.338563],[-4.091179,40.33832],[-4.09579,40.334364],[-4.096558,40.334466],[-4.097822,40.335199],[-4.100029,40.335204],[-4.102909,40.335853],[-4.105938,40.338643],[-4.105257,40.34111],[-4.108073,40.344514],[-4.110198,40.344494],[-4.109517,40.347101],[-4.110746,40.347822],[-4.111632,40.349015],[-4.112106,40.350292],[-4.112175,40.351614],[-4.113081,40.353966],[-4.118892,40.356749],[-4.11948,40.358925],[-4.118589,40.361588],[-4.119026,40.363915],[-4.120306,40.364453],[-4.12258,40.364531],[-4.125265,40.365111],[-4.126136,40.365649],[-4.128998,40.36657],[-4.133343,40.367126],[-4.134029,40.367566],[-4.134403,40.368506],[-4.13547,40.369647],[-4.136647,40.369872]]]}},{"type":"Feature","id":"municipio-176","properties":{"nombre":"Villanueva de la Cañada","tipo":"municipio","contexto":"Comunidad de Madrid"},"geometry":{"type":"Polygon","coordinates":[[[-4.04347,40.453364],[-4.043297,40.45614],[-4.041642,40.456479],[-4.040835,40.458141],[-4.039788,40.459109],[-4.037122,40.459309],[-4.036331,40.458939],[-4.035451,40.459483],[-4.03393,40.458013],[-4.032427,40.458756],[-4.030062,40.459303],[-4.028953,40.459003],[-4.027818,40.459676],[-4.027434,40.461314],[-4.026627,40.462529],[-4.025552,40.462415],[-4.024165,40.463271],[-4.021333,40.46702],[-4.014783,40.470775],[-4.010008,40.471694],[-4.009336,40.470936],[-4.008972,40.470952],[-4.006844,40.471929],[-4.002748,40.472834],[-4.001622,40.472577],[-4.000737,40.47276],[-3.997239,40.472098],[-3.997165,40.472461],[-3.99328,40.472651],[-3.992679,40.471966],[-3.990451,40.471046],[-3.990163,40.470804],[-3.990306,40.469809],[-3.989976,40.469489],[-3.988378,40.469195],[-3.987715,40.4687],[-3.987742,40.46782],[-3.98739,40.467135],[-3.985241,40.46631],[-3.984641,40.465537],[-3.984679,40.464075],[-3.982358,40.462777],[-3.98159,40.461601],[-3.980594,40.461295],[-3.980611,40.460608],[-3.979606,40.460027],[-3.979708,40.458448],[-3.978164,40.457558],[-3.977502,40.456801],[-3.977721,40.455131],[-3.976525,40.453518],[-3.975918,40.454171],[-3.975534,40.455566],[-3.973869,40.458375],[-3.971951,40.459706],[-3.967492,40.461698],[-3.964083,40.465161],[-3.961065,40.466811],[-3.960101,40.466661],[-3.960117,40.467603],[-3.95945,40.469406],[-3.957512,40.469284],[-3.956078,40.470054],[-3.955012,40.470246],[-3.949169,40.470546],[-3.947855,40.473345],[-3.947128,40.477977],[-3.944807,40.478629],[-3.944612,40.481519],[-3.943512,40.483538],[-3.942823,40.483819],[-3.942751,40.48472],[-3.938999,40.483777],[-3.938038,40.483126],[-3.938148,40.484432],[-3.93699,40.484486],[-3.937028,40.482856],[-3.936152,40.47936],[-3.936519,40.477844],[-3.938052,40.476595],[-3.938451,40.473628],[-3.937392,40.470535],[-3.937233,40.468743],[-3.93678,40.468067],[-3.938532,40.46656],[-3.939695,40.465016],[-3.938847,40.463159],[-3.938555,40.461578],[-3.940698,40.459349],[-3.944541,40.456897],[-3.944884,40.456286],[-3.944666,40.455811],[-3.944953,40.45441],[-3.94551,40.452948],[-3.946452,40.452104],[-3.948472,40.451462],[-3.949303,40.450407],[-3.94925,40.446965],[-3.951237,40.445378],[-3.950183,40.442198],[-3.950188,40.441374],[-3.95221,40.438994],[-3.952566,40.438172],[-3.951104,40.435455],[-3.952308,40.43134],[-3.95215,40.430365],[-3.952508,40.426406],[-3.951874,40.425264],[-3.948539,40.42342],[-3.947387,40.422447],[-3.946715,40.421401],[-3.947112,40.419565],[-3.948251,40.417821],[-3.949459,40.41463],[-3.948544,40.412877],[-3.94835,40.411264],[-3.947393,40.409743],[-3.94691,40.40804],[-3.951866,40.407695],[-3.952994,40.408188],[-3.956262,40.410463],[-3.958143,40.411397],[-3.961802,40.41255],[-3.96942,40.417013],[-3.976933,40.425708],[-3.978078,40.429099],[-3.978077,40.430245],[-3.979029,40.431561],[-3.978676,40.432657],[-3.979693,40.436277],[-3.98163,40.434965],[-3.982971,40.435668],[-3.984411,40.433703],[-3.9855,40.432714],[-3.985799,40.431723],[-3.988332,40.433311],[-3.991367,40.431672],[-3.995805,40.430945],[-3.998602,40.43176],[-4.002434,40.432097],[-4.002472,40.432789],[-4.004469,40.432677],[-4.005964,40.434315],[-4.007943,40.435465],[-4.015151,40.435746],[-4.01975,40.433724],[-4.02189,40.429591],[-4.024589,40.429708],[-4.026452,40.428976],[-4.026023,40.428222],[-4.027823,40.428462],[-4.027185,40.429545],[-4.029772,40.430953],[-4.028945,40.431734],[-4.030616,40.433064],[-4.031544,40.434226],[-4.031673,40.437209],[-4.032954,40.439521],[-4.030418,40.442117],[-4.032417,40.444115],[-4.034135,40.442663],[-4.037787,40.444943],[-4.041732,40.448702],[-4.043406,40.452655],[-4.04347,40.453364]]]}},{"type":"Feature","id":"municipio-177","properties":{"nombre":"Villanueva del Pardillo","tipo":"municipio","contexto":"Comunidad de Madrid"},"geometry":{"type":"Polygon","coordinates":[[[-4.001351,40.486788],[-4.0009,40.487472],[-4.001206,40.487969],[-3.999819,40.488316],[-4.000267,40.489306],[-3.999753,40.489511],[-3.999037,40.490956],[-3.998506,40.491258],[-3.9986,40.49257],[-3.998141,40.493033],[-3.998274,40.493562],[-3.997611,40.49349],[-3.997406,40.493949],[-3.997056,40.493648],[-3.996445,40.494072],[-3.996286,40.497759],[-3.99534,40.499093],[-3.995531,40.499524],[-3.995141,40.500383],[-3.995663,40.501588],[-3.994947,40.5018],[-3.990748,40.505455],[-3.987969,40.508945],[-3.986934,40.51121],[-3.986742,40.51359],[-3.984586,40.516638],[-3.98268,40.517301],[-3.974876,40.518363],[-3.973459,40.518114],[-3.971272,40.518199],[-3.969345,40.519023],[-3.96778,40.518763],[-3.966434,40.518941],[-3.965068,40.518069],[-3.964525,40.518054],[-3.963687,40.517185],[-3.963661,40.51683],[-3.962497,40.515916],[-3.960519,40.515981],[-3.95964,40.515563],[-3.958968,40.516009],[-3.958397,40.515512],[-3.957807,40.515441],[-3.957441,40.515041],[-3.957191,40.515243],[-3.956821,40.514746],[-3.956033,40.514526],[-3.95543,40.513762],[-3.954243,40.513834],[-3.953908,40.512576],[-3.952876,40.511985],[-3.952275,40.511958],[-3.952059,40.511278],[-3.951335,40.511897],[-3.951103,40.510775],[-3.950405,40.510075],[-3.948875,40.51037],[-3.946368,40.509541],[-3.945732,40.508995],[-3.945164,40.50987],[-3.944819,40.509591],[-3.945309,40.508848],[-3.945107,40.508532],[-3.942361,40.507891],[-3.940078,40.508466],[-3.939045,40.507981],[-3.936911,40.509125],[-3.935762,40.50912],[-3.935615,40.507807],[-3.935044,40.506979],[-3.934899,40.505725],[-3.934335,40.504777],[-3.935071,40.502408],[-3.93377,40.501011],[-3.93374,40.500077],[-3.935015,40.498946],[-3.935654,40.497905],[-3.936089,40.495084],[-3.936905,40.493065],[-3.936058,40.491349],[-3.935929,40.490163],[-3.935987,40.489284],[-3.936519,40.488451],[-3.93678,40.484796],[-3.93699,40.484486],[-3.938148,40.484432],[-3.938038,40.483126],[-3.938999,40.483777],[-3.942751,40.48472],[-3.942823,40.483819],[-3.943512,40.483538],[-3.944612,40.481519],[-3.944807,40.478629],[-3.947128,40.477977],[-3.947855,40.473345],[-3.949169,40.470546],[-3.955012,40.470246],[-3.956078,40.470054],[-3.957512,40.469284],[-3.95945,40.469406],[-3.960117,40.467603],[-3.960101,40.466661],[-3.961065,40.466811],[-3.964083,40.465161],[-3.967492,40.461698],[-3.971951,40.459706],[-3.973869,40.458375],[-3.975534,40.455566],[-3.975918,40.454171],[-3.976525,40.453518],[-3.977721,40.455131],[-3.977502,40.456801],[-3.978164,40.457558],[-3.979708,40.458448],[-3.979606,40.460027],[-3.980611,40.460608],[-3.980594,40.461295],[-3.98159,40.461601],[-3.982358,40.462777],[-3.984679,40.464075],[-3.984641,40.465537],[-3.985241,40.46631],[-3.98739,40.467135],[-3.987846,40.468864],[-3.988378,40.469195],[-3.989881,40.469412],[-3.990334,40.469919],[-3.990163,40.470804],[-3.993151,40.472363],[-3.99328,40.472651],[-3.992114,40.474776],[-3.993583,40.475495],[-3.995122,40.477981],[-3.997293,40.479006],[-3.997202,40.479498],[-3.99755,40.480223],[-3.998001,40.480475],[-3.998963,40.480282],[-3.999302,40.480468],[-3.999551,40.481441],[-4.000331,40.482692],[-4.000216,40.485191],[-4.001104,40.485624],[-4.000715,40.486337],[-4.001351,40.486788]]]}},{"type":"Feature","id":"municipio-179","properties":{"nombre":"Villar del Olmo","tipo":"municipio","contexto":"Comunidad de Madrid"},"geometry":{"type":"Polygon","coordinates":[[[-3.288196,40.332714],[-3.287515,40.333978],[-3.282343,40.340054],[-3.280136,40.34381],[-3.279181,40.344705],[-3.278502,40.346183],[-3.272659,40.346437],[-3.269417,40.347148],[-3.269288,40.346832],[-3.268467,40.346966],[-3.248766,40.351422],[-3.248255,40.351648],[-3.247599,40.352545],[-3.247427,40.353285],[-3.244867,40.354574],[-3.243655,40.354739],[-3.243323,40.354542],[-3.242286,40.355241],[-3.241975,40.355529],[-3.241285,40.358008],[-3.236685,40.356457],[-3.234416,40.357722],[-3.233942,40.358339],[-3.231534,40.358631],[-3.230137,40.358092],[-3.22995,40.357616],[-3.225867,40.356015],[-3.224726,40.354257],[-3.223292,40.353866],[-3.22299,40.352876],[-3.21917,40.350801],[-3.211944,40.347107],[-3.20454,40.344023],[-3.202256,40.340789],[-3.20066,40.340023],[-3.200624,40.339325],[-3.199194,40.337414],[-3.199821,40.336435],[-3.199619,40.335793],[-3.200051,40.335041],[-3.199389,40.333737],[-3.19991,40.333139],[-3.199855,40.332321],[-3.200311,40.331729],[-3.199857,40.331175],[-3.201765,40.328975],[-3.201851,40.327558],[-3.203311,40.325222],[-3.204364,40.320803],[-3.206595,40.317854],[-3.207443,40.317259],[-3.208825,40.316852],[-3.210485,40.314081],[-3.212253,40.314018],[-3.213696,40.313144],[-3.216266,40.312882],[-3.222864,40.313483],[-3.225905,40.314613],[-3.232424,40.312276],[-3.240396,40.310071],[-3.250061,40.306092],[-3.252134,40.303479],[-3.260323,40.310659],[-3.268226,40.318451],[-3.275707,40.32439],[-3.279154,40.327583],[-3.284917,40.331536],[-3.286538,40.331797],[-3.288196,40.332714]]]}},{"type":"Feature","id":"municipio-180","properties":{"nombre":"Villarejo de Salvanés","tipo":"municipio","contexto":"Comunidad de Madrid"},"geometry":{"type":"Polygon","coordinates":[[[-3.197705,40.156141],[-3.198902,40.154766],[-3.200278,40.151685],[-3.20061,40.149711],[-3.199673,40.146331],[-3.199777,40.142771],[-3.200561,40.139133],[-3.202333,40.135578],[-3.203051,40.132423],[-3.203174,40.130142],[-3.203263,40.127895],[-3.201946,40.120464],[-3.204463,40.115416],[-3.204597,40.10926],[-3.202267,40.106815],[-3.201202,40.096984],[-3.201873,40.095421],[-3.201226,40.089319],[-3.200742,40.088058],[-3.201036,40.085587],[-3.201847,40.085303],[-3.202078,40.084291],[-3.202176,40.082543],[-3.201811,40.08154],[-3.202261,40.080816],[-3.20633,40.077326],[-3.206642,40.076663],[-3.206624,40.075769],[-3.207131,40.07492],[-3.212131,40.073256],[-3.214659,40.07155],[-3.22055,40.069533],[-3.223153,40.073107],[-3.223758,40.075608],[-3.225781,40.079954],[-3.226472,40.082157],[-3.228155,40.08447],[-3.228717,40.086566],[-3.231617,40.088553],[-3.235032,40.091456],[-3.237935,40.093354],[-3.240635,40.095949],[-3.241673,40.098133],[-3.244809,40.101336],[-3.246118,40.1018],[-3.250227,40.105275],[-3.256365,40.108926],[-3.258907,40.111306],[-3.261576,40.110789],[-3.263729,40.109841],[-3.268406,40.107136],[-3.274708,40.102349],[-3.276648,40.097444],[-3.277859,40.092295],[-3.279436,40.08766],[-3.279981,40.084185],[-3.279125,40.081244],[-3.279467,40.079243],[-3.280462,40.07622],[-3.282793,40.070953],[-3.285502,40.066294],[-3.286523,40.05872],[-3.287865,40.055499],[-3.286429,40.052335],[-3.287178,40.051571],[-3.28897,40.051844],[-3.290009,40.052743],[-3.291665,40.052178],[-3.297509,40.0517],[-3.302494,40.053314],[-3.30807,40.060668],[-3.310783,40.066197],[-3.310788,40.067338],[-3.31179,40.068255],[-3.315643,40.070243],[-3.319098,40.074189],[-3.322455,40.076069],[-3.323453,40.076219],[-3.325669,40.077469],[-3.327747,40.079135],[-3.334418,40.081052],[-3.345026,40.080107],[-3.3465,40.082633],[-3.347312,40.085102],[-3.349865,40.090682],[-3.349534,40.093054],[-3.348881,40.09441],[-3.348956,40.096575],[-3.348625,40.097785],[-3.345784,40.099736],[-3.342403,40.102678],[-3.340978,40.10446],[-3.337114,40.106687],[-3.333739,40.110814],[-3.332415,40.111216],[-3.331879,40.112741],[-3.330644,40.114066],[-3.327423,40.115909],[-3.325979,40.116312],[-3.32346,40.119804],[-3.31465,40.127907],[-3.311348,40.129936],[-3.309891,40.131152],[-3.307563,40.131815],[-3.296616,40.131311],[-3.303815,40.150614],[-3.311612,40.161532],[-3.31657,40.171496],[-3.320356,40.177984],[-3.319676,40.178903],[-3.313679,40.183102],[-3.306801,40.185212],[-3.300061,40.18817],[-3.291929,40.196647],[-3.284293,40.202891],[-3.28151,40.206988],[-3.278855,40.209622],[-3.276429,40.210621],[-3.270434,40.214779],[-3.270691,40.208218],[-3.269414,40.200828],[-3.262055,40.194919],[-3.257247,40.189766],[-3.24631,40.182437],[-3.237531,40.18005],[-3.223618,40.184837],[-3.220365,40.18096],[-3.218701,40.174346],[-3.219831,40.171069],[-3.219799,40.169059],[-3.218442,40.163905],[-3.213478,40.159645],[-3.205039,40.156323],[-3.197705,40.156141]]]}},{"type":"Feature","id":"municipio-181","properties":{"nombre":"Villaviciosa de Odón","tipo":"municipio","contexto":"Comunidad de Madrid"},"geometry":{"type":"Polygon","coordinates":[[[-3.866385,40.374182],[-3.868571,40.374314],[-3.868545,40.372984],[-3.869457,40.373255],[-3.871716,40.372906],[-3.877882,40.373245],[-3.877996,40.371442],[-3.879135,40.369934],[-3.876052,40.364239],[-3.873741,40.363089],[-3.873816,40.362211],[-3.87187,40.360304],[-3.870586,40.358473],[-3.870415,40.356705],[-3.870924,40.353118],[-3.873093,40.352963],[-3.879786,40.353654],[-3.881089,40.354024],[-3.88595,40.352623],[-3.896539,40.348888],[-3.898662,40.349503],[-3.903396,40.346655],[-3.905742,40.344468],[-3.913426,40.34282],[-3.916434,40.34045],[-3.917866,40.338805],[-3.922518,40.339858],[-3.934544,40.337825],[-3.932434,40.333967],[-3.932404,40.333469],[-3.933815,40.332011],[-3.934642,40.330305],[-3.93973,40.327671],[-3.940969,40.326329],[-3.943845,40.324592],[-3.94537,40.323162],[-3.944211,40.322016],[-3.942658,40.317824],[-3.944649,40.312295],[-3.945165,40.309353],[-3.944758,40.308607],[-3.942071,40.306067],[-3.941561,40.305253],[-3.941352,40.303495],[-3.941508,40.300164],[-3.944034,40.300744],[-3.947019,40.300623],[-3.949198,40.301388],[-3.952613,40.303506],[-3.957309,40.304902],[-3.959324,40.306718],[-3.96092,40.308832],[-3.963277,40.310605],[-3.966097,40.313918],[-3.967059,40.315799],[-3.96834,40.31706],[-3.970536,40.320612],[-3.97396,40.321681],[-3.97827,40.324086],[-3.981701,40.32373],[-3.990572,40.327378],[-3.992728,40.3294],[-3.996933,40.331146],[-3.997146,40.331972],[-3.99885,40.332083],[-4.002917,40.333131],[-4.004339,40.335697],[-4.006453,40.33778],[-4.006388,40.339388],[-4.003841,40.34114],[-4.003285,40.341804],[-4.00172,40.342015],[-3.999017,40.34339],[-3.998097,40.343439],[-3.998589,40.347836],[-3.999229,40.349376],[-3.999313,40.350597],[-4.000723,40.352712],[-4.003378,40.354909],[-4.003197,40.356315],[-4.003403,40.358],[-4.002185,40.358147],[-4.005283,40.359294],[-4.000757,40.362148],[-3.996219,40.36333],[-3.990944,40.363734],[-3.980848,40.369944],[-3.9777,40.368917],[-3.977023,40.369129],[-3.975782,40.368112],[-3.974475,40.368517],[-3.97339,40.368107],[-3.973149,40.368379],[-3.971632,40.368489],[-3.970771,40.369057],[-3.969482,40.368984],[-3.969739,40.369501],[-3.969459,40.369874],[-3.967624,40.369267],[-3.966885,40.369468],[-3.96707,40.370303],[-3.964657,40.370307],[-3.964052,40.370618],[-3.963222,40.370274],[-3.962489,40.370599],[-3.961412,40.369988],[-3.95957,40.369887],[-3.958823,40.369255],[-3.958131,40.369533],[-3.957587,40.36914],[-3.956846,40.369226],[-3.956364,40.36843],[-3.955269,40.368815],[-3.954161,40.368338],[-3.953078,40.368808],[-3.952092,40.368847],[-3.95056,40.367844],[-3.948871,40.368333],[-3.946054,40.370866],[-3.944944,40.372785],[-3.943941,40.376059],[-3.945447,40.377346],[-3.946537,40.378949],[-3.94668,40.380228],[-3.947453,40.382096],[-3.947669,40.384745],[-3.950066,40.387213],[-3.950702,40.388296],[-3.950914,40.389385],[-3.949326,40.391734],[-3.946689,40.393532],[-3.945789,40.394858],[-3.945317,40.396155],[-3.946009,40.399471],[-3.945952,40.400893],[-3.946383,40.402799],[-3.946272,40.404986],[-3.946943,40.40837],[-3.947393,40.409743],[-3.948322,40.411183],[-3.9484,40.412487],[-3.948994,40.41378],[-3.941429,40.415338],[-3.938173,40.414973],[-3.929494,40.412036],[-3.926537,40.409674],[-3.921504,40.407102],[-3.913905,40.406675],[-3.91054,40.405969],[-3.90693,40.403857],[-3.900155,40.400518],[-3.891391,40.397808],[-3.888683,40.395475],[-3.887078,40.394485],[-3.885424,40.390625],[-3.887371,40.390208],[-3.887163,40.389128],[-3.886191,40.388493],[-3.883534,40.38807],[-3.878667,40.384239],[-3.871957,40.381542],[-3.869672,40.379877],[-3.867598,40.377684],[-3.866385,40.374182]]]}},{"type":"Feature","id":"municipio-182","properties":{"nombre":"Villavieja del Lozoya","tipo":"municipio","contexto":"Comunidad de Madrid"},"geometry":{"type":"Polygon","coordinates":[[[-3.755544,41.027931],[-3.753253,41.031661],[-3.749899,41.03533],[-3.748253,41.036673],[-3.747784,41.037981],[-3.745846,41.040569],[-3.743086,41.04536],[-3.739001,41.049714],[-3.740455,41.05364],[-3.730568,41.061424],[-3.725624,41.062501],[-3.721423,41.065032],[-3.716793,41.062653],[-3.710181,41.058345],[-3.707379,41.053916],[-3.707277,41.051395],[-3.697969,41.040135],[-3.688505,41.031246],[-3.687614,41.029269],[-3.686711,41.028868],[-3.683496,41.029469],[-3.683198,41.027875],[-3.681137,41.027479],[-3.678528,41.025511],[-3.677176,41.023863],[-3.673545,41.021686],[-3.673247,41.021851],[-3.672804,41.020878],[-3.672561,41.019243],[-3.671419,41.01757],[-3.670234,41.01486],[-3.669348,41.013455],[-3.667079,41.011097],[-3.665067,41.010008],[-3.661374,41.009566],[-3.659088,41.008635],[-3.657596,41.007596],[-3.655416,41.007758],[-3.654148,41.007487],[-3.654214,41.007268],[-3.655852,41.007466],[-3.656299,41.005707],[-3.657438,41.00373],[-3.659138,41.003417],[-3.661071,41.003696],[-3.661056,41.003284],[-3.659742,41.002752],[-3.658224,41.001641],[-3.657858,41.000886],[-3.65665,41.000118],[-3.655108,40.999901],[-3.654433,40.999267],[-3.651171,40.997707],[-3.65177,40.997627],[-3.65156,40.997116],[-3.652149,40.996462],[-3.6549,40.994843],[-3.659315,40.994547],[-3.661685,40.995255],[-3.665592,40.995329],[-3.666344,40.995747],[-3.671204,40.993491],[-3.672706,40.991831],[-3.673939,40.990826],[-3.674693,40.990575],[-3.676175,40.992361],[-3.676543,40.99327],[-3.679324,40.992099],[-3.681908,40.993462],[-3.686251,40.996849],[-3.686504,40.99723],[-3.686485,40.998206],[-3.687254,40.998829],[-3.688075,40.998625],[-3.689135,40.999703],[-3.690907,41.003579],[-3.70015,41.010732],[-3.702462,41.015355],[-3.710909,41.022012],[-3.711918,41.02666],[-3.731189,41.03085],[-3.748644,41.036133],[-3.755544,41.027931]]]}},{"type":"Feature","id":"municipio-183","properties":{"nombre":"Zarzalejo","tipo":"municipio","contexto":"Comunidad de Madrid"},"geometry":{"type":"Polygon","coordinates":[[[-4.144808,40.532519],[-4.148384,40.533096],[-4.152464,40.531908],[-4.152997,40.531994],[-4.154372,40.531254],[-4.155702,40.530941],[-4.164602,40.529744],[-4.175537,40.53013],[-4.177799,40.528804],[-4.179363,40.528152],[-4.18262,40.527421],[-4.185442,40.525794],[-4.189901,40.523946],[-4.195851,40.522473],[-4.20106,40.521722],[-4.203191,40.515507],[-4.202758,40.513554],[-4.202976,40.512097],[-4.208399,40.511332],[-4.208821,40.511675],[-4.210314,40.512006],[-4.210755,40.512519],[-4.210725,40.513497],[-4.211962,40.515682],[-4.212028,40.516595],[-4.212859,40.518384],[-4.211929,40.52249],[-4.21202,40.526785],[-4.211249,40.529688],[-4.20955,40.532863],[-4.209262,40.534403],[-4.208005,40.535994],[-4.207284,40.537583],[-4.204244,40.541173],[-4.201817,40.54481],[-4.201158,40.547107],[-4.200428,40.548143],[-4.199634,40.553547],[-4.19681,40.559025],[-4.195713,40.559645],[-4.194128,40.559995],[-4.192936,40.5608],[-4.189632,40.561396],[-4.187947,40.563512],[-4.185281,40.565085],[-4.181541,40.566607],[-4.180241,40.567939],[-4.176772,40.570225],[-4.174119,40.570819],[-4.170653,40.570799],[-4.167253,40.571178],[-4.166155,40.570768],[-4.164157,40.568311],[-4.163416,40.566429],[-4.163927,40.565575],[-4.164004,40.563029],[-4.162674,40.562504],[-4.160002,40.562722],[-4.159069,40.561814],[-4.1568,40.561927],[-4.15408,40.560944],[-4.153103,40.559036],[-4.151451,40.557636],[-4.15183,40.557395],[-4.151862,40.555626],[-4.150999,40.554416],[-4.150242,40.554302],[-4.149738,40.552471],[-4.150326,40.551498],[-4.150501,40.550265],[-4.149235,40.546496],[-4.148874,40.542799],[-4.149509,40.542073],[-4.15019,40.539885],[-4.148135,40.539365],[-4.147763,40.538356],[-4.145241,40.535711],[-4.144808,40.532519]]]}}]}
